Account length,Area code,International plan,Voice mail plan,Number vmail messages,Total day minutes,Total day calls,Total eve minutes,Total eve calls,Total night minutes,Total night calls,Total intl minutes,Total intl calls,Customer service calls
0.03330279499438346,415,0,0,-0.5831425816831967,1.6883803564849968,-1.009029055334997,-0.5621701772898735,1.6398507264775783,-0.6241701046792836,0.23820763541579942,0.025481256859449554,0.21438814578240092,-0.4347015513594548
1.4230130231229976,408,0,0,-0.5831425816831967,1.1184321417350904,-1.655453235296275,-0.932862202170322,-0.11155782419379576,0.9468265877257335,-1.4668830551238266,-0.010095717354267989,0.6239540300190308,0.32682984346253174
-0.5478487549503097,415,0,0,-0.5831425816831967,-0.655969743667529,-0.5117796861340137,-1.268436035219991,-0.4618395343280706,0.22629427015651538,1.478273592171891,0.9860595606298093,-0.19517773845422887,-0.4347015513594548
0.7913265557918093,408,0,0,-0.5831425816831967,-0.17824615913605443,0.33354424150765755,0.16750780852743036,1.0393677948188216,0.1022682154929612,-1.1051971510699665,0.45240494742405374,-1.0143095069274886,-0.4347015513594548
-0.14356941585834926,408,0,0,-0.5831425816831967,1.0796977970433492,-1.7549031091364715,-0.265616557385515,-0.11155782419379576,-0.21468725753612103,0.754901784064171,0.5591358700652052,-0.19517773845422887,1.8498926331065049
-1.0026630114287651,408,0,0,-0.5831425816831967,-2.48201742199247,0.3832691784277559,-0.9660293833438356,-1.3125236875113093,-0.9450629127770498,-0.33015592809740923,-0.15240361420913565,0.6239540300190308,0.32682984346253174
0.589186886245829,415,0,0,-0.5831425816831967,0.16482946527651016,-1.1582038660952918,-0.3670691115633217,1.1394482834286144,0.3404769871483584,1.3749347624422168,-1.4687516601166664,0.6239540300190308,-0.4347015513594548
1.145070977497275,415,0,1,1.7923243094533214,-0.4715204832306663,-1.009029055334997,-0.29878373855902857,-0.4618395343280706,-1.03759028689113,0.34154646514547377,-0.7216352016286087,-0.19517773845422887,1.0883612382845183
-0.8005233418827851,510,0,0,-0.5831425816831967,0.28656597716483945,-0.46205474921391537,1.1839843609627654,-2.163207840694548,0.056988862203092634,-0.5368335875567578,0.4168279732103368,0.21438814578240092,-1.1962329461814414
-2.316570863477637,415,0,1,2.3119576918894347,0.6370195719948787,0.3832691784277559,-0.6167984756933083,0.7391263289894431,-0.22059326013914762,0.8582406137938453,-0.045672691567984904,-0.6047436226908586,-0.4347015513594548
-0.017232122392111596,510,0,0,-0.5831425816831967,1.2586135796671065,0.8307936107086407,-1.3815946533413912,-0.261678557108485,-1.311235074164685,1.2715959327125426,-1.18413586640693,-1.0143095069274886,-0.4347015513594548
-0.7247209658030425,408,0,0,-0.5831425816831967,0.006203101300808302,0.6318938630282475,-0.9952945432028184,0.5890055960747539,-0.6438567800227047,-1.1051971510699665,-0.15240361420913565,1.0335199142556606,0.32682984346253174
-0.9268606353490226,510,0,0,-0.5831425816831967,0.6886653649172004,-1.1084789291751935,0.19872397904367856,0.7391263289894431,-0.41549134603901766,0.8065711989290081,0.4168279732103368,0.21438814578240092,1.0883612382845183
-0.9773955527355177,415,0,0,-0.5831425816831967,-1.720241976388227,-0.8101293076546036,0.739153931106227,-0.06151757988889935,0.7381478290854683,-1.1051971510699665,0.8081746895612241,-1.4238753911641184,0.32682984346253174
-0.6741860484165474,415,0,0,-0.5831425816831967,0.15007352444156094,1.3280429799096236,-0.729957093814708,2.3904543910510245,-0.09656720547559344,-0.33015592809740923,-0.4014424337051553,0.21438814578240092,-1.1962329461814414
-0.2951741680178344,415,0,1,1.569624288409273,-0.29629368581564675,-1.009029055334997,1.4434687783790794,1.7899714593922678,3.563185740866419,2.4083230597389598,-0.9706740211246278,0.21438814578240092,0.32682984346253174
0.3870472166998489,510,0,1,0.3076575024929977,0.7642895616963141,0.3832691784277559,-0.9718824153156324,0.8892470619041323,-0.43124068631375495,-1.0535277362051294,-0.43701940791887217,0.6239540300190308,0.32682984346253174
0.10910517107412605,408,0,0,-0.5831425816831967,1.6846913712762588,-0.11398019077322721,0.49527759894803713,0.48892510746496104,-0.43517802138243894,-2.086916033501873,-0.508173356346306,0.21438814578240092,-1.1962329461814414
-1.331139974440983,415,0,1,2.0892576708453863,0.9468943295288084,-0.41232981229381704,-0.6480146462095565,1.0393677948188216,1.3602467699375802,-0.6918418321512693,-0.9350970469109109,-0.19517773845422887,1.0883612382845183
-0.85105825926928,415,0,1,1.643857628757289,-0.9215766786966114,0.33354424150765755,0.6279463236420926,0.18868364163558266,1.8917870042099543,-0.3818253429622464,1.5197141738355648,0.21438814578240092,-0.4347015513594548
0.26070992323361125,408,0,0,-0.5831425816831967,2.1236806111159923,-0.5117796861340137,1.8297688885176522,-1.4126041761211021,1.16534868403771,1.0649182732531939,0.2033661279280347,-0.6047436226908586,-0.4347015513594548
1.726222527441968,415,0,0,-0.5831425816831967,-0.0067083469297724045,0.5324439891880508,-0.49973783625737717,1.4897299935628892,0.5452184107199396,-0.4334947578270835,-0.11682663999541872,0.6239540300190308,0.32682984346253174
0.33651229931335386,415,0,1,1.2726909270172082,-0.9326436343228232,-1.1582038660952918,1.740022398283438,0.48892510746496104,-0.46864536946625546,0.4965547097399852,0.48798192163777065,0.21438814578240092,-0.4347015513594548
0.8418614731783043,415,0,0,-0.5831425816831967,-0.028842258182195723,0.4827190522679525,-0.9172541169121976,-1.8129261305602733,0.7027118134673097,0.23820763541579942,0.5235588958514875,-0.19517773845422887,-0.4347015513594548
-1.7354193135329434,415,0,0,-0.5831425816831967,-0.27231528195885435,-0.11398019077322721,0.5674649932668616,-0.21163831280358855,-0.6615747878317835,0.3932158800103109,1.6264450964767163,-1.0143095069274886,0.32682984346253174
0.33651229931335386,415,0,0,-0.5831425816831967,-0.44754207937387397,-1.2576537399354886,-0.6031414010924493,-0.6620005115476563,0.11998622330204045,1.6849512516312397,0.843751663774941,0.21438814578240092,0.32682984346253174
0.6144543449390766,415,1,0,-0.5831425816831967,0.14269555402408685,0.8805185476287389,-0.7826343815608774,0.5389653517698575,1.2381893828083685,0.5998935394696595,-0.2235575626365701,-1.0143095069274886,-1.1962329461814414
-1.5838145613734582,415,0,1,1.7180909691053052,0.32530032185658053,0.8805185476287389,0.9576671247199653,-1.512684664730895,1.9291916873624542,0.18653822055096225,-2.251445092818441,-1.0143095069274886,-1.1962329461814414
-1.4069423505207257,408,0,0,-0.5831425816831967,-1.2314514362305409,0.3832691784277559,0.3509028103103892,0.9893275505139251,0.7735838447036262,0.2898770502806366,-0.43701940791887217,-0.6047436226908586,0.32682984346253174
0.03330279499438346,415,0,0,-0.5831425816831967,-1.0414686979805723,0.2838193045875593,-0.3670691115633217,0.08860315302578986,0.8602052162146798,-1.3118748105293152,0.843751663774941,1.0335199142556606,0.32682984346253174
-0.1941043332448443,415,1,0,-0.5831425816831967,0.6886653649172004,-1.9538028568168646,0.12848759538211998,0.9893275505139251,0.4093803508503328,0.4965547097399852,2.587023400247076,0.21438814578240092,-0.4347015513594548
0.26070992323361125,510,0,0,-0.5831425816831967,-1.0414686979805723,-0.6112295599742104,0.2553032881043787,-0.8121212444623455,-0.31508930178756933,-0.6401724172864321,0.6302898184926389,-1.0143095069274886,2.6114240279284915
-1.5585471026802107,408,0,0,-0.5831425816831967,-2.1979655609197017,2.8695160244326714,2.056086124760452,0.9893275505139251,-1.5159764977362664,-2.810287841609593,0.7725977153475072,-0.6047436226908586,-0.4347015513594548
-0.37097654409757697,408,0,1,1.7180909691053052,-0.22066948903653308,1.9247422229508033,-1.7132664650765292,0.8892470619041323,0.9054845695045489,1.0649182732531939,0.7014437669200727,0.6239540300190308,-0.4347015513594548
1.2208733535770175,408,0,0,-0.5831425816831967,0.30869988841726326,0.3832691784277559,-1.2489259286473358,-0.21163831280358855,-0.9096268971588919,-0.6918418321512693,-0.8995200726971936,-0.6047436226908586,0.32682984346253174
0.18490754715386862,415,0,0,-0.5831425816831967,0.6646869610604081,-1.1084789291751935,-0.1075846941470076,0.9392873062090287,-0.12806588602506735,-1.8285689591776866,-2.358176015459592,0.21438814578240092,-0.4347015513594548
-0.6236511310300523,510,1,0,-0.5831425816831967,1.2401686536234202,0.4827190522679525,0.10702647815219941,-1.8629663748651697,0.14754756878283032,1.1682571029828681,1.0572135090572432,0.21438814578240092,-1.1962329461814414
0.9934662253377895,415,0,0,-0.5831425816831967,-0.5508336652185175,-1.4565534876158817,0.22798913890266131,-0.16159806849869215,0.8857978941611278,-1.7252301294480124,0.843751663774941,-0.19517773845422887,1.0883612382845183
0.36177975800660134,510,0,1,1.198457586669192,-0.691015103150533,1.1788681691493288,-0.33975496236160435,1.4396897492579928,-0.7107914761903367,0.7032323691993339,-0.2235575626365701,-0.19517773845422887,-0.4347015513594548
0.7155241797120667,510,0,1,2.0892576708453863,0.24414264726436136,0.13464449382726434,-0.46461964442659764,-0.8621614887672419,0.30700963906454243,0.9099100286586824,2.1956766838961883,0.21438814578240092,-0.4347015513594548
-0.1688368745515968,408,0,0,-0.5831425816831967,-0.7998401668082822,0.6816187999483457,-0.6967899126411944,0.8892470619041323,-1.2403630429283685,-1.5185524699886637,-0.2235575626365701,0.21438814578240092,-1.1962329461814414
-0.42151146148407204,415,0,0,-0.5831425816831967,0.19618583955077662,0.08491955690716602,-0.0607604383726356,2.0401726809167497,0.9172965747106017,0.08319939082128797,-0.15240361420913565,0.6239540300190308,0.32682984346253174
1.776757444828463,408,0,0,-0.5831425816831967,1.6773134008587847,-1.5560033614560782,0.5694160039241271,0.5890055960747539,-1.277767726080869,0.5482241246048224,-0.2235575626365701,0.21438814578240092,-0.4347015513594548
-0.5225812962570623,415,0,0,-0.5831425816831967,-1.3605659185363448,0.4827190522679525,-3.0614148292470023,-0.6119602672427599,-0.22256192767348965,-0.6918418321512693,1.0216365348435261,0.21438814578240092,-1.1962329461814414
-1.9375589830789237,415,0,0,-0.5831425816831967,1.0335854819341337,1.5766676645101152,-1.6566871560158292,1.4396897492579928,-0.30524596411585875,1.8399594962257513,2.1245227354687546,-1.0143095069274886,-1.1962329461814414
2.3579089947731564,510,0,0,-0.5831425816831967,0.25336511028620445,0.2838193045875593,-0.6207004970078391,2.4905348796608173,0.4782837145523072,1.116587688118031,0.5591358700652052,-0.19517773845422887,-1.1962329461814414
-0.6489185897232999,510,0,0,-0.5831425816831967,0.5503284195895535,1.6263926014302135,0.20847903233000614,1.0393677948188216,1.7776042872181108,1.1682571029828681,-1.0774049437657789,-0.19517773845422887,-0.4347015513594548
-0.85105825926928,415,0,0,-0.5831425816831967,0.6628424684560396,0.08491955690716602,-0.19733118438122188,-0.261678557108485,0.2676362883776999,0.2898770502806366,-0.5793273047737405,0.6239540300190308,-0.4347015513594548
0.08383771238087853,415,0,1,1.3469242673652244,0.1758964209027218,0.5821689261081491,-0.44120751653941165,-0.16159806849869215,-0.03160117684230305,0.18653822055096225,0.31009705056918546,-0.19517773845422887,-0.4347015513594548
0.5639194275525815,415,0,0,-0.5831425816831967,0.5503284195895535,-2.5505020998580443,0.7137907925617755,0.8392068175992359,0.7538971693602049,-0.12347826863806065,-0.15240361420913565,2.67178345120218,-0.4347015513594548
0.43758213408634394,408,0,1,1.1242242463211758,2.0277669956888236,-2.4013272890977495,-0.6675247527822117,0.5389653517698575,-1.6104725393846886,-0.6401724172864321,-0.25913453685028703,-0.19517773845422887,-0.4347015513594548
-1.6090820200667058,408,1,1,2.3119576918894347,-0.5508336652185175,1.0794182953091322,0.20067498970094394,-1.262483443206413,-1.7049685810331106,-0.5368335875567578,-0.3658654594914384,-0.19517773845422887,-0.4347015513594548
-0.8763257179625276,510,0,0,-0.5831425816831967,1.41539545103844,1.72584247527041,-0.4021873033941013,0.28876413024537545,-0.26784128096335824,1.788290081360914,-1.4331746859029493,1.0335199142556606,0.32682984346253174
0.5133845101660865,415,0,1,2.4604243725854675,0.6628424684560396,-0.26315500153352217,0.7996352614814585,-0.4117992900231742,-1.0612142973032352,0.3932158800103109,-0.2235575626365701,-0.6047436226908586,-0.4347015513594548
-0.24463925063133934,415,0,0,-0.5831425816831967,0.1795854061114594,-0.014530316933030606,0.7508599950498205,0.33880437455027185,-2.1892607944812736,-0.588503002421595,-0.11682663999541872,-0.6047436226908586,1.0883612382845183
0.4628495927795915,415,1,1,1.7923243094533214,-0.12106688840062708,0.03519461998706771,0.16750780852743036,-0.3617590457182778,0.5944350990784928,-0.4851641726919207,0.7014437669200727,-0.19517773845422887,-1.1962329461814414
-1.1542677635882503,415,0,0,-0.5831425816831967,0.26812105112115314,1.0296933583890338,-0.47242368705565985,0.48892510746496104,2.0059697212017977,1.8399594962257513,-1.1485588921932128,1.0335199142556606,0.32682984346253174
0.05857025368763099,415,0,0,-0.5831425816831967,0.1002722241236082,0.8307936107086407,0.43869828988733756,-0.3117188014133814,0.43103569372809664,-0.4851641726919207,0.843751663774941,-1.0143095069274886,0.32682984346253174
0.9176638492580469,415,0,0,-0.5831425816831967,-1.3808553371843995,0.731343736868444,0.9557161140626999,2.190293413831439,-0.1694079042462519,-0.07180885377322349,-0.4725963821325891,-1.0143095069274886,-0.4347015513594548
-1.1290003048950028,510,0,0,-0.5831425816831967,-1.0691360870461017,-0.8101293076546036,-0.6928878913266631,0.7391263289894431,0.8464245434742852,-0.27848651323257206,-0.4725963821325891,-1.0143095069274886,-0.4347015513594548
-1.9880939004654188,415,0,0,-0.5831425816831967,0.04124846078381233,0.3832691784277559,-0.04320134245724583,2.3904543910510245,0.11211155316467183,-0.22681709836773498,-0.3302884852777208,-0.6047436226908586,0.32682984346253174
-2.518710533023617,408,0,0,-0.5831425816831967,-1.0285572497499917,0.6318938630282475,0.690378664674589,-1.1624029545966201,-2.5140909376477243,-1.0018583213402923,-2.322599041245875,-1.0143095069274886,-1.1962329461814414
-0.6489185897232999,510,0,1,2.8315910743255484,0.6370195719948787,-1.9040779198967663,0.0016719026598613173,0.5389653517698575,0.9035159019702069,1.3232653475773797,-0.3658654594914384,0.6239540300190308,-1.1962329461814414
2.0294320317609387,415,0,1,1.4211576077132406,0.19803033215514568,-0.36260487537371877,0.9401080288045756,1.3396092606482,0.2912602987898052,-0.9501889064754551,0.13221217950060027,-0.19517773845422887,-0.4347015513594548
1.827292362214958,415,0,0,-0.5831425816831967,0.21831975080320046,0.6816187999483457,-0.6304555502941667,1.8900519480020606,-1.803401957750217,-0.07180885377322349,0.025481256859449554,-0.6047436226908586,-0.4347015513594548
0.18490754715386862,415,0,1,2.4604243725854675,-0.14688978486178797,0.4827190522679525,-1.2625830032481946,-1.1123627102917237,-0.34461931480270125,0.1348688056861251,0.2033661279280347,1.0335199142556606,-1.1962329461814414
-0.04249958108535913,510,1,1,2.3119576918894347,-0.9732224716189329,-0.31287993845362044,1.8102587819449971,0.7391263289894431,-0.5277053954965192,-0.4851641726919207,-0.6504812532011743,-0.19517773845422887,-1.1962329461814414
0.2354424645403637,415,0,0,-0.5831425816831967,-0.820129585456337,0.43299411534785415,0.08556536092227827,-0.06151757988889935,-0.6812614631752048,0.9615794435235195,0.5235588958514875,-0.19517773845422887,-0.4347015513594548
-1.230070139667993,415,0,0,-0.5831425816831967,0.458103789371122,-0.16370512769332554,1.4122526078628308,1.3896495049530964,-0.41942868110770226,0.9099100286586824,0.27452007635546855,0.21438814578240092,-0.4347015513594548
-2.089163735238409,408,0,0,-0.5831425816831967,1.7344926715942126,-0.36260487537371877,-1.682050294560281,0.7891665732943395,0.9783252682752074,1.0132488583883568,-0.7216352016286087,-0.19517773845422887,-0.4347015513594548
0.7407916384053143,415,0,0,-0.5831425816831967,-0.3092051340462269,0.6318938630282475,1.7458754302552348,0.5389653517698575,-1.6931565758270577,2.0466371556850995,-1.0774049437657789,-0.6047436226908586,-0.4347015513594548
-0.8763257179625276,510,0,0,-0.5831425816831967,0.40092451863569467,-0.26315500153352217,-0.9367642234848529,-1.7128456419504805,0.6357771172996773,0.031529975956450816,-0.9706740211246278,-0.19517773845422887,-0.4347015513594548
-0.8257908005760325,415,0,0,-0.5831425816831967,0.9505833147375453,-2.152702604497258,-0.9250581595412598,-2.263288329304341,-0.18909457958967316,1.1682571029828681,-0.2235575626365701,-0.19517773845422887,1.0883612382845183
-1.3564074331342306,415,0,1,1.4211576077132406,-0.2686262967501173,-0.5615046230541121,-1.4342719410875602,0.8892470619041323,1.6437348948828459,-0.27848651323257206,-0.8995200726971936,-0.19517773845422887,0.32682984346253174
-0.09303449847185417,415,0,0,-0.5831425816831967,-0.6190798915801564,1.0296933583890338,0.042643126462437085,2.0401726809167497,-0.9667182556548131,1.0132488583883568,1.0927904832709607,-1.0143095069274886,-0.4347015513594548
-1.3816748918274782,510,0,0,-0.5831425816831967,0.36219017394395303,0.5324439891880508,-0.5016888469146425,-0.8621614887672419,0.1908582545383569,-0.8468500767457807,-0.010095717354267989,-1.0143095069274886,1.0883612382845183
1.29667572965676,510,0,1,0.9015242252771272,0.6462420350167218,0.3832691784277559,-2.0332322128680747,-0.9122017330721383,-0.5946400916641517,2.3049842300092855,-0.8283661242697595,0.21438814578240092,-0.4347015513594548
1.1198035188040274,408,0,1,1.7180909691053052,0.6720649314778827,-0.31287993845362044,0.4738164817181165,1.1394482834286144,0.6653071303148093,0.44488529487514805,0.16778915371431719,-1.4238753911641184,0.32682984346253174
0.6144543449390766,415,0,0,-0.5831425816831967,0.4396588633274357,0.4827190522679525,-1.4069577918858431,-0.16159806849869215,-0.2048439198644104,0.6515629543344966,0.27452007635546855,-0.19517773845422887,-0.4347015513594548
0.5639194275525815,415,0,0,-0.5831425816831967,-0.13582282923557631,-0.41232981229381704,-0.7455651790728324,-1.2124431989015165,0.9724192656721814,0.031529975956450816,-0.5437503305600235,-0.19517773845422887,-0.4347015513594548
0.48811705147283896,415,0,0,-0.5831425816831967,0.7698230395094202,0.2838193045875593,1.3029960110559624,-0.11155782419379576,-1.7600912719946902,-1.0535277362051294,-0.3302884852777208,1.0335199142556606,-1.1962329461814414
2.736920875171869,415,0,0,-0.5831425816831967,0.8786481031671688,1.3777679168297219,1.1235030305875338,-0.4117992900231742,-0.34265064726835925,-1.3635442253941523,-0.4725963821325891,-0.19517773845422887,1.0883612382845183
0.7155241797120667,415,0,1,2.1634910111934027,0.46917074499733363,-0.31287993845362044,-0.6909368806693976,0.13864339733068626,-0.31312063425322734,-1.0018583213402923,0.5235588958514875,1.4430857984922902,-0.4347015513594548
-1.230070139667993,408,0,1,1.7180909691053052,-0.691015103150533,-1.1582038660952918,-0.15245793926411474,-0.16159806849869215,1.0334479592367873,-0.6401724172864321,0.27452007635546855,-0.19517773845422887,-0.4347015513594548
-0.5731162136435572,408,0,0,-0.5831425816831967,-0.7445053886772234,1.9744671598709016,-0.18367410978036292,0.6390458403796503,1.685076913104031,1.2715959327125426,0.5591358700652052,-0.6047436226908586,1.0883612382845183
1.19560589488377,415,0,0,-0.5831425816831967,-1.720241976388227,1.6761175383503117,0.893283773030203,-0.4117992900231742,0.9980119436186287,-0.4851641726919207,0.3812509989966199,-0.19517773845422887,-0.4347015513594548
-0.6994535071097949,415,0,0,-0.5831425816831967,1.1460995308006197,0.731343736868444,-0.6304555502941667,1.6398507264775783,-0.6123580994732303,1.116587688118031,0.31009705056918546,-1.0143095069274886,0.32682984346253174
0.2859773819268588,415,0,1,1.1242242463211758,1.9742767101621341,-1.0587539922550953,2.2336280945716145,0.08860315302578986,-0.137909223696778,0.031529975956450816,0.025481256859449554,0.6239540300190308,-0.4347015513594548
1.0440011427242848,415,0,0,-0.5831425816831967,-0.6301468472063682,-0.36260487537371877,0.1616547765556336,-0.11155782419379576,0.2577929507059893,-0.22681709836773498,0.23894310214175163,-1.4238753911641184,-0.4347015513594548
1.1703384361905225,408,0,0,-0.5831425816831967,0.4747042228104397,-0.26315500153352217,-0.6655737421249462,1.3896495049530964,0.7814585148409948,-0.8468500767457807,-0.8639430984834767,-0.19517773845422887,-0.4347015513594548
-0.32044162671108195,415,0,0,-0.5831425816831967,0.04309295338818085,-0.5117796861340137,-0.9621273620293048,-0.6620005115476563,-1.1399609986769204,-0.02013943890838634,-0.9706740211246278,-0.6047436226908586,-0.4347015513594548
-1.4069423505207257,415,0,0,-0.5831425816831967,-1.5394817011601016,0.13464449382726434,0.8971857943447343,1.6898909707824747,0.5668737535977029,-0.4334947578270835,-0.1879805884228532,-0.19517773845422887,-0.4347015513594548
-0.11830195716510171,415,0,1,1.4211576077132406,1.5076200812568712,-0.21343006461342384,0.391874034112965,0.03856290872089345,-0.4233660161763863,-0.1751476835028978,0.3812509989966199,-1.0143095069274886,-0.4347015513594548
0.8165940144850569,415,0,0,-0.5831425816831967,0.6757539166866198,-1.655453235296275,0.4172371726574164,1.6398507264775783,-0.1753139068492785,-0.27848651323257206,-2.5360608865281775,-1.4238753911641184,0.32682984346253174
-1.230070139667993,408,0,0,-0.5831425816831967,0.6702204388735142,-1.655453235296275,0.31578461847960965,0.38884461885516824,2.7934367349386484,1.5299430070367284,-1.7889444280401197,-1.0143095069274886,-0.4347015513594548
-0.85105825926928,510,0,1,1.7180909691053052,-0.0804880511045175,-1.6057282983761765,-0.03149527851365283,-1.3625639318162057,0.37197566769783286,-0.07180885377322349,1.0572135090572432,0.6239540300190308,-0.4347015513594548
-2.4934430743303695,415,1,0,-0.5831425816831967,-0.8754643635873958,-2.8985766582987327,-1.20795470484476,-0.6119602672427599,-0.16350190164322587,0.9615794435235195,-0.4014424337051553,-1.4238753911641184,0.32682984346253174
-0.32044162671108195,510,0,0,-0.5831425816831967,-0.7611058221165405,0.7810686737885423,0.6864766433600581,1.8900519480020606,-0.4292720187794129,0.4965547097399852,-0.2235575626365701,-0.19517773845422887,1.0883612382845183
0.3112448406201063,415,1,0,-0.5831425816831967,-1.0580691314198898,0.5821689261081491,-1.3484274721678777,-0.3117188014133814,-0.6182641020762569,0.2898770502806366,0.025481256859449554,1.8526516827289201,2.6114240279284915
0.7913265557918093,415,0,1,0.15919082179696534,0.06153787943186712,-2.301877415257553,1.78684665405781,-1.6127651533406877,-1.153741671417315,0.8065711989290081,0.45240494742405374,-0.19517773845422887,-1.1962329461814414
1.19560589488377,415,0,0,-0.5831425816831967,1.839628750043224,0.18436943074736264,0.015328977260719724,-0.6620005115476563,1.57286286364653,-0.07180885377322349,-0.8283661242697595,-1.0143095069274886,0.32682984346253174
0.05857025368763099,415,0,0,-0.5831425816831967,1.5463544259486117,0.8805185476287389,-0.42364842062402186,-1.5627249090357913,0.27157362344638397,0.5998935394696595,0.025481256859449554,-1.0143095069274886,-1.1962329461814414
-1.1795352222814979,415,0,0,-0.5831425816831967,1.9742767101621341,-1.3571036137756851,0.43674727923007156,0.38884461885516824,0.055020194668750064,0.34154646514547377,0.45240494742405374,0.21438814578240092,-0.4347015513594548
0.10910517107412605,415,1,0,-0.5831425816831967,0.9007820144195926,-0.014530316933030606,-1.0869920440942982,0.38884461885516824,0.873985888955075,2.0466371556850995,-0.8995200726971936,1.0335199142556606,-1.1962329461814414
0.7913265557918093,510,0,0,-0.5831425816831967,0.028337012553231622,1.0296933583890338,2.216068998656224,0.43888486316006464,0.9015472344358644,-1.0018583213402923,-2.1447141701772896,1.8526516827289201,0.32682984346253174
0.2859773819268588,415,0,0,-0.5831425816831967,1.7142032529461573,0.9302434845488372,0.4933265882907717,-0.3117188014133814,-0.8230055256478381,-0.33015592809740923,2.1956766838961883,0.21438814578240092,1.0883612382845183
-0.09303449847185417,510,0,0,-0.5831425816831967,-0.652280758458792,-0.46205474921391537,0.5050326522343647,1.8400117036971642,-1.1084623181274464,-1.4668830551238266,1.270675354339546,-0.19517773845422887,1.0883612382845183
0.26070992323361125,510,0,0,-0.5831425816831967,0.6407085572036163,0.8805185476287389,0.1499487126120406,-1.2124431989015165,-0.3643059901461225,-0.12347826863806065,0.6302898184926389,-1.0143095069274886,-0.4347015513594548
-1.1795352222814979,415,0,1,1.198457586669192,-1.6095724201261095,-0.6112295599742104,-0.15050692860684933,-0.11155782419379576,-2.0002687111844297,0.9615794435235195,0.48798192163777065,-0.6047436226908586,0.32682984346253174
1.0187336840310373,510,0,0,-0.5831425816831967,0.6646869610604081,0.6318938630282475,-0.00418112931193546,-0.9622419773770347,-0.9273449049679705,0.34154646514547377,0.7725977153475072,0.6239540300190308,-0.4347015513594548
-0.8763257179625276,415,0,0,-0.5831425816831967,-1.16504970247327,-0.11398019077322721,-2.0527423194407297,-1.3125236875113093,-0.38202399795520176,-0.33015592809740923,0.09663520528688338,-0.6047436226908586,1.0883612382845183
-0.7752558831895375,415,0,0,-0.5831425816831967,0.6241081237642985,-0.7106794338144069,0.07581030763595069,-1.1624029545966201,1.0964453203357356,0.031529975956450816,-1.6110595569715345,-0.19517773845422887,-0.4347015513594548
-1.1037328462017553,415,0,0,-0.5831425816831967,1.7178922381548942,-1.3073786768555868,0.4699144604035857,-0.7620810001574491,-0.4469900265884922,0.18653822055096225,0.09663520528688338,-0.6047436226908586,0.32682984346253174
0.43758213408634394,415,0,0,-0.5831425816831967,1.358216180303012,1.0794182953091322,0.003622913317126725,-1.1123627102917237,-0.11034787821598811,0.3932158800103109,-0.1879805884228532,1.0335199142556606,0.32682984346253174
-1.331139974440983,415,0,0,-0.5831425816831967,-0.14135630704868188,-0.11398019077322721,-0.815801562734391,1.3396092606482,-1.2088643623788946,0.031529975956450816,-0.9350970469109109,-0.6047436226908586,0.32682984346253174
-0.5225812962570623,408,1,1,0.5303575235370462,-0.37376237519912886,0.4827190522679525,-0.5894843264915909,0.9893275505139251,-1.1753970142950787,-0.9501889064754551,0.594712844278922,0.21438814578240092,-0.4347015513594548
0.5386519688593341,510,0,1,1.4953909480612568,-0.25018137070643104,-1.9040779198967663,0.6455054195574824,-0.6119602672427599,-0.6064520968702043,-0.8468500767457807,-0.8995200726971936,-0.6047436226908586,0.32682984346253174
0.5386519688593341,415,0,0,-0.5831425816831967,-1.3218315738446034,-0.6112295599742104,0.6825746220455273,0.43888486316006464,0.5452184107199396,0.9615794435235195,-0.25913453685028703,-0.6047436226908586,0.32682984346253174
-0.2699067093245869,415,0,0,-0.5831425816831967,-2.6148208895070115,-1.009029055334997,-0.8879889570532149,0.23872388594047905,-0.50998738768744,0.5482241246048224,1.4129832511944136,0.21438814578240092,1.0883612382845183
0.2354424645403637,415,0,0,-0.5831425816831967,1.160855471635569,0.4827190522679525,-0.7514182110446286,1.9901324366118534,-0.33083864206230656,-0.7435112470161065,-0.8639430984834767,-0.6047436226908586,1.8498926331065049
-0.6741860484165474,415,0,0,-0.5831425816831967,-1.7313089320144388,-0.8598542445747018,0.9147448902601235,-1.662805397645584,-1.151773003882973,-0.7951806618809436,-0.045672691567984904,0.21438814578240092,0.32682984346253174
0.4123146753930964,415,1,0,-0.5831425816831967,1.9890326509970824,0.8805185476287389,1.1469151584747208,-0.8121212444623455,-0.9391569101740237,-0.7435112470161065,-0.08124966578170181,-0.6047436226908586,-0.4347015513594548
-1.1795352222814979,415,1,0,-0.5831425816831967,0.2017193173638827,0.3832691784277559,1.1488661691319857,0.38884461885516824,-1.1694910116920523,0.5482241246048224,-0.1879805884228532,-1.0143095069274886,0.32682984346253174
0.8418614731783043,408,0,0,-0.5831425816831967,0.5300390009414986,-0.7106794338144069,1.0298545190387893,-0.5619200229378634,1.7736669521494266,-0.7435112470161065,0.843751663774941,-0.6047436226908586,-0.4347015513594548
-0.37097654409757697,510,0,0,-0.5831425816831967,-2.007982822669733,1.228593106069427,0.19872397904367856,0.6390458403796503,-0.5178620578248085,0.34154646514547377,-3.6389470871534053,-1.833441275400748,0.32682984346253174
-0.5225812962570623,415,0,0,-0.5831425816831967,0.7458446356526278,0.6816187999483457,0.13434062735391622,-1.2124431989015165,-0.6399194449540202,1.8916289110905884,0.6658667927063558,-0.6047436226908586,0.32682984346253174
0.7407916384053143,510,0,0,-0.5831425816831967,-0.4715204832306663,-0.26315500153352217,0.09922243552313724,0.28876413024537545,0.645620454971388,-1.3118748105293152,0.9504825864160924,-1.4238753911641184,-0.4347015513594548
0.36177975800660134,510,0,0,-0.5831425816831967,-1.473079967402831,0.33354424150765755,-1.0869920440942982,-0.21163831280358855,-1.013966276479024,-0.07180885377322349,1.3774062769806965,-0.19517773845422887,0.32682984346253174
1.1703384361905225,408,0,0,-0.5831425816831967,0.6130411681380868,-1.0587539922550953,0.06410424369235769,-0.4618395343280706,-0.88009688414376,0.6515629543344966,-0.010095717354267989,-1.0143095069274886,-0.4347015513594548
1.0945360601107799,415,1,0,-0.5831425816831967,-0.5453001874054114,-1.5560033614560782,1.6600309613355513,-1.3625639318162057,-0.20287525233006837,1.0649182732531939,-0.2947115110640039,4.310046988148699,-1.1962329461814414
0.18490754715386862,415,0,0,-0.5831425816831967,0.25336511028620445,1.2783180429895253,-0.8996950209968084,-0.7620810001574491,-0.513924722756124,-0.12347826863806065,-0.2947115110640039,0.6239540300190308,1.0883612382845183
-0.9773955527355177,408,0,0,-0.5831425816831967,2.6106266586693105,0.23409436766746095,1.262024787253386,1.089408039123718,-0.40171067329862303,-1.4668830551238266,0.45240494742405374,-1.0143095069274886,1.8498926331065049
-0.9521280940422702,510,0,1,1.9407909901493539,-0.5047213501093017,0.9302434845488372,0.5128366948634269,-0.4618395343280706,-0.10247320807862005,0.1348688056861251,0.7370207411337902,0.21438814578240092,-0.4347015513594548
1.0187336840310373,510,0,1,1.0499909059731596,0.6609979758516711,1.1291432322292305,2.4950635226451934,-0.11155782419379576,-0.7954441801670483,-0.588503002421595,-0.8639430984834767,0.6239540300190308,-0.4347015513594548
-0.44677892017731957,408,0,0,-0.5831425816831967,-0.8256630632694425,-0.21343006461342384,-0.6558186888386186,-1.1123627102917237,-0.775757504823627,1.1682571029828681,-0.8995200726971936,0.21438814578240092,0.32682984346253174
-0.1688368745515968,415,0,0,-0.5831425816831967,0.6001297199075062,-0.11398019077322721,-0.2226943229256733,-0.5619200229378634,2.978491483166808,-0.27848651323257206,-0.6504812532011743,0.21438814578240092,1.0883612382845183
-0.017232122392111596,415,0,0,-0.5831425816831967,0.4341253855143296,-0.21343006461342384,0.31578461847960965,1.2895690163433036,-0.3938360031612544,1.116587688118031,1.1639444316983945,-1.0143095069274886,1.0883612382845183
-1.1037328462017553,415,1,1,0.6788242042330785,1.0501859153734514,-0.31287993845362044,-0.7358101257865048,-0.3117188014133814,0.7046804810016517,0.8582406137938453,0.7014437669200727,-0.6047436226908586,0.32682984346253174
0.4123146753930964,415,0,1,1.7180909691053052,-1.3771663519756623,0.731343736868444,0.7176928138763063,1.2395287720384072,1.2303147126709995,0.18653822055096225,-0.8995200726971936,0.6239540300190308,1.0883612382845183
1.2208733535770175,415,0,1,0.7530575445810948,-0.5729675764709408,0.2838193045875593,-1.6840013052175467,0.28876413024537545,-0.4450213590541496,-0.12347826863806065,-1.326443763261798,-0.19517773845422887,-1.1962329461814414
-0.2699067093245869,415,0,0,-0.5831425816831967,1.2327906832059456,-0.8598542445747018,-0.7904384241899389,-0.6119602672427599,-0.590702756595467,-0.07180885377322349,-0.9350970469109109,1.0335199142556606,-0.4347015513594548
-0.24463925063133934,510,1,1,1.198457586669192,-1.5874385088736858,0.5821689261081491,-0.33975496236160435,1.3896495049530964,0.7834271823753368,1.6849512516312397,-0.11682663999541872,-0.6047436226908586,-1.1962329461814414
0.1596400884606211,510,0,1,1.4953909480612568,0.41014698165753777,-1.0587539922550953,2.030722986216,1.3896495049530964,0.4861583846896758,1.6849512516312397,0.594712844278922,1.4430857984922902,-0.4347015513594548
-1.1542677635882503,415,0,1,1.4953909480612568,-1.369788381558188,-0.9095791814948001,-0.06661347034443181,0.43888486316006464,-0.2639039458946742,-0.4851641726919207,-0.5793273047737405,0.6239540300190308,0.32682984346253174
-1.280605057054488,510,0,0,-0.5831425816831967,-0.8828423340048704,0.3832691784277559,0.30602956519328206,0.13864339733068626,-0.09459853794125143,1.3232653475773797,0.27452007635546855,0.21438814578240092,-0.4347015513594548
-0.9268606353490226,415,1,0,-0.5831425816831967,3.0846612579920474,-2.2521524783374547,0.9498630820909031,-1.0623224659868273,1.4665548167920546,0.08319939082128797,1.0927904832709607,1.8526516827289201,-0.4347015513594548
-0.6994535071097949,415,0,1,1.7180909691053052,0.27365452893425923,0.18436943074736264,-0.4841297509992528,-0.8121212444623455,0.5747484237350715,0.4965547097399852,0.45240494742405374,-0.6047436226908586,-1.1962329461814414
0.8923963905647994,415,0,0,-0.5831425816831967,-1.6077279275217407,0.43299411534785415,0.35480483162492005,0.7391263289894431,0.23023160522519942,-1.0535277362051294,0.9504825864160924,-0.19517773845422887,0.32682984346253174
0.18490754715386862,510,0,0,-0.5831425816831967,0.14454004662845538,0.03519461998706771,-0.01783820391279387,1.2895690163433036,0.29913496892717384,0.34154646514547377,0.843751663774941,1.4430857984922902,-0.4347015513594548
0.9176638492580469,408,0,0,-0.5831425816831967,-0.0952439919394662,0.9799684214689356,-0.8684788504805597,-0.11155782419379576,-1.2679243884091584,1.0649182732531939,-0.010095717354267989,0.21438814578240092,-1.1962329461814414
0.4123146753930964,510,1,0,-0.5831425816831967,0.34743423310900434,1.0296933583890338,0.9498630820909031,0.18868364163558266,-0.7501648268771791,0.754901784064171,0.09663520528688338,0.21438814578240092,-0.4347015513594548
-0.6994535071097949,415,0,0,-0.5831425816831967,0.23307569163814917,-0.7106794338144069,-0.6285045396369013,0.7891665732943395,-1.2029583597758682,-0.6918418321512693,-0.2947115110640039,0.6239540300190308,-0.4347015513594548
-0.1688368745515968,415,0,0,-0.5831425816831967,-0.7758617629514898,0.8805185476287389,0.0465451477769679,-0.6119602672427599,-1.0021542712729714,1.5816124219015655,1.1283674574846776,-1.0143095069274886,-1.1962329461814414
0.589186886245829,510,0,0,-0.5831425816831967,-0.1893131147622661,0.3832691784277559,-0.43340347391034945,-0.4618395343280706,0.8149258629248113,-0.9501889064754551,0.7014437669200727,-0.6047436226908586,-0.4347015513594548
0.4123146753930964,408,1,0,-0.5831425816831967,-0.2298919520583762,-0.7106794338144069,-0.45486459114027006,-0.6620005115476563,0.9547012578631021,1.6332818367664026,1.3774062769806965,1.0335199142556606,0.32682984346253174
-0.85105825926928,510,0,1,0.9015242252771272,0.9413608517157023,-2.9980265321389292,-0.22854735489747008,-2.1131675963896517,-0.7619768320832324,0.754901784064171,-0.2947115110640039,-1.0143095069274886,-0.4347015513594548
0.10910517107412605,415,0,1,0.9015242252771272,0.13531758360661222,0.6816187999483457,1.0825318067849585,-0.4618395343280706,2.6339746646569355,0.18653822055096225,-0.4725963821325891,-1.0143095069274886,-0.4347015513594548
1.4735479405094927,415,0,0,-0.5831425816831967,-0.2243584742452701,-1.6057282983761765,-1.1123551826387494,-1.3125236875113093,-1.197052357172842,0.5482241246048224,0.025481256859449554,-0.6047436226908586,-1.1962329461814414
0.2354424645403637,408,0,0,-0.5831425816831967,0.7956459359705805,-0.31287993845362044,-1.8537392323996467,-0.11155782419379576,0.2735422909807265,-1.1568665659348036,1.1639444316983945,-0.19517773845422887,-0.4347015513594548
-0.9521280940422702,415,0,1,1.7923243094533214,-2.7420908792084466,0.6318938630282475,-0.2695185787000458,0.6390458403796503,0.5885290964754667,0.031529975956450816,-0.5793273047737405,1.0335199142556606,-0.4347015513594548
1.7514899861352156,415,0,0,-0.5831425816831967,1.9576762767228157,-2.799126784458536,-0.6499656568668218,2.190293413831439,1.1633800165033674,-0.1751476835028978,-0.5437503305600235,-0.19517773845422887,-0.4347015513594548
1.2461408122702649,510,0,0,-0.5831425816831967,0.1795854061114594,-1.1582038660952918,0.391874034112965,0.23872388594047905,0.7440538316884943,0.8582406137938453,-0.3658654594914384,0.21438814578240092,1.8498926331065049
1.19560589488377,510,0,0,-0.5831425816831967,0.6757539166866198,-0.26315500153352217,-0.2948817172444978,0.23872388594047905,1.950847030240218,2.201645400279611,-0.08124966578170181,0.21438814578240092,0.32682984346253174
1.19560589488377,510,0,0,-0.5831425816831967,1.1018317082957731,-0.8101293076546036,-0.09978065151794596,-0.7620810001574491,0.6239651120936247,0.18653822055096225,0.23894310214175163,-0.6047436226908586,-0.4347015513594548
-0.1688368745515968,510,0,0,-0.5831425816831967,1.2069677867447848,0.5821689261081491,-0.3982852820795699,-0.4618395343280706,1.2204713749992888,0.23820763541579942,-0.1879805884228532,0.6239540300190308,-0.4347015513594548
-0.9521280940422702,510,0,0,-0.5831425816831967,1.5168425442787143,-1.5560033614560782,0.8620676025139548,1.7399312150873711,0.023521514119276152,-0.33015592809740923,1.5908681222629986,-0.19517773845422887,-1.1962329461814414
-0.6741860484165474,408,0,0,-0.5831425816831967,2.186393359664526,0.5821689261081491,0.009475945288923501,-0.011477335584002954,0.27157362344638397,-0.6401724172864321,-0.1879805884228532,-0.19517773845422887,0.32682984346253174
-1.0531979288152602,510,0,0,-0.5831425816831967,-0.47889845364814093,-0.41232981229381704,0.09141839289407505,-0.6119602672427599,-1.7010312459644263,-0.588503002421595,0.8081746895612241,2.26221756696555,-0.4347015513594548
0.13437262976737357,415,0,0,-0.5831425816831967,-1.1134039095509485,2.0739170337110986,0.5381998334078789,1.940092192306957,-0.05916252232309293,-2.0352466186370357,-0.6504812532011743,1.8526516827289201,0.32682984346253174
0.36177975800660134,415,0,0,-0.5831425816831967,-0.7426608960728543,-0.5615046230541121,-0.16611501386497315,-0.261678557108485,-0.9824675959295502,-1.3118748105293152,-0.3302884852777208,-0.6047436226908586,4.134486817572465
1.9788971143744432,415,0,0,-0.5831425816831967,-0.16349021830110574,-2.301877415257553,-0.1895271417521597,0.38884461885516824,0.2696049559120419,0.34154646514547377,1.0927904832709607,-0.19517773845422887,-0.4347015513594548
0.2354424645403637,510,0,0,-0.5831425816831967,0.5245055231283925,-1.5560033614560782,-2.0624973727270572,-0.3117188014133814,-0.44108402398546553,1.478273592171891,-0.7927891500560426,2.67178345120218,-0.4347015513594548
-0.2699067093245869,408,0,0,-0.5831425816831967,0.7827344877400004,-0.36260487537371877,-0.2695185787000458,0.13864339733068626,1.602392876661662,1.2199265178477054,0.7725977153475072,0.6239540300190308,0.32682984346253174
-0.44677892017731957,510,0,0,-0.5831425816831967,-0.8699308857742897,0.9799684214689356,-1.5454795485516948,0.03856290872089345,-0.06309985739177752,-0.8468500767457807,-0.5793273047737405,-1.0143095069274886,-0.4347015513594548
-0.34570908540432943,415,0,0,-0.5831425816831967,1.1147431565263533,-0.8598542445747018,-1.3016032163935052,0.28876413024537545,-0.23240526534520028,-0.8468500767457807,-0.3302884852777208,-1.0143095069274886,-1.1962329461814414
0.8418614731783043,415,0,0,-0.5831425816831967,1.1903673533054668,-0.06425525385312891,0.8991368050019998,0.5389653517698575,-0.01782050410190839,1.6849512516312397,-1.0774049437657789,-1.0143095069274886,-1.1962329461814414
-2.139698652624904,415,0,0,-0.5831425816831967,-0.3258055674855447,-0.014530316933030606,0.5713670145813925,1.8900519480020606,-1.0257782816850767,-1.1568665659348036,-0.010095717354267989,2.67178345120218,1.0883612382845183
-0.09303449847185417,415,0,1,1.198457586669192,-0.06388761766519975,0.43299411534785415,-0.8079975201053288,-0.9622419773770347,1.3425287621285014,-0.33015592809740923,0.6658667927063558,1.8526516827289201,-1.1962329461814414
-0.4720463788705671,415,0,0,-0.5831425816831967,0.33452278487842363,0.03519461998706771,-1.4284189091157637,-0.8621614887672419,-1.1576790064859996,0.1348688056861251,1.1639444316983945,-0.6047436226908586,-0.4347015513594548
-0.017232122392111596,408,0,0,-0.5831425816831967,0.1002722241236082,1.0794182953091322,-0.35731405827699414,-0.4117992900231742,1.456711479120344,-0.4334947578270835,-1.8245214022538367,1.4430857984922902,-0.4347015513594548
1.9030947382947005,408,0,0,-0.5831425816831967,0.4119914742619063,0.03519461998706771,-0.8996950209968084,-1.1123627102917237,-0.7186661463277052,-1.1051971510699665,-0.43701940791887217,-1.0143095069274886,-0.4347015513594548
-2.215501028704647,408,0,0,-0.5831425816831967,0.7532226060701025,-0.014530316933030606,0.20262600035820935,-1.0623224659868273,1.1495993437629728,0.5998935394696595,1.1995214059121113,1.4430857984922902,0.32682984346253174
-0.6489185897232999,415,0,0,-0.5831425816831967,-0.7574168369078035,0.4827190522679525,-0.9289601808557912,-0.7120407558525527,0.2892916312554632,0.1348688056861251,0.31009705056918546,1.0335199142556606,-0.4347015513594548
0.7913265557918093,510,0,1,2.0892576708453863,0.8602031771234825,0.13464449382726434,-0.37487315419238393,1.2395287720384072,1.1397560060912622,0.08319939082128797,0.09663520528688338,0.21438814578240092,1.0883612382845183
0.13437262976737357,415,0,1,2.1634910111934027,0.8104018768055298,0.18436943074736264,0.6689175474446684,-0.06151757988889935,-1.197052357172842,-0.5368335875567578,0.13221217950060027,0.21438814578240092,0.32682984346253174
-0.1941043332448443,408,0,0,-0.5831425816831967,-0.27784875977196044,-0.26315500153352217,0.5869750998395168,-0.6620005115476563,-1.0041229388073134,-0.4851641726919207,-0.11682663999541872,-0.6047436226908586,1.8498926331065049
-1.2553375983612405,408,0,0,-0.5831425816831967,0.9745617185943377,0.43299411534785415,-0.2617145360709836,-0.261678557108485,0.5964037666128348,0.34154646514547377,-0.4014424337051553,-0.6047436226908586,-0.4347015513594548
-2.518710533023617,415,0,0,-0.5831425816831967,0.3050109032085257,0.33354424150765755,1.8668380910056968,-0.9122017330721383,0.20857626234743612,-0.4851641726919207,-1.1485588921932128,-1.0143095069274886,-0.4347015513594548
0.13437262976737357,415,0,0,-0.5831425816831967,-0.3866738234297096,0.5821689261081491,0.3743149381975752,0.6890860846845467,1.0236046215650767,0.2898770502806366,-0.4014424337051553,-0.6047436226908586,-1.1962329461814414
-1.2048026809747454,510,0,1,2.1634910111934027,-0.22620296684963864,-0.06425525385312891,-0.11929075809060115,-0.06151757988889935,0.7046804810016517,0.5998935394696595,0.6302898184926389,1.8526516827289201,0.32682984346253174
-0.5983836723368048,510,0,1,1.198457586669192,-0.556367143031623,-1.3073786768555868,-1.5006063034345878,-1.4126041761211021,-0.5237680604278346,-0.8468500767457807,-0.045672691567984904,0.6239540300190308,-0.4347015513594548
-0.8005233418827851,408,0,0,-0.5831425816831967,0.10580570193671429,-0.46205474921391537,0.35675584228218543,-0.6119602672427599,0.8405185408712585,0.34154646514547377,-1.6822135053989684,0.21438814578240092,-1.1962329461814414
0.1596400884606211,415,0,0,-0.5831425816831967,-0.6024794581408387,-0.31287993845362044,-1.6879033265320778,0.5389653517698575,-1.7010312459644263,-0.1751476835028978,0.4168279732103368,0.21438814578240092,1.0883612382845183
-1.230070139667993,415,0,0,-0.5831425816831967,-0.2594038337282742,-1.1084789291751935,0.09141839289407505,-0.5619200229378634,0.24991828056862067,1.2199265178477054,0.7014437669200727,0.6239540300190308,-1.1962329461814414
0.6902567210188192,510,0,0,-0.5831425816831967,0.14269555402408685,-0.8101293076546036,1.3654283520884587,-0.261678557108485,0.1081742180959878,-1.6735607145831752,-0.045672691567984904,0.21438814578240092,-0.4347015513594548
-1.6848843961464484,415,0,0,-0.5831425816831967,-0.5268552613617251,0.08491955690716602,-1.354280504139674,0.03856290872089345,-0.2816219537037534,-0.7435112470161065,-0.11682663999541872,1.0335199142556606,-1.1962329461814414
-0.1941043332448443,415,0,0,-0.5831425816831967,-0.12106688840062708,1.526942727590017,-0.20318421635301812,0.38884461885516824,1.7539802768060053,-1.7768995443128495,0.061058231073166463,-1.0143095069274886,-1.1962329461814414
-0.21937179193809184,510,0,1,0.6045908638850624,0.08182729807992192,-0.06425525385312891,-2.4273363656357088,1.6898909707824747,-0.31115196671888534,-0.22681709836773498,0.8793286379886579,-0.6047436226908586,0.32682984346253174
-0.85105825926928,510,0,0,-0.5831425816831967,-1.2996976625921801,1.6761175383503117,-1.1416203424977323,-1.2124431989015165,-2.1597307814661417,-0.7435112470161065,0.23894310214175163,0.21438814578240092,0.32682984346253174
0.10910517107412605,408,0,0,-0.5831425816831967,0.491304656249757,-0.8101293076546036,1.0844828174422234,1.8900519480020606,-1.6498458900715312,-0.4851641726919207,-0.43701940791887217,-0.6047436226908586,-0.4347015513594548
1.7514899861352156,510,0,1,2.1634910111934027,-0.0269977655778272,1.4772177906699187,0.8191453680541136,0.13864339733068626,0.8287065356652059,-0.3818253429622464,0.9860595606298093,-0.19517773845422887,-1.1962329461814414
-1.9375589830789237,408,0,1,1.569624288409273,1.0464969301647142,0.23409436766746095,-0.1953801737239559,0.6890860846845467,-1.415574453484818,0.23820763541579942,-1.0774049437657789,-1.0143095069274886,1.0883612382845183
-1.6343494787599533,510,0,0,-0.5831425816831967,-1.15213825424269,-0.31287993845362044,0.6747705794164651,0.8392068175992359,0.4015056807129647,0.3932158800103109,-0.43701940791887217,-1.0143095069274886,-1.1962329461814414
1.5493503165892353,510,0,0,-0.5831425816831967,0.7569115912788394,0.8307936107086407,-0.8899399677104809,1.0393677948188216,-0.27965328616941143,-0.588503002421595,0.09663520528688338,2.67178345120218,-0.4347015513594548
-0.5731162136435572,408,0,0,-0.5831425816831967,0.7458446356526278,-0.26315500153352217,-0.4080403353658975,1.0393677948188216,-0.2501232731542795,0.44488529487514805,0.45240494742405374,0.21438814578240092,-1.1962329461814414
-1.5080121852937156,408,0,0,-0.5831425816831967,1.0741643192302437,-0.41232981229381704,0.4426003112018684,2.7407361011852993,0.3247276468736217,-0.5368335875567578,-0.010095717354267989,0.6239540300190308,0.32682984346253174
-0.6994535071097949,408,0,0,-0.5831425816831967,-1.5763715532474742,1.7755674121905083,1.550774364528683,1.089408039123718,0.08061287261519792,-1.2085359807996408,-0.15240361420913565,-0.19517773845422887,-1.1962329461814414
-2.3671057808641316,415,0,0,-0.5831425816831967,0.5005271192716002,-0.6609544968943086,1.5663824497868073,-0.8621614887672419,-0.8348175308538908,-1.2085359807996408,0.27452007635546855,0.21438814578240092,1.0883612382845183
-0.21937179193809184,415,0,1,1.7180909691053052,-0.13397833663120728,0.7810686737885423,1.2756818618542445,-0.4618395343280706,0.5373437405825711,-0.5368335875567578,0.5591358700652052,0.21438814578240092,-0.4347015513594548
1.5240828578959877,415,0,0,-0.5831425816831967,0.2275422138250436,0.6318938630282475,-2.5346419517853125,-0.6620005115476563,0.07667553754651389,0.34154646514547377,1.1283674574846776,-0.19517773845422887,1.8498926331065049
-1.7354193135329434,408,0,0,-0.5831425816831967,-0.1542677552792626,-0.9095791814948001,-0.2968327279017632,0.08860315302578986,0.047145524531382,-1.880238374042524,-0.010095717354267989,1.0335199142556606,-0.4347015513594548
0.43758213408634394,510,1,0,-0.5831425816831967,0.8085573842011613,-0.11398019077322721,0.3860210021411682,0.03856290872089345,0.05895752973743465,0.9099100286586824,-1.3975977116892322,0.6239540300190308,-1.1962329461814414
0.05857025368763099,510,0,1,1.7180909691053052,-1.3255205590533408,1.1788681691493288,-0.23244937621200087,0.18868364163558266,-0.09262987040690941,-0.12347826863806065,-0.4725963821325891,-0.6047436226908586,-1.1962329461814414
-0.04249958108535913,415,0,0,-0.5831425816831967,0.3437452479002668,-0.6609544968943086,0.1265365847248546,-1.2124431989015165,-0.19696924972704177,0.6515629543344966,-0.5437503305600235,-0.6047436226908586,1.8498926331065049
1.0440011427242848,415,0,0,-0.5831425816831967,-1.7479093654537565,-0.26315500153352217,-1.2508769393046018,-1.8629663748651697,0.9763566007408654,2.459992474603797,1.4129832511944136,0.6239540300190308,0.32682984346253174
1.19560589488377,510,1,0,-0.5831425816831967,-0.5785010542840469,1.875017286030705,-0.8040954987907979,1.1394482834286144,-0.06900585999480356,-1.9835772037721981,-0.5793273047737405,-0.6047436226908586,0.32682984346253174
-1.7859542309194385,510,0,0,-0.5831425816831967,-0.6375248176238427,-1.20792880301539,0.7781741442515373,0.5890055960747539,-0.07491186259783017,1.7366206664960768,-1.112981917979496,-0.19517773845422887,1.0883612382845183
-0.1941043332448443,415,0,0,-0.5831425816831967,-0.6135464137670503,-0.7604043707345053,0.3079805758505475,-0.261678557108485,0.6318397822309932,-0.9501889064754551,0.45240494742405374,-0.6047436226908586,-1.1962329461814414
-0.9521280940422702,510,0,0,-0.5831425816831967,0.5171275527109179,-0.21343006461342384,0.5499058973514719,0.5890055960747539,-0.7541021619458638,1.5816124219015655,1.0927904832709607,-1.0143095069274886,-0.4347015513594548
1.6504201513622254,408,0,0,-0.5831425816831967,1.7474041198247927,0.4827190522679525,-2.885823870093106,0.43888486316006464,0.8897352292298117,0.9615794435235195,0.23894310214175163,0.21438814578240092,-1.1962329461814414
-0.2951741680178344,415,0,0,-0.5831425816831967,0.0025141160920707324,1.3777679168297219,1.931221442695459,-0.4117992900231742,-0.30721463165020074,1.0132488583883568,-0.9350970469109109,-0.6047436226908586,-0.4347015513594548
-0.11830195716510171,510,0,0,-0.5831425816831967,-0.0011748691166663127,1.228593106069427,-0.7514182110446286,1.940092192306957,1.2519700555487632,1.6849512516312397,-1.2908667890480812,-1.0143095069274886,-0.4347015513594548
0.6902567210188192,510,0,0,-0.5831425816831967,1.633045578353938,-0.26315500153352217,-1.5669406657816154,1.2895690163433036,0.3916623430412541,1.0649182732531939,1.484137199621848,0.6239540300190308,0.32682984346253174
0.18490754715386862,408,0,0,-0.5831425816831967,-1.9508035519343054,0.23409436766746095,-1.1201592252678116,0.6890860846845467,-0.6044834293358623,-0.12347826863806065,0.23894310214175163,-0.6047436226908586,0.32682984346253174
-1.0026630114287651,415,0,1,0.5303575235370462,1.3434602394680633,0.2838193045875593,-0.25391049344192146,-1.5627249090357913,1.1555053463659994,1.8916289110905884,-0.08124966578170181,-0.6047436226908586,0.32682984346253174
0.8165940144850569,408,0,0,-0.5831425816831967,-1.1392268060121093,-0.014530316933030606,-0.03149527851365283,0.23872388594047905,0.8503618785429692,0.9615794435235195,0.5591358700652052,-0.19517773845422887,-1.1962329461814414
-0.3962440027908245,408,1,0,-0.5831425816831967,-1.1687386876820074,-0.7106794338144069,0.5635629719523303,1.3396092606482,0.06486353234046069,0.44488529487514805,-0.045672691567984904,-0.6047436226908586,1.0883612382845183
0.008035336301135934,415,0,0,-0.5831425816831967,1.358216180303012,-0.5615046230541121,0.7235458458481031,0.6890860846845467,-0.9175015672962599,-0.7951806618809436,-0.1879805884228532,1.0335199142556606,1.8498926331065049
-0.1941043332448443,415,0,0,-0.5831425816831967,1.6883803564849968,0.03519461998706771,0.7137907925617755,1.6398507264775783,-1.0927129778527092,0.1348688056861251,-0.6504812532011743,0.6239540300190308,-0.4347015513594548
-0.4973138375638146,510,0,0,-0.5831425816831967,-0.4622980202088232,-0.8101293076546036,0.3001765332214853,-0.4618395343280706,0.5688424211320455,-0.9501889064754551,1.2350983801258284,-0.6047436226908586,-0.4347015513594548
0.3112448406201063,510,0,0,-0.5831425816831967,-0.45307555718698006,-0.36260487537371877,2.532132725133239,0.28876413024537545,-0.22649926274217366,1.1682571029828681,1.1639444316983945,-0.6047436226908586,-0.4347015513594548
0.03330279499438346,408,0,0,-0.5831425816831967,0.8325357880579531,-0.9593041184148985,-1.3933007172849843,0.5890055960747539,-0.6556687852287575,0.44488529487514805,1.9822148386138867,0.6239540300190308,-0.4347015513594548
-1.4574772679072208,415,0,0,-0.5831425816831967,0.37510162217453374,0.3832691784277559,1.7088062277671892,-1.012282221681931,-0.39974200576428104,0.1348688056861251,0.3812509989966199,1.0335199142556606,-0.4347015513594548
0.008035336301135934,415,0,0,-0.5831425816831967,0.7034213057521492,0.8805185476287389,0.6025831850976406,1.3896495049530964,-0.30721463165020074,1.426604177307054,-3.6389470871534053,-1.833441275400748,1.0883612382845183
-0.21937179193809184,408,0,0,-0.5831425816831967,1.2881254613370043,0.8805185476287389,0.20847903233000614,-0.261678557108485,-0.6281074397479676,0.8065711989290081,-0.4014424337051553,-0.6047436226908586,-1.1962329461814414
0.2354424645403637,415,1,1,1.4211576077132406,1.6293565931451999,0.13464449382726434,1.2191025527935448,-1.3125236875113093,-0.4489586941228342,0.2898770502806366,-0.6860582274148912,-1.0143095069274886,-0.4347015513594548
0.5133845101660865,510,0,1,1.198457586669192,0.7126437687739923,-0.6112295599742104,2.881363632783766,0.38884461885516824,0.23023160522519942,0.9099100286586824,-0.9706740211246278,1.0335199142556606,1.0883612382845183
1.0440011427242848,408,1,1,1.2726909270172082,0.21278627299009437,0.43299411534785415,-0.9991965645173497,0.9893275505139251,0.529469070445203,-2.086916033501873,-0.15240361420913565,-0.6047436226908586,-1.1962329461814414
2.155769325227176,415,0,1,1.3469242673652244,-1.9415810889124623,0.33354424150765755,-0.4587666124548009,0.7891665732943395,1.8780063314695596,-0.5368335875567578,1.5197141738355648,-0.6047436226908586,0.32682984346253174
-0.85105825926928,415,0,0,-0.5831425816831967,-0.7500388664903289,-1.7549031091364715,0.15775275524110277,0.43888486316006464,0.6200277770249406,-0.9501889064754551,-0.3658654594914384,-0.6047436226908586,0.32682984346253174
-2.0133613591586665,415,0,0,-0.5831425816831967,1.2014343089316786,-0.9593041184148985,-0.6402106035804943,0.8392068175992359,1.5866435363869247,-0.6918418321512693,-1.2908667890480812,-1.4238753911641184,-0.4347015513594548
-1.331139974440983,415,0,0,-0.5831425816831967,1.1147431565263533,-0.6112295599742104,-1.1669834810421842,0.8392068175992359,-1.41754312101916,1.8916289110905884,-1.112981917979496,1.8526516827289201,-0.4347015513594548
2.1305018665339284,415,1,1,1.643857628757289,-0.4696759906262978,0.6816187999483457,-1.6020588576123946,0.28876413024537545,1.131881335953893,0.23820763541579942,0.9504825864160924,-0.6047436226908586,0.32682984346253174
-1.2048026809747454,408,0,0,-0.5831425816831967,1.5057755886525022,0.9302434845488372,0.975226220635355,0.23872388594047905,-0.49030071234401873,0.5998935394696595,-0.15240361420913565,-1.0143095069274886,-1.1962329461814414
0.5639194275525815,408,0,0,-0.5831425816831967,-1.2019395545606426,-0.46205474921391537,0.3079805758505475,1.1394482834286144,0.9783252682752074,0.08319939082128797,0.27452007635546855,-0.6047436226908586,-1.1962329461814414
0.33651229931335386,415,0,0,-0.5831425816831967,-0.5987904729321016,0.9302434845488372,-0.7767813495890805,0.5389653517698575,1.4763981544637652,0.2898770502806366,-0.43701940791887217,-0.6047436226908586,2.6114240279284915
0.3870472166998489,408,0,0,-0.5831425816831967,-0.11184442537878396,-0.36260487537371877,-0.13099682203419416,-1.2124431989015165,0.1396728986454617,0.5998935394696595,2.1245227354687546,2.26221756696555,1.0883612382845183
-0.7752558831895375,415,0,0,-0.5831425816831967,-1.3808553371843995,0.5821689261081491,-2.314177747514309,0.18868364163558266,-0.6202327696105989,0.4965547097399852,1.9822148386138867,1.0335199142556606,1.0883612382845183
0.2859773819268588,408,0,1,1.569624288409273,0.35481220352647896,1.0794182953091322,0.7372029204489615,0.6890860846845467,1.7441369391342947,-1.6218912997183381,0.45240494742405374,0.21438814578240092,-0.4347015513594548
-0.04249958108535913,415,0,1,2.5346577129334835,0.6720649314778827,1.228593106069427,0.6142892490412342,0.18868364163558266,0.2873229637211212,-0.02013943890838634,-0.3302884852777208,-0.19517773845422887,0.32682984346253174
0.8418614731783043,408,0,0,-0.5831425816831967,0.42674741509685504,0.23409436766746095,0.4699144604035857,-0.511879778632967,1.043291296908498,0.3932158800103109,0.6658667927063558,1.0335199142556606,-1.1962329461814414
0.6649892623255717,415,0,0,-0.5831425816831967,0.720021739191467,-0.36260487537371877,-0.993343532545553,1.4897299935628892,0.0727382024778293,1.5816124219015655,-0.3658654594914384,0.21438814578240092,0.32682984346253174
-1.8364891483059336,415,0,0,-0.5831425816831967,-0.20960253341032142,-0.6609544968943086,-0.7631242749882221,-0.4117992900231742,-0.16743923671190988,0.5998935394696595,-0.045672691567984904,-0.6047436226908586,1.0883612382845183
-0.04249958108535913,415,0,0,-0.5831425816831967,1.3803500915554359,0.9799684214689356,-0.8099485307625941,-0.4117992900231742,1.2500013880144207,-0.33015592809740923,-1.5043286343303832,0.21438814578240092,-0.4347015513594548
-1.0279304701220127,415,0,0,-0.5831425816831967,-0.6375248176238427,1.6263926014302135,0.1616547765556336,-0.4117992900231742,2.511917277527724,0.5998935394696595,1.5552911480492817,-1.0143095069274886,-0.4347015513594548
-1.760686772226191,408,0,1,1.4953909480612568,-0.1432007996530504,0.7810686737885423,0.7781741442515373,1.2395287720384072,0.8779232240237591,-1.0535277362051294,0.13221217950060027,1.0335199142556606,-0.4347015513594548
-0.32044162671108195,415,0,0,-0.5831425816831967,0.2293867064294121,-0.46205474921391537,-1.4284189091157637,1.3396092606482,-0.8919088893498126,1.2715959327125426,-0.9706740211246278,0.21438814578240092,-0.4347015513594548
-0.4973138375638146,415,0,1,1.198457586669192,-0.9123542156747684,0.8307936107086407,-0.09392761954614919,-1.9630468634749625,-1.2128016974475788,1.1682571029828681,0.4168279732103368,0.21438814578240092,-1.1962329461814414
0.13437262976737357,415,0,0,-0.5831425816831967,-0.9400216047402977,-0.8598542445747018,-1.3035542270507705,0.6890860846845467,0.1908582545383569,0.6515629543344966,0.4168279732103368,-1.0143095069274886,-1.1962329461814414
1.0187336840310373,415,0,0,-0.5831425816831967,0.23676467684688673,0.5324439891880508,-0.8567727865369666,-0.6620005115476563,-0.4942380474127027,-0.9501889064754551,0.27452007635546855,0.6239540300190308,-1.1962329461814414
0.05857025368763099,510,0,1,1.569624288409273,-0.28522673018943506,0.5324439891880508,0.35675584228218543,-0.21163831280358855,0.3818190053695435,0.3932158800103109,0.7370207411337902,1.8526516827289201,-1.1962329461814414
-1.710151854839696,415,1,0,-0.5831425816831967,-0.2870712227938036,-0.06425525385312891,-0.9309111915130566,0.08860315302578986,-1.5179451652706086,0.18653822055096225,-1.362020737475515,-0.19517773845422887,-1.1962329461814414
-0.34570908540432943,415,0,1,0.827290884929111,-0.2538703559151681,1.0794182953091322,-0.27146958935731125,-0.5619200229378634,0.9606072604661282,-1.1568665659348036,-3.6389470871534053,-1.833441275400748,-0.4347015513594548
-0.6236511310300523,415,0,0,-0.5831425816831967,-0.18562412955352905,-1.1582038660952918,-1.4986552927773222,-0.6620005115476563,0.3641009975604642,-0.4334947578270835,-0.08124966578170181,-0.6047436226908586,-1.1962329461814414
0.589186886245829,415,0,0,-0.5831425816831967,-0.4088077346821329,0.33354424150765755,-0.6441126248950251,0.5890055960747539,-0.23831126794822632,0.08319939082128797,-0.508173356346306,-0.6047436226908586,1.0883612382845183
0.4123146753930964,510,0,1,1.2726909270172082,0.6720649314778827,1.9744671598709016,0.45430637514546135,-1.5627249090357913,1.318904751716395,0.5998935394696595,0.5591358700652052,-0.19517773845422887,-1.1962329461814414
-2.266035946091142,415,0,0,-0.5831425816831967,-0.6670366992937407,1.4772177906699187,1.7283163343398444,-2.513489550828823,-0.13594055616243597,-0.02013943890838634,-0.1879805884228532,0.6239540300190308,0.32682984346253174
-1.9375589830789237,408,0,0,-0.5831425816831967,1.5869332632447224,-0.7106794338144069,0.15580174458383736,0.08860315302578986,-0.3623373226117805,0.23820763541579942,0.31009705056918546,0.6239540300190308,0.32682984346253174
-0.1688368745515968,408,0,1,2.2377243515414187,-0.1745571739273174,1.1788681691493288,-0.14660490729231798,0.7891665732943395,-1.870336653917849,-1.4152136402589894,0.9149056122023754,-0.19517773845422887,-0.4347015513594548
0.05857025368763099,510,0,1,2.0150243304973703,-1.2738747661310192,0.03519461998706771,0.14604669129750977,-0.9622419773770347,-2.2345401477711424,-1.2085359807996408,1.3062523285532628,-1.0143095069274886,1.8498926331065049
1.1703384361905225,415,0,0,-0.5831425816831967,-1.0174902941237798,-1.3073786768555868,2.3428846913784827,-1.1123627102917237,-0.8604102088003387,1.3232653475773797,0.061058231073166463,-0.19517773845422887,0.32682984346253174
-1.3058725157477356,415,1,0,-0.5831425816831967,1.0741643192302437,-0.41232981229381704,0.15775275524110277,0.9392873062090287,-0.6517314501600728,-0.7435112470161065,1.911060890186452,0.6239540300190308,0.32682984346253174
-0.6489185897232999,510,0,0,-0.5831425816831967,-1.3015421551965487,-0.6112295599742104,1.1410621265029242,0.9893275505139251,-0.3702119927491491,0.9615794435235195,1.0927904832709607,-0.6047436226908586,1.8498926331065049
0.2354424645403637,510,0,0,-0.5831425816831967,-2.963429991732682,-0.41232981229381704,1.1235030305875338,-0.9622419773770347,-1.7974959551471905,-1.3635442253941523,1.6264450964767163,-0.19517773845422887,-0.4347015513594548
-0.7247209658030425,510,0,0,-0.5831425816831967,-0.7500388664903289,0.5324439891880508,0.21043004298727155,0.08860315302578986,-0.4213973486420443,-0.4851641726919207,0.2033661279280347,-0.6047436226908586,-0.4347015513594548
-2.0133613591586665,415,0,0,-0.5831425816831967,-1.6040389423130037,-0.26315500153352217,-0.7592222536736908,-1.512684664730895,1.6555469000888992,-1.1568665659348036,0.3812509989966199,-0.6047436226908586,2.6114240279284915
-0.017232122392111596,510,0,0,-0.5831425816831967,-0.6836371327330584,-0.6609544968943086,-0.09978065151794596,-0.6119602672427599,-1.5514125133544248,0.8582406137938453,-0.8639430984834767,1.4430857984922902,0.32682984346253174
0.33651229931335386,415,0,1,2.0892576708453863,2.404043486980023,-0.5117796861340137,-0.010034161283731682,-0.5619200229378634,-0.34265064726835925,0.23820763541579942,1.4129832511944136,-1.0143095069274886,-0.4347015513594548
0.05857025368763099,510,0,0,-0.5831425816831967,-0.21698050382779552,1.0296933583890338,0.2357931815317235,1.1394482834286144,0.14361023371414575,-1.4152136402589894,0.9860595606298093,-0.6047436226908586,2.6114240279284915
1.5240828578959877,415,0,0,-0.5831425816831967,-1.9692484779779917,0.9799684214689356,1.2932409577696347,0.9893275505139251,0.42512969112507004,-0.4851641726919207,0.5591358700652052,-1.0143095069274886,0.32682984346253174
1.0187336840310373,510,0,0,-0.5831425816831967,-0.6098574285583134,1.0296933583890338,-0.6031414010924493,1.2395287720384072,0.7460224992228368,0.5998935394696595,-0.7216352016286087,0.21438814578240092,-1.1962329461814414
-0.5478487549503097,510,0,0,-0.5831425816831967,-0.6006349655364702,-1.4068285506957834,-0.6850838486976014,0.08860315302578986,0.8326438707338899,0.34154646514547377,-0.6504812532011743,1.8526516827289201,-0.4347015513594548
-0.32044162671108195,415,0,0,-0.5831425816831967,2.249106108213059,1.7755674121905083,1.1098459559866753,-1.4126041761211021,-1.338796419645475,0.9099100286586824,1.1283674574846776,-1.0143095069274886,1.8498926331065049
1.2461408122702649,510,0,0,-0.5831425816831967,-0.012241824742877973,0.03519461998706771,-0.6187494863505737,0.48892510746496104,-1.0297156167537613,-0.02013943890838634,1.270675354339546,-0.6047436226908586,1.8498926331065049
-1.2553375983612405,510,0,0,-0.5831425816831967,1.4817971847957097,0.6816187999483457,-0.480227729684722,-0.3117188014133814,-2.435344236274039,0.5998935394696595,1.8043299675453015,-1.4238753911641184,-0.4347015513594548
-0.34570908540432943,415,0,0,-0.5831425816831967,-0.043598199017144956,-1.4068285506957834,0.9381570181473101,0.23872388594047905,-0.002071163827171153,-0.6918418321512693,-0.5793273047737405,1.0335199142556606,1.0883612382845183
1.1703384361905225,415,0,1,2.0892576708453863,1.3766611063466982,-1.1084789291751935,0.532346801436082,0.23872388594047905,-2.025861389130877,1.2715959327125426,1.270675354339546,1.0335199142556606,2.6114240279284915
1.0692686014175323,408,0,1,1.8665576498013376,1.0999872156914041,0.43299411534785415,0.6767215900737306,0.5890055960747539,-0.8781282166094174,-0.27848651323257206,-0.25913453685028703,-0.19517773845422887,-0.4347015513594548
-0.2951741680178344,415,0,0,-0.5831425816831967,-0.01593080995161554,-0.9593041184148985,0.641603398242951,-1.3125236875113093,-1.3584830949888962,1.0132488583883568,-0.4014424337051553,-0.19517773845422887,-0.4347015513594548
1.7514899861352156,510,0,0,-0.5831425816831967,0.08367179068429045,0.2838193045875593,0.07971232895048205,-1.512684664730895,0.46056570674322855,1.6849512516312397,-0.15240361420913565,-0.6047436226908586,0.32682984346253174
-0.5731162136435572,415,0,1,1.2726909270172082,0.3289893070653181,-1.3571036137756851,1.8512300057475723,0.6390458403796503,0.21251359741612016,-1.4152136402589894,1.0572135090572432,-1.0143095069274886,-1.1962329461814414
-0.9268606353490226,510,1,1,1.8665576498013376,-0.9658445012014584,-0.36260487537371877,-0.7397121471010356,0.18868364163558266,0.9153279071762596,0.44488529487514805,-0.7572121758423257,3.4909152196754394,-1.1962329461814414
-1.6343494787599533,415,0,0,-0.5831425816831967,1.3619051655117496,-1.1582038660952918,-0.3592650689342595,2.5405751239657137,1.4744294869294237,0.1348688056861251,-0.6504812532011743,-1.0143095069274886,-0.4347015513594548
-0.6236511310300523,510,0,1,1.8665576498013376,0.18696337652893347,-1.7051781722163732,0.2338421708744581,-1.762885886255377,-0.6930734683812579,0.3932158800103109,-0.08124966578170181,0.21438814578240092,-0.4347015513594548
-0.7247209658030425,415,0,0,-0.5831425816831967,0.5208165379196555,-0.41232981229381704,-0.09978065151794596,0.48892510746496104,-0.3170579693219114,1.2199265178477054,1.0216365348435261,-0.19517773845422887,-1.1962329461814414
-1.1795352222814979,510,0,1,1.8665576498013376,-1.2462073770654898,-0.5117796861340137,0.14019365932571298,0.5890055960747539,-0.996248268669945,-0.898519491610618,0.3812509989966199,-0.19517773845422887,0.32682984346253174
0.7407916384053143,415,0,0,-0.5831425816831967,0.6130411681380868,0.08491955690716602,-0.2148902802966111,1.8400117036971642,-0.6064520968702043,0.23820763541579942,0.13221217950060027,-0.19517773845422887,-1.1962329461814414
0.4123146753930964,415,0,0,-0.5831425816831967,-0.6449027880413174,0.731343736868444,1.1313070732165966,-1.7128456419504805,1.0295106241681027,0.6515629543344966,-1.0062509953383447,1.8526516827289201,0.32682984346253174
1.3219431883500075,510,0,0,-0.5831425816831967,0.29209945497794554,0.33354424150765755,-0.9016460316540739,-0.21163831280358855,-1.1438983337456043,-0.1751476835028978,0.48798192163777065,0.6239540300190308,-0.4347015513594548
0.6902567210188192,408,1,0,-0.5831425816831967,1.2106567719535217,0.5821689261081491,-1.937632690662064,0.03856290872089345,-0.9568749179831024,0.8065711989290081,0.16778915371431719,0.21438814578240092,-1.1962329461814414
-1.8364891483059336,415,0,0,-0.5831425816831967,0.15191801704592997,-0.31287993845362044,0.9323039861755134,-0.7120407558525527,0.15542223892019894,1.2199265178477054,0.13221217950060027,0.21438814578240092,-1.1962329461814414
-0.8257908005760325,408,0,1,1.0499909059731596,-1.790332695354235,-0.16370512769332554,1.738071387626172,-0.3117188014133814,-0.4115540109703337,0.7032323691993339,-1.9312523248949878,-0.19517773845422887,1.0883612382845183
-0.8257908005760325,510,0,0,-0.5831425816831967,-0.3700733899903918,1.1291432322292305,0.7801251549088032,-0.3617590457182778,0.18495225193533085,-1.260205395664478,0.4168279732103368,-0.6047436226908586,-0.4347015513594548
-0.8763257179625276,408,0,1,1.3469242673652244,1.3895725545772788,0.3832691784277559,0.8269494106831752,1.7399312150873711,-0.1989379172613838,-0.27848651323257206,-1.7177904796126855,-0.6047436226908586,0.32682984346253174
0.5639194275525815,408,0,0,-0.5831425816831967,-0.4659870054175602,0.33354424150765755,-0.34755900499066655,0.5389653517698575,-2.8920751042414126,1.7366206664960768,0.23894310214175163,1.4430857984922902,-1.1962329461814414
-0.6489185897232999,415,0,1,0.9757575656251434,-0.06942109547830531,-0.16370512769332554,0.32553967176593723,0.28876413024537545,0.720429821276389,1.7366206664960768,-1.7533674538264026,-0.19517773845422887,2.6114240279284915
-0.04249958108535913,415,0,0,-0.5831425816831967,0.3769461147789023,-1.7051781722163732,-1.8127680085970705,0.18868364163558266,0.645620454971388,-0.9501889064754551,0.4168279732103368,-1.0143095069274886,1.0883612382845183
-0.37097654409757697,415,0,0,-0.5831425816831967,-0.9455550825534033,1.0296933583890338,-0.07246650231622859,-0.3617590457182778,-1.2305197052566579,2.6666701340631453,0.7014437669200727,0.21438814578240092,4.134486817572465
-2.291303404784389,510,0,0,-0.5831425816831967,0.06338237203623565,0.13464449382726434,0.2728623840197685,-1.1624029545966201,0.1081742180959878,-1.4152136402589894,-0.5437503305600235,0.6239540300190308,0.32682984346253174
-0.017232122392111596,415,0,0,-0.5831425816831967,-1.532103730742627,-0.7106794338144069,0.18311589378555418,1.6398507264775783,-1.0730263025092879,0.2898770502806366,0.8081746895612241,-0.6047436226908586,-0.4347015513594548
-0.2699067093245869,415,0,0,-0.5831425816831967,-1.2240734658130663,0.3832691784277559,-0.2246453335829387,-1.8629663748651697,1.3956827855557385,1.2199265178477054,1.3774062769806965,-0.19517773845422887,1.0883612382845183
0.9176638492580469,415,1,0,-0.5831425816831967,-0.10262196235694082,1.1291432322292305,-0.7709283176172838,0.7391263289894431,1.1771606892437623,-0.12347826863806065,0.4168279732103368,-0.6047436226908586,0.32682984346253174
-0.3962440027908245,510,0,0,-0.5831425816831967,0.07076034245371027,0.5324439891880508,-0.6246025183223699,-0.11155782419379576,-0.02372650670493499,-0.1751476835028978,-0.11682663999541872,-0.19517773845422887,1.8498926331065049
0.7407916384053143,408,0,1,1.643857628757289,0.1002722241236082,0.8307936107086407,0.9498630820909031,2.0401726809167497,-0.8485982035942855,0.1348688056861251,-1.0062509953383447,1.0335199142556606,-1.1962329461814414
1.5998852339757303,510,0,1,1.643857628757289,1.09260924527393,-0.014530316933030606,0.5694160039241271,1.0393677948188216,0.10620555056164578,-1.7768995443128495,1.0572135090572432,1.4430857984922902,-0.4347015513594548
2.3073740773866613,415,0,1,2.0892576708453863,-0.43094164593455675,-1.1582038660952918,0.2865194586206269,1.2895690163433036,1.5393955155627141,-0.898519491610618,-0.11682663999541872,0.6239540300190308,0.32682984346253174
0.589186886245829,415,0,1,1.4953909480612568,1.325015313424377,0.18436943074736264,0.4738164817181165,-0.5619200229378634,1.0039179462216554,1.0649182732531939,-0.9706740211246278,0.21438814578240092,-0.4347015513594548
1.8525598209082055,408,0,0,-0.5831425816831967,-0.7408164034684858,-0.21343006461342384,-1.1201592252678116,0.38884461885516824,0.4782837145523072,0.34154646514547377,-0.08124966578170181,0.21438814578240092,0.32682984346253174
2.9390605447178495,415,0,0,-0.5831425816831967,-1.0304017423543603,1.875017286030705,0.9303529755182479,0.23872388594047905,1.352372099800212,-1.1568665659348036,1.0927904832709607,-0.19517773845422887,-1.1962329461814414
-0.5478487549503097,408,0,0,-0.5831425816831967,-0.5047213501093017,0.5821689261081491,-0.4607176231120668,1.589810482172682,-2.057360069680351,-0.6918418321512693,-1.7533674538264026,-0.6047436226908586,-0.4347015513594548
0.4123146753930964,415,0,0,-0.5831425816831967,-0.6688811918981092,0.13464449382726434,0.20457701101547532,0.38884461885516824,-0.3091832991845433,-0.22681709836773498,0.45240494742405374,-0.6047436226908586,-0.4347015513594548
0.2354424645403637,510,0,0,-0.5831425816831967,-1.4786134452159367,-1.9040779198967663,1.4473707996936103,-0.7120407558525527,0.22038826755348878,-0.33015592809740923,2.3024076065373396,-0.6047436226908586,0.32682984346253174
0.10910517107412605,415,0,1,1.1242242463211758,0.2570540954949415,-0.7604043707345053,0.37821695951210604,-0.511879778632967,1.4074947907617907,0.5482241246048224,-0.6149042789874574,0.21438814578240092,-1.1962329461814414
-1.331139974440983,415,0,0,-0.5831425816831967,0.19987482475951418,-0.41232981229381704,2.2765503290314557,-0.7620810001574491,-1.3289530819737643,0.6515629543344966,-0.6860582274148912,-0.19517773845422887,0.32682984346253174
0.6397218036323241,415,0,0,-0.5831425816831967,0.9063154922326982,0.08491955690716602,-0.6265535289796359,-0.06151757988889935,0.4448163664684913,-0.02013943890838634,0.5591358700652052,-0.19517773845422887,-0.4347015513594548
-0.06776703977860665,415,0,0,-0.5831425816831967,0.8768036105628003,0.7810686737885423,-1.5669406657816154,0.13864339733068626,-1.6518145576058731,0.08319939082128797,-1.9668292991087046,-0.19517773845422887,2.6114240279284915
0.9429313079512944,415,0,1,2.1634910111934027,-1.913913699846933,0.08491955690716602,-0.5309540067736254,2.340414146746128,-0.7541021619458638,-0.22681709836773498,-0.7216352016286087,3.4909152196754394,-1.1962329461814414
0.03330279499438346,415,0,0,-0.5831425816831967,-1.1945615841431683,1.228593106069427,-2.3200307794861055,1.2895690163433036,2.0354997342169296,0.031529975956450816,0.6302898184926389,-0.19517773845422887,-1.1962329461814414
0.9176638492580469,408,0,0,-0.5831425816831967,0.4857711784366514,-0.6112295599742104,0.16555679787016495,-0.7120407558525527,1.7520116092716629,-0.8468500767457807,1.5197141738355648,-0.19517773845422887,0.32682984346253174
-1.0531979288152602,510,0,0,-0.5831425816831967,-0.449386571978243,-1.0587539922550953,0.6728195687591997,1.1394482834286144,-0.6202327696105989,-1.0535277362051294,-0.5437503305600235,-0.19517773845422887,-0.4347015513594548
-0.9521280940422702,415,1,1,2.0892576708453863,0.358501188735216,0.4827190522679525,1.76538553682789,0.5389653517698575,-0.06506852492611954,-0.4334947578270835,0.27452007635546855,0.6239540300190308,-0.4347015513594548
0.589186886245829,415,0,0,-0.5831425816831967,1.363749658116118,0.18436943074736264,-1.6176669428705188,1.1394482834286144,0.9369832500540228,0.18653822055096225,1.3418293027669796,-1.0143095069274886,-1.1962329461814414
-0.5731162136435572,408,0,0,-0.5831425816831967,0.8399137584754277,-1.655453235296275,-0.03149527851365283,1.3396092606482,-0.5001440500157294,0.08319939082128797,1.5552911480492817,-1.0143095069274886,-1.1962329461814414
-0.37097654409757697,408,0,0,-0.5831425816831967,-0.9824449346407761,0.731343736868444,-0.6246025183223699,0.5890055960747539,-0.9115955646932339,-0.27848651323257206,-0.15240361420913565,1.0335199142556606,0.32682984346253174
-1.280605057054488,415,1,1,1.3469242673652244,2.3523976940577027,-0.31287993845362044,1.7283163343398444,-1.1123627102917237,-0.511956055221782,0.44488529487514805,-0.7927891500560426,-0.6047436226908586,-1.1962329461814414
-0.2951741680178344,415,0,0,-0.5831425816831967,-1.6575292278396936,-1.009029055334997,-0.4099913460231629,-0.9622419773770347,-1.0868069752496832,1.0132488583883568,-0.25913453685028703,-0.19517773845422887,0.32682984346253174
-0.37097654409757697,415,0,0,-0.5831425816831967,0.2699655437255217,-0.11398019077322721,-0.13684985400599037,-0.261678557108485,-0.1753139068492785,1.1682571029828681,-0.3302884852777208,1.0335199142556606,1.0883612382845183
-1.1542677635882503,510,1,0,-0.5831425816831967,-1.3550324407232388,-1.1582038660952918,-1.50841034606365,-0.011477335584002954,-2.057360069680351,-0.4334947578270835,0.9504825864160924,-0.6047436226908586,-1.1962329461814414
0.3870472166998489,408,0,1,0.827290884929111,-0.44016410895639985,0.18436943074736264,-0.300734749216294,0.8892470619041323,-0.16153323410888384,0.8065711989290081,-0.7216352016286087,-1.0143095069274886,1.0883612382845183
0.7913265557918093,415,0,0,-0.5831425816831967,-1.1429157912208467,-1.7051781722163732,0.25725429876164413,0.38884461885516824,0.7598031719632315,-0.33015592809740923,-0.508173356346306,0.21438814578240092,-0.4347015513594548
-0.2699067093245869,408,1,0,-0.5831425816831967,0.7790455025312634,-0.16370512769332554,0.058251211720561455,1.6898909707824747,0.2932289663241478,2.7700089637928196,-0.6504812532011743,-0.19517773845422887,-0.4347015513594548
-0.9268606353490226,415,0,1,1.0499909059731596,0.3843240851963769,-1.009029055334997,-1.3601335361114706,-0.8121212444623455,0.5865604289411241,-1.7252301294480124,-0.9350970469109109,0.21438814578240092,-0.4347015513594548
1.3219431883500075,415,0,1,1.0499909059731596,-0.21882499643216455,0.18436943074736264,0.8971857943447343,-0.4618395343280706,0.05895752973743465,0.8582406137938453,-0.9706740211246278,2.67178345120218,-0.4347015513594548
1.2208733535770175,510,0,0,-0.5831425816831967,0.7034213057521492,-0.46205474921391537,1.4181056398346275,-1.3125236875113093,0.5117510626361237,-0.07180885377322349,-0.2235575626365701,-0.6047436226908586,1.0883612382845183
-0.06776703977860665,415,0,1,1.7180909691053052,-1.0802030426723133,0.23409436766746095,0.3528538209676546,-0.11155782419379576,0.5078137275674391,0.4965547097399852,0.6302898184926389,-1.4238753911641184,-0.4347015513594548
-0.1941043332448443,415,0,0,-0.5831425816831967,1.1110541713176163,-1.50627842453598,0.9947363272080102,-0.06151757988889935,-0.6359821098853362,0.5998935394696595,0.23894310214175163,2.26221756696555,-0.4347015513594548
0.36177975800660134,415,0,0,-0.5831425816831967,1.970587724953396,1.228593106069427,0.09532041420860586,-1.3125236875113093,-0.18712591205533113,2.0983065705499366,-1.18413586640693,0.6239540300190308,-0.4347015513594548
0.9429313079512944,510,0,0,-0.5831425816831967,-0.6098574285583134,0.03519461998706771,1.6327168121338345,2.090212925221646,-0.49030071234401873,-0.12347826863806065,1.3418293027669796,0.6239540300190308,1.0883612382845183
0.4123146753930964,510,0,1,0.9015242252771272,0.48208219322791385,-0.11398019077322721,-1.2625830032481946,0.33880437455027185,-0.8170995230448116,2.4083230597389598,-0.5437503305600235,-0.6047436226908586,0.32682984346253174
-0.1941043332448443,415,0,0,-0.5831425816831967,-0.5065658427136703,2.024192096791,0.2865194586206269,0.33880437455027185,1.2106280373275782,0.5482241246048224,0.6302898184926389,1.0335199142556606,-0.4347015513594548
-0.42151146148407204,408,0,0,-0.5831425816831967,-1.7257754542013328,-0.8598542445747018,1.168376275704641,-0.7120407558525527,-2.0140493839248244,0.44488529487514805,-0.4725963821325891,-0.19517773845422887,-0.4347015513594548
0.3870472166998489,415,0,1,2.683124393629516,0.9413608517157023,-0.31287993845362044,0.45430637514546135,0.13864339733068626,0.8483932110086272,-1.260205395664478,0.31009705056918546,-1.0143095069274886,-1.1962329461814414
-1.0531979288152602,510,0,0,-0.5831425816831967,0.18696337652893347,-0.014530316933030606,-1.6566871560158292,1.6398507264775783,0.38772500797256954,0.754901784064171,-1.0062509953383447,-0.19517773845422887,-1.1962329461814414
-0.14356941585834926,415,0,0,-0.5831425816831967,-0.0804880511045175,-0.46205474921391537,0.8503615385703618,0.43888486316006464,-2.4629055817548293,-0.27848651323257206,-0.9706740211246278,-1.0143095069274886,-0.4347015513594548
1.19560589488377,415,0,1,2.2377243515414187,0.5466394343808159,0.4827190522679525,-1.6430300814149708,-1.3625639318162057,-1.7974959551471905,0.23820763541579942,2.231253658109906,-0.19517773845422887,0.32682984346253174
0.18490754715386862,408,0,1,2.0150243304973703,0.6702204388735142,0.2838193045875593,-0.00418112931193546,0.33880437455027185,-0.10837921068164609,0.34154646514547377,1.8754839159727352,1.0335199142556606,-1.1962329461814414
-0.5225812962570623,415,0,0,-0.5831425816831967,0.28103249935173386,0.7810686737885423,0.17726286181375794,-0.3617590457182778,-0.13397188862809395,-0.02013943890838634,0.9149056122023754,-0.6047436226908586,-1.1962329461814414
-0.9015931766557751,415,0,1,1.1242242463211758,0.82331332503611,0.2838193045875593,-0.21879230161114246,-0.011477335584002954,0.43103569372809664,-1.3118748105293152,-0.15240361420913565,-0.19517773845422887,-1.1962329461814414
0.589186886245829,415,0,0,-0.5831425816831967,0.26627655851678467,0.13464449382726434,0.7840271762233341,0.7891665732943395,0.5235630678421763,2.7183395489279825,0.594712844278922,0.21438814578240092,-1.1962329461814414
0.5639194275525815,415,0,0,-0.5831425816831967,-0.7297494478422741,0.2838193045875593,-0.9192051275694636,0.03856290872089345,-2.968853138080756,-0.6918418321512693,0.8081746895612241,-1.4238753911641184,0.32682984346253174
-1.861756606999181,510,0,0,-0.5831425816831967,0.8620476697278515,-0.26315500153352217,1.4337137250927519,0.43888486316006464,0.8228005330621794,0.9615794435235195,-0.7216352016286087,-0.6047436226908586,0.32682984346253174
0.13437262976737357,415,0,1,1.7180909691053052,0.3289893070653181,1.228593106069427,-1.5103613567209153,0.48892510746496104,-1.679375903086663,0.031529975956450816,0.7370207411337902,-0.19517773845422887,1.0883612382845183
-1.3816748918274782,408,0,0,-0.5831425816831967,0.3160778588347374,-0.7604043707345053,0.09922243552313724,-1.3125236875113093,0.3089783065988845,0.5998935394696595,0.3456740247829024,0.21438814578240092,1.0883612382845183
-0.2699067093245869,415,1,0,-0.5831425816831967,-0.5785010542840469,-0.21343006461342384,0.3821189808266374,0.5389653517698575,-1.3132037416990276,-0.1751476835028978,-0.3658654594914384,-1.4238753911641184,1.8498926331065049
0.589186886245829,415,0,0,-0.5831425816831967,-0.2243584742452701,0.9302434845488372,0.6318483449566235,2.1402531695265425,-1.7974959551471905,0.754901784064171,0.025481256859449554,0.21438814578240092,-1.1962329461814414
1.8020249035217104,510,0,0,-0.5831425816831967,-0.18009065174042296,1.1291432322292305,-0.3456079943334011,-0.3117188014133814,3.821081187865238,-1.4668830551238266,0.8793286379886579,1.0335199142556606,0.32682984346253174
-0.2951741680178344,415,0,0,-0.5831425816831967,-0.823818570665074,-2.0532527306570616,-0.8743318824523565,2.59061536827061,-0.06703719246046155,0.5998935394696595,-0.010095717354267989,0.21438814578240092,-0.4347015513594548
1.347210647043255,415,0,0,-0.5831425816831967,3.1584409621667926,-1.2576537399354886,0.30602956519328206,-0.3117188014133814,1.043291296908498,-0.02013943890838634,-0.045672691567984904,1.8526516827289201,-0.4347015513594548
0.4628495927795915,408,1,1,0.6045908638850624,-0.5969459803277332,0.13464449382726434,-0.7943404455044704,-0.21163831280358855,-0.3328073095966486,1.0132488583883568,-0.8995200726971936,-1.0143095069274886,-1.1962329461814414
-1.4069423505207257,510,0,1,1.569624288409273,-0.8072181372257563,0.18436943074736264,0.42309020462921315,0.03856290872089345,0.6830251381238884,-0.4334947578270835,-0.8283661242697595,0.6239540300190308,0.32682984346253174
-0.2699067093245869,408,0,0,-0.5831425816831967,-0.685481625337427,1.2783180429895253,-1.4557330583174808,0.8892470619041323,1.4429308063799493,-1.5185524699886637,-2.0024062733224217,-0.19517773845422887,-0.4347015513594548
-0.6994535071097949,408,0,0,-0.5831425816831967,-1.061758116628627,-0.41232981229381704,-1.219660768788353,0.6890860846845467,0.45859703920888595,1.426604177307054,-1.5754825827578174,0.21438814578240092,-0.4347015513594548
-0.5225812962570623,415,0,0,-0.5831425816831967,-1.0193347867281486,-0.014530316933030606,-0.5426600707172183,0.33880437455027185,1.0295106241681027,-1.9835772037721981,-0.8283661242697595,1.8526516827289201,-0.4347015513594548
0.10910517107412605,510,0,1,0.5303575235370462,-1.6870411095095919,1.228593106069427,-0.48608076165651826,2.090212925221646,1.3582781024032375,-0.7951806618809436,-0.1879805884228532,-1.4238753911641184,0.32682984346253174
-0.5731162136435572,415,0,0,-0.5831425816831967,-0.5508336652185175,0.9302434845488372,-0.3631670902487909,0.7391263289894431,1.1929100295184993,1.3232653475773797,-0.1879805884228532,1.4430857984922902,-1.1962329461814414
-1.1542677635882503,408,1,0,-0.5831425816831967,0.7642895616963141,0.731343736868444,-0.6909368806693976,-0.16159806849869215,0.6790878030552044,0.8582406137938453,-0.1879805884228532,-0.19517773845422887,-0.4347015513594548
-0.37097654409757697,510,0,1,0.6045908638850624,-0.6412138028325798,0.23409436766746095,0.10507546749493346,0.5389653517698575,1.07282130992363,0.8582406137938453,0.48798192163777065,-1.0143095069274886,1.8498926331065049
-1.8364891483059336,510,0,0,-0.5831425816831967,0.022803534740126054,0.43299411534785415,1.716610270396252,-2.1131675963896517,-0.17728257438362052,-0.4851641726919207,1.3774062769806965,0.6239540300190308,0.32682984346253174
0.5133845101660865,510,0,1,1.3469242673652244,-0.1690236961142113,-0.46205474921391537,1.047413614954179,-0.511879778632967,0.36803833262914826,1.116587688118031,1.733176019117867,0.21438814578240092,-1.1962329461814414
0.5133845101660865,408,0,1,2.683124393629516,-1.1724276728907448,-0.7604043707345053,-0.9894415112310222,0.9893275505139251,0.9035159019702069,-0.12347826863806065,0.6302898184926389,-1.0143095069274886,-0.4347015513594548
-0.44677892017731957,510,0,0,-0.5831425816831967,1.4781081995869727,0.2838193045875593,-0.9387152341421188,0.7891665732943395,0.4684403768805966,-0.4334947578270835,-0.010095717354267989,-1.0143095069274886,-1.1962329461814414
0.13437262976737357,510,0,0,-0.5831425816831967,0.6333305867861416,-0.26315500153352217,-0.9543233194002426,-1.512684664730895,1.16534868403771,1.2199265178477054,0.7014437669200727,0.21438814578240092,1.0883612382845183
-0.5225812962570623,415,1,0,-0.5831425816831967,1.7879829571209023,1.0794182953091322,-0.10173166217521137,-1.0623224659868273,0.18495225193533085,-1.1568665659348036,-1.0774049437657789,-0.6047436226908586,-0.4347015513594548
0.5386519688593341,415,0,0,-0.5831425816831967,-1.1115594169465801,-0.36260487537371877,0.4504043538309305,0.13864339733068626,0.21645093248480474,1.116587688118031,-0.5437503305600235,-0.19517773845422887,0.32682984346253174
-1.2048026809747454,415,0,1,1.7923243094533214,-0.8920647970267135,-1.854352982976668,0.5186897268352236,1.2395287720384072,-0.43320935384809695,0.23820763541579942,0.9149056122023754,-1.0143095069274886,0.32682984346253174
0.3870472166998489,415,0,1,1.198457586669192,0.9837841816161809,-0.5117796861340137,-0.9504212980857119,-0.3117188014133814,2.8229667479537803,-0.9501889064754551,0.16778915371431719,0.6239540300190308,-0.4347015513594548
-0.6741860484165474,510,0,0,-0.5831425816831967,-1.0248682645412546,0.08491955690716602,1.195690424906359,0.03856290872089345,1.3248107543194216,-0.12347826863806065,0.5235588958514875,-1.0143095069274886,0.32682984346253174
0.589186886245829,510,0,0,-0.5831425816831967,0.21647525819883193,1.6761175383503117,1.1839843609627654,0.6390458403796503,-0.3662746576804645,0.5482241246048224,-0.08124966578170181,-0.6047436226908586,-0.4347015513594548
-1.6090820200667058,415,0,1,0.9015242252771272,1.570332829805404,-0.9593041184148985,0.30602956519328206,0.48892510746496104,0.1928269220726989,0.08319939082128797,0.061058231073166463,1.0335199142556606,-1.1962329461814414
-0.44677892017731957,408,1,0,-0.5831425816831967,1.695758326902471,-0.6609544968943086,0.30212754387875124,1.2895690163433036,-1.571099188697846,0.23820763541579942,0.5235588958514875,-0.19517773845422887,-0.4347015513594548
-1.0784653875085077,510,0,0,-0.5831425816831967,1.1719224272617808,0.23409436766746095,0.5967301531258444,0.38884461885516824,-0.3938360031612544,1.0132488583883568,-0.8639430984834767,-0.19517773845422887,0.32682984346253174
-0.09303449847185417,415,0,1,1.4953909480612568,0.4193694446793809,-0.16370512769332554,-2.5678091329588266,-0.8121212444623455,1.1161319956791569,-1.880238374042524,-1.255289814834364,-0.6047436226908586,-0.4347015513594548
0.7407916384053143,408,0,1,0.827290884929111,-0.49180990187872115,-0.6609544968943086,0.24164621350351972,-0.06151757988889935,0.08651887521822453,0.7032323691993339,0.2033661279280347,0.6239540300190308,0.32682984346253174
-1.0279304701220127,415,1,0,-0.5831425816831967,0.4857711784366514,-0.16370512769332554,1.4941950554679821,0.8392068175992359,0.02155284658493414,1.9949677408202626,0.27452007635546855,-1.0143095069274886,-1.1962329461814414
-0.37097654409757697,408,0,1,1.1242242463211758,0.8472917288929024,0.33354424150765755,0.8874307410584067,0.23872388594047905,0.8818605590924431,-1.0018583213402923,-0.15240361420913565,-1.0143095069274886,-1.1962329461814414
-0.11830195716510171,415,0,0,-0.5831425816831967,1.4910196478175528,0.731343736868444,-1.0694329481789082,-2.7136505280484085,1.3504034322658696,-0.6918418321512693,0.45240494742405374,-0.19517773845422887,2.6114240279284915
-1.710151854839696,408,0,0,-0.5831425816831967,1.33423777644622,-0.9593041184148985,-0.12124176874786655,-0.21163831280358855,0.20267025974440953,-0.6918418321512693,-0.6504812532011743,-0.6047436226908586,0.32682984346253174
1.5240828578959877,510,1,0,-0.5831425816831967,0.2699655437255217,0.2838193045875593,0.9479120714336376,0.23872388594047905,1.0629779722519193,1.478273592171891,0.9504825864160924,-1.4238753911641184,-0.4347015513594548
1.3724781057365025,415,0,0,-0.5831425816831967,0.19803033215514568,1.1291432322292305,1.9604866025544418,-0.21163831280358855,0.2696049559120419,1.7366206664960768,-0.7927891500560426,-0.6047436226908586,-0.4347015513594548
1.145070977497275,408,0,1,1.7180909691053052,0.423058429888118,-0.46205474921391537,0.7918312188523963,0.38884461885516824,-0.6162954345419149,-1.2085359807996408,-0.8639430984834767,-1.0143095069274886,-0.4347015513594548
-0.017232122392111596,415,0,0,-0.5831425816831967,0.2275422138250436,-0.26315500153352217,0.0016719026598613173,0.03856290872089345,1.39765145309008,-1.3635442253941523,2.8360622197430954,-0.6047436226908586,-0.4347015513594548
-1.5080121852937156,415,0,1,2.4604243725854675,0.5115940748978124,-0.26315500153352217,-1.2391708753610082,0.9893275505139251,-1.6774072355523206,-1.3635442253941523,-1.5399056085441003,-0.6047436226908586,-0.4347015513594548
-0.2699067093245869,415,0,0,-0.5831425816831967,-0.06757660287393678,0.5324439891880508,1.6463738867346929,0.7391263289894431,-0.9864049309982343,1.116587688118031,0.9860595606298093,1.0335199142556606,-0.4347015513594548
0.3112448406201063,415,0,1,1.7923243094533214,0.01542556432265144,-0.5615046230541121,-1.3933007172849843,1.1894885277335108,-0.6694494579691521,1.2199265178477054,-0.6504812532011743,-1.0143095069274886,-0.4347015513594548
-1.230070139667993,408,0,0,-0.5831425816831967,0.690509857521569,0.18436943074736264,-0.9465192767711804,-0.8621614887672419,-1.311235074164685,0.44488529487514805,0.5591358700652052,-0.19517773845422887,0.32682984346253174
-2.139698652624904,510,0,0,-0.5831425816831967,0.4802377006235453,-1.5560033614560782,-0.6109454437215115,-0.3617590457182778,0.3778816703008589,-1.880238374042524,0.23894310214175163,-0.6047436226908586,-1.1962329461814414
1.1198035188040274,408,0,0,-0.5831425816831967,0.36219017394395303,1.1788681691493288,-1.459635079632012,-0.7120407558525527,1.7382309365312683,1.788290081360914,-0.9350970469109109,-0.6047436226908586,-0.4347015513594548
-0.3962440027908245,408,0,1,0.6788242042330785,-1.6556847352353252,-0.6112295599742104,0.6318483449566235,-1.262483443206413,-0.6930734683812579,0.8065711989290081,-0.3302884852777208,1.0335199142556606,1.8498926331065049
1.6504201513622254,415,0,0,-0.5831425816831967,0.4396588633274357,-0.9593041184148985,-0.6460636355522911,0.48892510746496104,-1.3565144274545542,1.2199265178477054,-0.3658654594914384,0.21438814578240092,0.32682984346253174
-1.710151854839696,415,0,0,-0.5831425816831967,0.08920526849739654,0.5324439891880508,0.058251211720561455,0.48892510746496104,0.718461153742047,-0.02013943890838634,-0.3302884852777208,0.21438814578240092,1.0883612382845183
1.4988153992027402,415,0,0,-0.5831425816831967,-0.062043125060831227,-0.5117796861340137,-0.09392761954614919,0.7391263289894431,1.24015805034271,-0.27848651323257206,-0.3658654594914384,-0.19517773845422887,-0.4347015513594548
-1.1037328462017553,510,1,0,-0.5831425816831967,-1.1908725989344309,-1.7549031091364715,-1.5318224739508361,-0.21163831280358855,0.8680798863520485,-1.3118748105293152,-1.362020737475515,-1.4238753911641184,-1.1962329461814414
1.7009550687487205,415,0,0,-0.5831425816831967,0.06707135724497269,1.526942727590017,-0.4216974099667565,-1.3625639318162057,1.8091029677675852,-0.02013943890838634,-0.11682663999541872,0.21438814578240092,0.32682984346253174
0.2859773819268588,415,0,0,-0.5831425816831967,0.5374169713589727,2.4717165290718848,0.2338421708744581,0.18868364163558266,-0.4489586941228342,-0.12347826863806065,-0.6149042789874574,-0.19517773845422887,-1.1962329461814414
0.48811705147283896,408,0,0,-0.5831425816831967,-0.2686262967501173,-0.014530316933030606,2.270697297059659,-0.8621614887672419,-1.6085038718503464,-0.7435112470161065,-0.6860582274148912,1.4430857984922902,-0.4347015513594548
1.1198035188040274,408,0,0,-0.5831425816831967,0.922915925672016,-0.9095791814948001,-1.2235627901028843,0.13864339733068626,0.982262603343892,0.44488529487514805,-2.4649069381007433,-0.6047436226908586,-0.4347015513594548
-0.9015931766557751,415,0,0,-0.5831425816831967,-0.5692785912622037,-1.009029055334997,1.1352090945311273,-0.3117188014133814,-1.011997608944682,0.34154646514547377,0.8793286379886579,0.6239540300190308,0.32682984346253174
0.33651229931335386,415,0,0,-0.5831425816831967,-1.7497538580581251,0.8805185476287389,0.9576671247199653,-0.7120407558525527,-0.14775256136848863,-0.27848651323257206,1.5197141738355648,1.4430857984922902,-0.4347015513594548
-0.06776703977860665,415,0,1,2.2377243515414187,0.6296416015774041,-1.9538028568168646,1.0181484550951962,0.18868364163558266,0.1337668960424351,-1.4152136402589894,0.16778915371431719,0.21438814578240092,0.32682984346253174
0.13437262976737357,415,0,0,-0.5831425816831967,0.8011794137836866,1.0296933583890338,-1.7698457741372295,-0.11155782419379576,-0.2402799354825689,0.34154646514547377,-1.112981917979496,3.0813493354388095,-1.1962329461814414
0.6649892623255717,415,0,0,-0.5831425816831967,0.7642895616963141,-0.014530316933030606,-0.7826343815608774,0.6390458403796503,0.6338084497653353,-0.22681709836773498,-1.219712840620647,-0.19517773845422887,0.32682984346253174
-1.1037328462017553,415,0,0,-0.5831425816831967,0.1795854061114594,2.819791087512573,-0.5055908682291734,-1.512684664730895,0.4133176859190174,0.8582406137938453,0.3456740247829024,0.21438814578240092,1.0883612382845183
-0.24463925063133934,408,0,0,-0.5831425816831967,-0.5969459803277332,1.0296933583890338,-0.49973783625737717,-0.6620005115476563,-1.2718617234778424,-1.0535277362051294,1.0927904832709607,-0.6047436226908586,0.32682984346253174
-0.9773955527355177,415,0,0,-0.5831425816831967,0.18327439132019643,1.0794182953091322,-1.892759445544957,-0.261678557108485,-0.39974200576428104,0.2898770502806366,0.2033661279280347,0.21438814578240092,0.32682984346253174
-0.8257908005760325,415,1,1,2.3119576918894347,-0.6928595957549015,1.9744671598709016,0.795733240166927,-0.5619200229378634,1.9902203809270607,-1.4668830551238266,0.3812509989966199,0.21438814578240092,-0.4347015513594548
0.2354424645403637,510,0,0,-0.5831425816831967,0.15560700225466703,1.3280429799096236,-2.152243862961271,0.8892470619041323,-0.996248268669945,-1.880238374042524,1.8043299675453015,-0.6047436226908586,1.0883612382845183
0.05857025368763099,415,0,0,-0.5831425816831967,-0.7057710439854817,1.1291432322292305,1.0298545190387893,-0.6620005115476563,0.2932289663241478,-0.22681709836773498,-1.362020737475515,-1.0143095069274886,-0.4347015513594548
-0.8005233418827851,415,0,0,-0.5831425816831967,-0.6633477140850036,-0.6112295599742104,-1.1513753957840598,-0.7120407558525527,-0.13594055616243597,-0.898519491610618,0.2033661279280347,0.21438814578240092,1.0883612382845183
1.0692686014175323,415,0,0,-0.5831425816831967,0.8067128915967927,-0.06425525385312891,-0.657769699495884,1.3896495049530964,0.0412395219283554,-0.8468500767457807,-2.037983247536139,-0.19517773845422887,-1.1962329461814414
0.3112448406201063,415,0,0,-0.5831425816831967,0.6628424684560396,1.4274928537498202,0.34895179965312323,0.8392068175992359,0.12195489083638246,-0.4851641726919207,-1.2908667890480812,1.8526516827289201,1.8498926331065049
0.10910517107412605,415,0,1,1.4211576077132406,-0.7076155365898508,-0.21343006461342384,-0.6460636355522911,-0.3117188014133814,1.4468681414486333,0.031529975956450816,0.4168279732103368,-1.0143095069274886,-0.4347015513594548
0.8165940144850569,415,0,0,-0.5831425816831967,-0.6596587288762661,-1.4565534876158817,-0.3280488984180114,1.5397702378677856,1.468523484326397,1.6332818367664026,0.9504825864160924,-0.19517773845422887,1.0883612382845183
-0.21937179193809184,510,0,0,-0.5831425816831967,0.5245055231283925,1.228593106069427,-0.03734831048544905,-1.2124431989015165,-2.4510935765487765,-0.1751476835028978,-0.5793273047737405,0.6239540300190308,-1.1962329461814414
-1.2048026809747454,408,0,1,0.7530575445810948,-0.6043239507452073,0.33354424150765755,2.130224529736542,-0.8121212444623455,-0.43714668891678155,1.5299430070367284,-1.0774049437657789,1.0335199142556606,-1.1962329461814414
-0.6236511310300523,408,0,0,-0.5831425816831967,0.44334784853617276,-1.9538028568168646,-0.7631242749882221,1.3396092606482,-0.4922693798783607,-0.1751476835028978,-0.6504812532011743,-0.6047436226908586,-1.1962329461814414
-1.5080121852937156,510,0,0,-0.5831425816831967,0.04678193859691789,-0.5615046230541121,0.20847903233000614,0.18868364163558266,0.12786089343940907,1.2199265178477054,-1.219712840620647,-1.4238753911641184,-0.4347015513594548
0.7407916384053143,408,0,0,-0.5831425816831967,-0.9695334864101957,0.08491955690716602,0.11873254209579241,0.33880437455027185,0.6062471042845454,-0.07180885377322349,-1.4687516601166664,0.6239540300190308,-1.1962329461814414
0.08383771238087853,415,1,0,-0.5831425816831967,-0.5785010542840469,0.3832691784277559,-0.7611732643309562,0.6390458403796503,1.1495993437629728,0.1348688056861251,0.27452007635546855,-0.19517773845422887,-1.1962329461814414
-0.21937179193809184,415,0,1,2.683124393629516,-0.5084103353180388,-0.26315500153352217,1.4454197890363443,-1.3625639318162057,-0.7580394970145478,1.0649182732531939,-0.08124966578170181,-1.4238753911641184,0.32682984346253174
2.7621883338651165,408,0,0,-0.5831425816831967,-1.3826998297887683,1.0296933583890338,-1.001147575174615,-1.4626444204259985,1.0669153073206032,-1.7252301294480124,-1.326443763261798,1.4430857984922902,0.32682984346253174
-0.8257908005760325,408,0,0,-0.5831425816831967,-0.8846868266092389,-0.5615046230541121,-1.2450239073328049,0.43888486316006464,1.090539317732709,0.34154646514547377,-0.010095717354267989,0.21438814578240092,1.0883612382845183
-0.11830195716510171,415,0,0,-0.5831425816831967,-1.3458099777013959,1.3777679168297219,1.6385698441056313,-0.6620005115476563,-0.43320935384809695,-0.4334947578270835,1.6620220706904332,1.0335199142556606,-0.4347015513594548
-0.2951741680178344,415,0,0,-0.5831425816831967,-1.7940216805629723,-1.1582038660952918,-0.6558186888386186,-1.012282221681931,-0.12215988342204132,-1.570221884853501,-1.0774049437657789,-0.19517773845422887,-0.4347015513594548
-1.1795352222814979,408,0,1,2.3119576918894347,-0.6578142362718975,-1.3571036137756851,0.18506690444282015,0.8392068175992359,-1.411637118416134,0.8582406137938453,0.8081746895612241,1.4430857984922902,0.32682984346253174
-0.32044162671108195,408,0,1,1.4211576077132406,-1.5892830014780543,0.2838193045875593,0.9986383485225411,-0.4117992900231742,-0.23437393287954228,0.18653822055096225,0.23894310214175163,-1.4238753911641184,-0.4347015513594548
1.3724781057365025,408,0,1,2.3119576918894347,0.06891584984934175,0.2838193045875593,0.08361435026501286,0.03856290872089345,1.2362207152740259,-0.5368335875567578,-1.8245214022538367,1.0335199142556606,-0.4347015513594548
-0.5225812962570623,408,0,0,-0.5831425816831967,0.5595508826113965,-1.3073786768555868,-0.11148671546153896,-1.1624029545966201,0.14361023371414575,0.9615794435235195,-0.508173356346306,-0.19517773845422887,0.32682984346253174
-0.42151146148407204,415,0,1,2.0150243304973703,0.5152830601065495,1.875017286030705,0.003622913317126725,0.7891665732943395,-0.7166974787933632,0.34154646514547377,-0.9706740211246278,4.719612872385329,1.8498926331065049
0.4628495927795915,408,0,0,-0.5831425816831967,-1.0193347867281486,-1.6057282983761765,0.12263456341032324,-0.6119602672427599,-0.8564728737316541,-0.3818253429622464,1.6264450964767163,-1.4238753911641184,-1.1962329461814414
0.36177975800660134,415,0,0,-0.5831425816831967,0.3013219179997887,0.5324439891880508,0.5108856842061615,0.38884461885516824,2.2107111447733785,0.6515629543344966,1.0572135090572432,-1.4238753911641184,0.32682984346253174
-1.811221689612686,408,0,0,-0.5831425816831967,0.3179223514391064,-0.9593041184148985,-0.6402106035804943,0.48892510746496104,-1.3447024222485016,-0.12347826863806065,0.8793286379886579,1.0335199142556606,0.32682984346253174
0.5133845101660865,408,0,0,-0.5831425816831967,-0.2022245629928468,1.0296933583890338,-0.6285045396369013,-0.3117188014133814,-2.0790154125581144,-2.13858544836671,0.7370207411337902,-0.19517773845422887,-0.4347015513594548
-1.5332796439869631,415,0,1,2.4604243725854675,-0.5803455468884154,-1.3073786768555868,-0.6109454437215115,-0.6119602672427599,0.2597616182403313,0.08319939082128797,-1.4331746859029493,0.21438814578240092,0.32682984346253174
-0.11830195716510171,408,0,0,-0.5831425816831967,-0.16717920350984278,-0.7106794338144069,1.4961460661252481,-0.6119602672427599,-0.7560708294802058,0.8582406137938453,0.7014437669200727,0.6239540300190308,-0.4347015513594548
0.5639194275525815,415,0,0,-0.5831425816831967,-0.07126558808267436,-1.1084789291751935,-0.31634283447441836,-0.21163831280358855,-0.8663162114033647,-0.4334947578270835,-0.4014424337051553,-1.0143095069274886,0.32682984346253174
-0.5731162136435572,415,0,1,0.9757575656251434,-0.349783971342337,-0.7604043707345053,0.4347962685728062,-1.0623224659868273,-1.5140078302019242,-0.4334947578270835,-0.25913453685028703,-1.4238753911641184,0.32682984346253174
-1.230070139667993,415,0,0,-0.5831425816831967,0.557706390007028,0.6816187999483457,-0.5758272518907319,-0.9122017330721383,-0.9115955646932339,0.9615794435235195,-0.11682663999541872,1.8526516827289201,1.8498926331065049
0.5386519688593341,510,0,1,1.0499909059731596,0.45994828197549054,-0.41232981229381704,-1.1942976302439017,1.0393677948188216,0.08061287261519792,0.1348688056861251,-0.5793273047737405,0.21438814578240092,0.32682984346253174
0.05857025368763099,408,1,0,-0.5831425816831967,-2.153697738414855,1.1788681691493288,-0.5933863478061218,-1.7128456419504805,1.5610508584404768,-1.1568665659348036,-0.2947115110640039,-0.19517773845422887,1.0883612382845183
-0.09303449847185417,415,1,0,-0.5831425816831967,-0.6615032214806351,0.8307936107086407,1.4083505865483,-0.9122017330721383,-0.4450213590541496,-1.0018583213402923,0.23894310214175163,-0.6047436226908586,-1.1962329461814414
0.008035336301135934,415,0,1,1.8665576498013376,0.7403111578395217,1.8252923491106066,-0.27342060001457663,-0.3117188014133814,-0.322963971924938,0.6515629543344966,-0.25913453685028703,-1.0143095069274886,0.32682984346253174
-1.9628264417721712,408,0,0,-0.5831425816831967,0.19618583955077662,-0.5615046230541121,-0.6714267740967425,0.38884461885516824,0.37197566769783286,-1.4152136402589894,1.69759904490415,-0.19517773845422887,3.372955422750478
-2.215501028704647,415,0,0,-0.5831425816831967,0.2515206176818354,-0.5615046230541121,-0.12514379006239737,-0.511879778632967,-0.2835906212380955,0.18653822055096225,-0.1879805884228532,-1.0143095069274886,1.8498926331065049
1.6251526926689779,415,0,0,-0.5831425816831967,0.5189720453152864,0.43299411534785415,-0.7026429446129906,-0.3117188014133814,-2.882231766569702,-0.4851641726919207,-0.8283661242697595,-0.6047436226908586,-1.1962329461814414
0.6397218036323241,415,0,1,1.7180909691053052,1.8156503461864317,-0.6112295599742104,1.0220504764097271,-1.762885886255377,0.43891036386546467,0.7032323691993339,-0.5437503305600235,-0.19517773845422887,-1.1962329461814414
-0.6994535071097949,408,0,0,-0.5831425816831967,0.15191801704592997,-0.26315500153352217,-1.007000607146412,2.1402531695265425,0.009740841378881492,0.6515629543344966,0.27452007635546855,-0.19517773845422887,0.32682984346253174
0.6902567210188192,415,0,0,-0.5831425816831967,0.2957884401866826,-0.06425525385312891,1.306898032370493,0.9893275505139251,-0.7088228086559947,-1.260205395664478,2.0533687870413204,-1.0143095069274886,-1.1962329461814414
-0.017232122392111596,510,0,0,-0.5831425816831967,1.566643844596667,0.8307936107086407,-0.13294783269145957,0.5389653517698575,1.2165340399306046,0.5482241246048224,-0.9706740211246278,-0.19517773845422887,0.32682984346253174
-2.038628817851914,408,0,0,-0.5831425816831967,0.1334730910022437,-0.5615046230541121,1.0259524977242584,-2.4634493065239265,1.4212754635021865,0.23820763541579942,0.7370207411337902,0.6239540300190308,0.32682984346253174
1.1703384361905225,415,1,1,1.198457586669192,0.7440001430482593,0.8805185476287389,0.1499487126120406,0.7891665732943395,2.9843974857698345,0.5482241246048224,-0.7572121758423257,-0.19517773845422887,1.0883612382845183
1.39774556442975,408,0,0,-0.5831425816831967,-0.09708848454383473,-0.26315500153352217,-0.277322621329108,1.3896495049530964,1.127944000885209,0.23820763541579942,0.9504825864160924,0.21438814578240092,1.0883612382845183
-0.2951741680178344,415,0,1,1.198457586669192,-1.508125326885835,-0.11398019077322721,0.12458557406758863,-1.662805397645584,0.2676362883776999,1.3232653475773797,-1.5399056085441003,-1.0143095069274886,-1.1962329461814414
1.4482804818162451,408,0,0,-0.5831425816831967,0.5595508826113965,0.5821689261081491,0.39967807674202716,-0.9122017330721383,0.17904624933230423,-0.3818253429622464,-0.7216352016286087,-0.6047436226908586,-0.4347015513594548
0.8671289318715518,510,0,0,-0.5831425816831967,-0.4641425128131917,1.4772177906699187,0.058251211720561455,-0.511879778632967,-0.8308801957852068,-2.13858544836671,0.5591358700652052,-0.6047436226908586,-1.1962329461814414
0.6144543449390766,415,1,0,-0.5831425816831967,2.1919268374776313,-1.1084789291751935,1.359575320116662,2.090212925221646,-1.8427753084370595,-0.8468500767457807,0.7014437669200727,-1.0143095069274886,-1.1962329461814414
0.36177975800660134,408,0,0,-0.5831425816831967,-0.6061684433495763,1.3777679168297219,-1.8459351897705845,-1.3125236875113093,-0.06309985739177752,0.18653822055096225,0.31009705056918546,-0.19517773845422887,0.32682984346253174
0.36177975800660134,415,1,0,-0.5831425816831967,0.008047593905176825,0.9302434845488372,-0.039299321142714456,1.2895690163433036,0.3188216442705951,-1.570221884853501,0.7725977153475072,-0.6047436226908586,-0.4347015513594548
-0.8763257179625276,408,0,1,2.3861910322374515,-0.6983930735680076,-0.6609544968943086,1.3166530856568208,-0.5619200229378634,0.79523918758139,-1.6735607145831752,-0.6149042789874574,1.0335199142556606,-1.1962329461814414
-0.9268606353490226,408,0,0,-0.5831425816831967,-0.5803455468884154,-1.3571036137756851,-0.7006919339557253,0.03856290872089345,0.29716630139283184,1.2715959327125426,0.7370207411337902,-1.0143095069274886,2.6114240279284915
0.7660590970985618,415,0,0,-0.5831425816831967,0.3050109032085257,-0.5615046230541121,-0.29878373855902857,-0.6620005115476563,0.9665132630691547,1.6332818367664026,-1.7889444280401197,0.6239540300190308,0.32682984346253174
0.05857025368763099,408,0,0,-0.5831425816831967,-0.34609498613359946,-0.46205474921391537,-0.8782339037668873,-0.9122017330721383,1.0511659670458666,0.1348688056861251,-0.6149042789874574,-0.6047436226908586,-0.4347015513594548
-1.4069423505207257,408,0,1,2.2377243515414187,0.3179223514391064,-0.41232981229381704,1.0415605829823822,0.38884461885516824,1.198816032121526,-0.7951806618809436,-0.8995200726971936,-1.0143095069274886,-0.4347015513594548
0.3870472166998489,510,0,0,-0.5831425816831967,0.23123119903378064,-0.11398019077322721,2.1868038387972413,1.7399312150873711,-1.3919504430727128,-0.33015592809740923,-0.8283661242697595,-1.0143095069274886,1.0883612382845183
1.5746177752824828,415,0,0,-0.5831425816831967,-1.0543801462111524,1.4274928537498202,-1.705462422447467,0.38884461885516824,-0.4076166759016496,-0.1751476835028978,0.8081746895612241,1.0335199142556606,-0.4347015513594548
-1.6343494787599533,415,0,1,0.6045908638850624,-0.556367143031623,0.5324439891880508,-1.3464764615106117,0.6390458403796503,-1.3427337547141596,-0.6918418321512693,-1.255289814834364,-1.0143095069274886,-1.1962329461814414
0.5133845101660865,408,0,0,-0.5831425816831967,0.620419138555561,-1.0587539922550953,-1.5630386444670843,0.7891665732943395,0.8562678811459958,0.08319939082128797,-0.9706740211246278,-0.19517773845422887,-0.4347015513594548
-1.710151854839696,510,0,0,-0.5831425816831967,0.05415990901439251,-1.7549031091364715,0.6103872277267028,-0.21163831280358855,-1.0179036115477087,-0.9501889064754551,-0.9706740211246278,-1.0143095069274886,0.32682984346253174
-0.37097654409757697,415,0,1,2.2377243515414187,-1.0433131905849409,2.8695160244326714,-1.3055052377080358,0.9392873062090287,-1.2344570403253425,0.1348688056861251,1.0927904832709607,-0.19517773845422887,-0.4347015513594548
0.7407916384053143,408,1,0,-0.5831425816831967,0.6757539166866198,0.2838193045875593,3.1779172526881245,-0.7120407558525527,-1.4608538067746868,1.1682571029828681,2.3735615549647733,-1.0143095069274886,2.6114240279284915
-0.7752558831895375,415,0,0,-0.5831425816831967,-0.4272526607258192,0.3832691784277559,-0.5816802838625288,0.7891665732943395,-0.09459853794125143,-0.22681709836773498,-0.5793273047737405,-0.19517773845422887,0.32682984346253174
0.13437262976737357,415,0,1,1.643857628757289,0.7476891282569964,0.23409436766746095,0.4172371726574164,0.43888486316006464,-0.8367861983882329,-0.22681709836773498,1.0216365348435261,1.4430857984922902,-1.1962329461814414
0.7660590970985618,415,0,1,2.3119576918894347,-2.037494704339631,1.0794182953091322,-1.941534711976595,1.7899714593922678,-1.8919919967956127,-0.33015592809740923,-0.4014424337051553,-0.19517773845422887,-1.1962329461814414
0.26070992323361125,415,0,0,-0.5831425816831967,0.04124846078381233,0.8307936107086407,-0.8333606586497807,-0.4618395343280706,1.285437403632579,1.1682571029828681,-0.1879805884228532,1.8526516827289201,-1.1962329461814414
-0.1688368745515968,510,0,1,1.4953909480612568,0.9893176594292864,-0.6112295599742104,-1.7074134331047328,0.08860315302578986,-1.6321278822624519,-1.5185524699886637,2.0889457612550384,-0.19517773845422887,-1.1962329461814414
1.145070977497275,415,0,0,-0.5831425816831967,0.3013219179997887,-0.7106794338144069,0.5421018547224097,-0.9122017330721383,2.0197503939421924,-0.33015592809740923,0.7014437669200727,-0.19517773845422887,1.0883612382845183
-0.14356941585834926,415,0,0,-0.5831425816831967,0.9284494034851221,0.7810686737885423,0.03093706251884409,0.48892510746496104,-0.5808594189237564,0.23820763541579942,1.4129832511944136,0.6239540300190308,-0.4347015513594548
-0.1688368745515968,510,0,0,-0.5831425816831967,-0.04544269162151348,0.5821689261081491,-0.13294783269145957,0.5890055960747539,-1.067120299906262,0.3932158800103109,-1.5399056085441003,-0.19517773845422887,-0.4347015513594548
0.968198766644542,510,1,1,1.7180909691053052,0.44150335593180423,-0.9095791814948001,-0.010034161283731682,-1.4126041761211021,0.2577929507059893,0.5998935394696595,1.1283674574846776,0.6239540300190308,-0.4347015513594548
-1.9880939004654188,408,0,0,-0.5831425816831967,-1.2775637513397564,0.33354424150765755,-0.669475763439477,-0.3617590457182778,0.02745884918796074,-0.22681709836773498,-0.25913453685028703,0.21438814578240092,-1.1962329461814414
1.5240828578959877,408,0,0,-0.5831425816831967,-1.329209544262078,1.0296933583890338,1.0844828174422234,-2.7136505280484085,0.911390572107575,1.5816124219015655,0.843751663774941,-0.6047436226908586,0.32682984346253174
0.1596400884606211,510,0,1,1.4211576077132406,1.9152529468223372,0.18436943074736264,0.45430637514546135,2.59061536827061,0.79523918758139,-1.931907788907361,1.484137199621848,1.0335199142556606,0.32682984346253174
0.4628495927795915,408,0,1,1.7923243094533214,-0.6817926401286899,-1.1582038660952918,0.1440956806402438,1.2895690163433036,-0.588734089061125,0.08319939082128797,0.6302898184926389,-1.0143095069274886,1.0883612382845183
-0.9521280940422702,415,0,0,-0.5831425816831967,1.8156503461864317,0.08491955690716602,1.2795838831687751,0.6890860846845467,0.45662837167454395,0.9099100286586824,1.0216365348435261,-0.19517773845422887,1.8498926331065049
-1.1290003048950028,415,0,0,-0.5831425816831967,0.8565141919147454,0.5821689261081491,0.9303529755182479,0.8892470619041323,-1.1891776870354736,2.1499759854147737,-1.18413586640693,2.67178345120218,-0.4347015513594548
1.2208733535770175,408,0,0,-0.5831425816831967,-0.7223714774247995,-0.31287993845362044,1.384938458661114,-0.4117992900231742,-0.24815460561993696,0.3932158800103109,0.31009705056918546,1.8526516827289201,-0.4347015513594548
0.8418614731783043,415,0,1,2.3861910322374515,-0.6762591623155838,0.23409436766746095,-2.189313065449316,-1.9630468634749625,1.7539802768060053,-0.22681709836773498,0.2033661279280347,0.6239540300190308,-0.4347015513594548
0.9429313079512944,415,0,1,1.569624288409273,0.1943413469464081,-0.6609544968943086,0.43674727923007156,1.1394482834286144,1.0885706501983665,1.5299430070367284,1.4129832511944136,0.6239540300190308,-1.1962329461814414
1.0692686014175323,510,0,0,-0.5831425816831967,-0.8514859597306034,0.33354424150765755,0.4504043538309305,0.8392068175992359,-0.40367934083296503,-0.7951806618809436,-0.010095717354267989,3.4909152196754394,-0.4347015513594548
1.8020249035217104,408,0,0,-0.5831425816831967,1.6680909378369415,0.08491955690716602,1.0883848387567554,0.5389653517698575,-0.6379507774196782,0.18653822055096225,0.6302898184926389,0.21438814578240092,0.32682984346253174
1.6251526926689779,408,0,0,-0.5831425816831967,-0.5360777243835683,-1.2576537399354886,-0.15050692860684933,-0.3617590457182778,2.1792124642239052,-0.3818253429622464,0.025481256859449554,-1.0143095069274886,-0.4347015513594548
-1.3564074331342306,415,0,1,1.643857628757289,0.31423336623036885,-0.36260487537371877,0.7918312188523963,1.9901324366118534,0.49403305482704446,0.9099100286586824,0.9504825864160924,-0.19517773845422887,0.32682984346253174
-1.1290003048950028,415,1,0,-0.5831425816831967,-0.03437573599530182,0.6816187999483457,0.28847046927789227,0.48892510746496104,0.7046804810016517,-1.7252301294480124,0.09663520528688338,0.21438814578240092,-0.4347015513594548
-0.6236511310300523,408,0,0,-0.5831425816831967,-0.11737790319189005,-0.36260487537371877,-1.3581825254542053,-1.012282221681931,-0.590702756595467,0.18653822055096225,-1.7177904796126855,-0.6047436226908586,-1.1962329461814414
0.9429313079512944,510,1,0,-0.5831425816831967,0.3068553958128942,1.4274928537498202,-0.47437469771292523,-0.7120407558525527,0.6200277770249406,0.3932158800103109,1.7687529933315838,-1.4238753911641184,-1.1962329461814414
-0.5225812962570623,415,0,0,-0.5831425816831967,-0.517632798339882,-0.5615046230541121,-1.3484274721678777,-1.1123627102917237,0.6771191355208624,1.5816124219015655,0.5591358700652052,-0.19517773845422887,-1.1962329461814414
0.3870472166998489,408,0,0,-0.5831425816831967,-0.21698050382779552,0.9302434845488372,-1.1474733744695291,1.1394482834286144,-0.20090658479572637,1.426604177307054,-1.0418279695520618,-0.19517773845422887,0.32682984346253174
1.5240828578959877,510,0,1,2.2377243515414187,1.1221211269438278,0.5821689261081491,0.019230998575251092,0.08860315302578986,0.1022682154929612,0.5998935394696595,2.0889457612550384,0.6239540300190308,-1.1962329461814414
-0.6236511310300523,415,0,0,-0.5831425816831967,0.4507258189536474,-1.5560033614560782,0.4738164817181165,0.48892510746496104,0.7755525122379687,-0.7951806618809436,-0.2235575626365701,0.21438814578240092,-0.4347015513594548
0.8923963905647994,415,0,1,0.6045908638850624,-1.6446177796091133,0.23409436766746095,0.009475945288923501,0.43888486316006464,0.5156883977048077,0.754901784064171,1.0216365348435261,-0.19517773845422887,-1.1962329461814414
1.827292362214958,510,0,0,-0.5831425816831967,-0.13028935142247022,-1.1084789291751935,-1.135767310525936,-0.4618395343280706,-1.947114687757192,-1.931907788907361,0.23894310214175163,-1.0143095069274886,-1.1962329461814414
-0.6994535071097949,408,0,0,-0.5831425816831967,0.14269555402408685,0.8805185476287389,0.7586640376788821,-0.511879778632967,-0.6576374527630995,0.3932158800103109,1.733176019117867,-1.0143095069274886,-0.4347015513594548
-1.230070139667993,415,0,1,1.198457586669192,-0.15980123309236816,-1.4565534876158817,0.01142695594618891,-1.012282221681931,-0.8249741931821802,1.2199265178477054,-2.180291144391007,0.21438814578240092,0.32682984346253174
-0.2699067093245869,415,0,0,-0.5831425816831967,0.48208219322791385,1.875017286030705,-0.7592222536736908,-0.8621614887672419,1.3543407673345536,0.18653822055096225,0.8081746895612241,0.6239540300190308,0.32682984346253174
-1.1290003048950028,408,0,0,-0.5831425816831967,0.32161133664784347,0.4827190522679525,0.42894323660100997,0.08860315302578986,0.4802523820866498,-0.4851641726919207,0.13221217950060027,0.6239540300190308,0.32682984346253174
0.36177975800660134,510,0,1,1.569624288409273,0.7938014433662121,-0.9593041184148985,-0.20513522701028353,0.43888486316006464,0.0058035063101969046,-0.6918418321512693,0.45240494742405374,-1.0143095069274886,-0.4347015513594548
-1.2553375983612405,415,0,0,-0.5831425816831967,0.06522686464060418,-0.06425525385312891,-0.7943404455044704,0.33880437455027185,2.1831497992925892,1.0649182732531939,-1.1485588921932128,-0.6047436226908586,-0.4347015513594548
1.0187336840310373,510,0,1,2.0892576708453863,0.14638453923282388,-0.06425525385312891,0.7918312188523963,0.7891665732943395,0.5629364185290189,0.23820763541579942,0.09663520528688338,0.21438814578240092,1.0883612382845183
-0.44677892017731957,510,0,0,-0.5831425816831967,0.8915595513977495,-1.1084789291751935,0.1304386060393854,0.7391263289894431,0.21251359741612016,-0.02013943890838634,0.6658667927063558,0.21438814578240092,-0.4347015513594548
1.347210647043255,415,0,0,-0.5831425816831967,0.21831975080320046,-0.36260487537371877,0.08946738223680964,0.9392873062090287,0.09439354535559258,1.0649182732531939,-0.010095717354267989,-0.6047436226908586,1.0883612382845183
-0.9015931766557751,408,0,0,-0.5831425816831967,0.5189720453152864,0.43299411534785415,0.32553967176593723,0.8392068175992359,-1.4825091496524503,0.5482241246048224,-0.7927891500560426,0.21438814578240092,-0.4347015513594548
-0.74998842449629,510,0,0,-0.5831425816831967,0.1002722241236082,-0.8101293076546036,0.618191270355765,1.4396897492579928,-0.19303191465835776,-0.9501889064754551,1.6620220706904332,-0.19517773845422887,1.0883612382845183
-1.280605057054488,415,0,1,1.0499909059731596,1.3526827024899064,0.5821689261081491,-0.44706054851120786,-0.06151757988889935,-0.8367861983882329,2.3566536448741227,-0.6149042789874574,-0.19517773845422887,1.0883612382845183
0.7155241797120667,408,0,0,-0.5831425816831967,-1.5044363416770976,-0.06425525385312891,0.7781741442515373,-1.913006619170066,1.0610093047175773,1.1682571029828681,0.09663520528688338,-0.19517773845422887,-1.1962329461814414
0.21017500584711615,415,0,1,1.569624288409273,-1.2609633179004387,-0.5117796861340137,1.2230045741080757,-0.11155782419379576,0.4684403768805966,1.426604177307054,-0.43701940791887217,0.6239540300190308,3.372955422750478
-0.5983836723368048,510,0,1,1.569624288409273,0.5816847938638199,-0.5615046230541121,0.4426003112018684,-0.16159806849869215,-1.0336529518224453,0.2898770502806366,-0.1879805884228532,1.8526516827289201,0.32682984346253174
-0.017232122392111596,415,0,1,1.569624288409273,0.6277971089730355,1.3280429799096236,-0.48608076165651826,-0.9122017330721383,0.12392355837072448,-0.02013943890838634,-0.4725963821325891,-0.6047436226908586,-0.4347015513594548
-1.5838145613734582,415,0,0,-0.5831425816831967,-1.1484492690339525,0.6816187999483457,0.1538507339265714,0.23872388594047905,0.04911419206572402,-0.12347826863806065,1.484137199621848,-1.0143095069274886,0.32682984346253174
-1.230070139667993,415,0,0,-0.5831425816831967,-1.0082678311019369,1.526942727590017,1.9448785172963174,0.8892470619041323,-0.16547056917756786,0.2898770502806366,0.48798192163777065,-0.19517773845422887,0.32682984346253174
0.9176638492580469,510,0,0,-0.5831425816831967,0.49499364145849456,1.0794182953091322,-1.4206148664867015,0.08860315302578986,-0.12609721849072533,-0.8468500767457807,-0.508173356346306,0.21438814578240092,0.32682984346253174
-1.3816748918274782,415,0,0,-0.5831425816831967,-0.28338223758506653,0.7810686737885423,-0.09002559823161836,2.6406556125755065,0.6928684757955991,0.9615794435235195,-0.7572121758423257,-1.4238753911641184,-0.4347015513594548
-0.7752558831895375,415,0,0,-0.5831425816831967,-0.8275075558738115,-0.21343006461342384,0.6845256327027928,-0.511879778632967,1.1673173515720516,0.6515629543344966,-0.9350970469109109,0.6239540300190308,1.0883612382845183
-0.3962440027908245,408,0,0,-0.5831425816831967,0.557706390007028,-0.9095791814948001,-0.12319277940513196,-0.3117188014133814,-0.00994583396453977,-0.7951806618809436,0.3812509989966199,-0.6047436226908586,-1.1962329461814414
0.05857025368763099,415,0,1,1.7180909691053052,0.10765019454108282,0.23409436766746095,-0.062711449029901,1.2895690163433036,-1.0592456297688932,0.4965547097399852,1.5197141738355648,-0.19517773845422887,0.32682984346253174
2.7621883338651165,415,0,1,1.7180909691053052,2.4759786985504,-0.6609544968943086,-1.0362657670053947,0.13864339733068626,-0.16153323410888384,-0.1751476835028978,-0.045672691567984904,1.0335199142556606,1.0883612382845183
0.43758213408634394,510,0,1,2.0150243304973703,1.41539545103844,0.9302434845488372,1.1176499986157382,-0.4618395343280706,0.2873229637211212,1.5299430070367284,0.5235588958514875,-1.4238753911641184,-0.4347015513594548
-0.44677892017731957,415,0,1,1.643857628757289,1.7142032529461573,0.23409436766746095,1.0181484550951962,-0.8621614887672419,-0.39580467069559644,1.1682571029828681,-0.5437503305600235,0.6239540300190308,1.0883612382845183
2.635851040398879,510,0,0,-0.5831425816831967,-2.3916372843784077,1.1291432322292305,-0.9777354472874291,-0.9622419773770347,-0.2501232731542795,-1.7252301294480124,-0.045672691567984904,-0.19517773845422887,0.32682984346253174
0.4628495927795915,415,0,0,-0.5831425816831967,0.95796128515502,-0.9095791814948001,1.289338936455103,-0.16159806849869215,0.1987329246757255,0.9099100286586824,-1.0062509953383447,2.26221756696555,-0.4347015513594548
0.6397218036323241,415,0,0,-0.5831425816831967,-0.3350280305073878,0.4827190522679525,0.3860210021411682,1.2395287720384072,0.9507639227944176,-1.1568665659348036,-1.8245214022538367,-1.0143095069274886,-1.1962329461814414
0.8165940144850569,408,1,1,1.7923243094533214,0.7661340543006826,1.8252923491106066,1.2503187233097925,-0.06151757988889935,-0.6300761072823096,0.3932158800103109,1.8399069417590184,-0.19517773845422887,0.32682984346253174
-0.34570908540432943,415,0,0,-0.5831425816831967,-0.7979956742039132,-0.16370512769332554,-0.5582681559753427,0.38884461885516824,-1.2482377130657372,0.031529975956450816,-1.112981917979496,0.21438814578240092,-1.1962329461814414
-0.44677892017731957,510,0,1,1.3469242673652244,0.8638921623322201,0.8307936107086407,0.6611135048156062,-0.16159806849869215,-1.3250157469050803,-0.9501889064754551,0.2033661279280347,1.0335199142556606,-0.4347015513594548
0.13437262976737357,510,1,0,-0.5831425816831967,0.4507258189536474,-0.8101293076546036,-0.6304555502941667,-1.9630468634749625,-0.7265408164650738,0.08319939082128797,1.0927904832709607,-0.6047436226908586,1.0883612382845183
-0.8257908005760325,510,0,0,-0.5831425816831967,1.2973479243588475,1.3280429799096236,1.047413614954179,0.8892470619041323,1.423244131036528,-0.12347826863806065,-0.4725963821325891,0.6239540300190308,0.32682984346253174
1.1703384361905225,510,0,0,-0.5831425816831967,1.2733695205020552,-0.8598542445747018,-1.0128536391182081,-0.7620810001574491,-0.5592040760459931,0.44488529487514805,-0.7927891500560426,-0.19517773845422887,1.0883612382845183
-0.3962440027908245,408,0,0,-0.5831425816831967,0.4027690112400632,-2.4013272890977495,0.5577099399805341,0.18868364163558266,1.015729951427708,0.2898770502806366,0.6302898184926389,-0.6047436226908586,-0.4347015513594548
0.5386519688593341,415,1,0,-0.5831425816831967,-0.6135464137670503,0.8307936107086407,0.34895179965312323,-0.3617590457182778,0.6908998082612571,-0.1751476835028978,0.45240494742405374,0.21438814578240092,-0.4347015513594548
0.3112448406201063,408,0,0,-0.5831425816831967,-0.8754643635873958,-1.4068285506957834,0.9108428689455927,0.33880437455027185,0.8917038967641537,1.1682571029828681,-1.18413586640693,0.6239540300190308,1.0883612382845183
0.6144543449390766,408,0,0,-0.5831425816831967,-0.7832397333689645,-0.31287993845362044,0.17531185115649253,-0.8621614887672419,0.7381478290854683,0.7032323691993339,-0.5793273047737405,-0.19517773845422887,-0.4347015513594548
-0.85105825926928,510,0,1,2.0150243304973703,1.2143457571622593,-0.5615046230541121,-1.0265107137190672,0.08860315302578986,1.438993471311265,1.8399594962257513,-0.9706740211246278,0.6239540300190308,-0.4347015513594548
0.6902567210188192,415,0,1,1.2726909270172082,1.5777108002228792,0.4827190522679525,-0.06661347034443181,-0.06151757988889935,0.8621738837490218,-0.4851641726919207,-0.08124966578170181,-0.6047436226908586,-0.4347015513594548
-0.017232122392111596,510,1,0,-0.5831425816831967,-2.048561659965843,0.4827190522679525,2.6589484178554974,0.7391263289894431,0.08455020768388195,-0.07180885377322349,0.6658667927063558,1.8526516827289201,-1.1962329461814414
-0.7247209658030425,408,0,1,0.9757575656251434,0.13162859839787466,0.3832691784277559,2.617977194052921,-0.7120407558525527,-0.2698099484977008,0.9615794435235195,2.231253658109906,-0.19517773845422887,-0.4347015513594548
0.6144543449390766,408,0,0,-0.5831425816831967,-0.9750669642233015,0.3832691784277559,0.10117344618040264,-0.511879778632967,0.9232025773136282,0.7032323691993339,1.0927904832709607,1.0335199142556606,-0.4347015513594548
0.10910517107412605,415,0,1,1.9407909901493539,0.7181772465870984,-1.9538028568168646,-0.08027054494529078,-1.3125236875113093,-0.9804989283952082,0.1348688056861251,-0.11682663999541872,-0.19517773845422887,0.32682984346253174
-0.7247209658030425,415,0,0,-0.5831425816831967,-0.7740172703471213,0.2838193045875593,-1.1182082146105463,-0.3117188014133814,1.4330874687082387,0.4965547097399852,-0.2235575626365701,0.6239540300190308,0.32682984346253174
-0.3962440027908245,510,0,0,-0.5831425816831967,0.5890627642812944,-0.014530316933030606,-0.31634283447441836,-0.6119602672427599,-0.7206348138620473,1.5816124219015655,1.0927904832709607,-0.19517773845422887,0.32682984346253174
0.5639194275525815,415,0,1,1.0499909059731596,0.3326782922740551,0.23409436766746095,-2.3570999819741503,-0.7120407558525527,-1.5770051913008725,-0.9501889064754551,1.911060890186452,3.0813493354388095,0.32682984346253174
-1.8364891483059336,415,0,0,-0.5831425816831967,-0.3663844047816548,-1.0587539922550953,0.3099315865078129,1.5397702378677856,0.11408022069901384,0.8065711989290081,-0.3302884852777208,-0.6047436226908586,0.32682984346253174
-0.1941043332448443,408,0,1,0.9757575656251434,-0.8367300188956547,0.23409436766746095,-0.7475161897300978,1.3896495049530964,-0.2816219537037534,-0.5368335875567578,0.5591358700652052,-1.0143095069274886,1.8498926331065049
-0.9015931766557751,510,0,0,-0.5831425816831967,-0.47336497583503484,0.8307936107086407,0.3762659488548406,1.089408039123718,1.5669568610435034,2.4083230597389598,-0.6149042789874574,-0.6047436226908586,0.32682984346253174
0.3870472166998489,415,0,0,-0.5831425816831967,-0.9252656639053485,-0.8101293076546036,-0.8489687439079046,-0.5619200229378634,0.2873229637211212,-1.2085359807996408,1.0927904832709607,-0.6047436226908586,-1.1962329461814414
-0.2699067093245869,415,0,0,-0.5831425816831967,-0.6283023546019996,-0.41232981229381704,0.32944169308046806,0.6890860846845467,-1.0631829648375772,1.1682571029828681,0.23894310214175163,-1.0143095069274886,1.0883612382845183
0.03330279499438346,510,0,0,-0.5831425816831967,0.2976329327910511,0.7810686737885423,0.1616547765556336,-0.6620005115476563,0.00383483877585489,-1.4152136402589894,-0.6860582274148912,-0.6047436226908586,-0.4347015513594548
1.827292362214958,510,0,0,-0.5831425816831967,-1.294164184779074,0.13464449382726434,-1.941534711976595,0.5389653517698575,-0.6615747878317835,0.2898770502806366,-0.8639430984834767,1.0335199142556606,-0.4347015513594548
0.21017500584711615,510,0,0,-0.5831425816831967,-0.07679906589577992,1.228593106069427,0.9732752099780891,-0.6620005115476563,1.7401996040656107,-1.3635442253941523,-0.15240361420913565,1.8526516827289201,-0.4347015513594548
0.9429313079512944,510,0,0,-0.5831425816831967,-0.15057877007052503,0.8307936107086407,-1.6703442306166878,1.3896495049530964,0.46450304181191254,0.754901784064171,2.409138529178491,-0.19517773845422887,1.0883612382845183
0.13437262976737357,415,0,0,-0.5831425816831967,-0.5840345320971524,-0.16370512769332554,0.16555679787016495,-0.06151757988889935,-0.7639454996175744,-1.0535277362051294,-0.508173356346306,0.21438814578240092,0.32682984346253174
0.5386519688593341,415,0,0,-0.5831425816831967,0.008047593905176825,-0.6112295599742104,-1.0889430547515635,-1.1624029545966201,0.645620454971388,1.0132488583883568,0.45240494742405374,0.6239540300190308,0.32682984346253174
1.0187336840310373,408,0,0,-0.5831425816831967,-1.7774212471236543,-1.3073786768555868,-0.1992821950384873,0.18868364163558266,-0.9923109336012609,-1.1051971510699665,0.16778915371431719,1.0335199142556606,-0.4347015513594548
2.004164573067691,415,0,0,-0.5831425816831967,0.8362247732666906,0.23409436766746095,0.9596181353772307,0.03856290872089345,0.29913496892717384,-1.4152136402589894,-1.255289814834364,0.21438814578240092,1.0883612382845183
-1.0531979288152602,408,0,1,1.4953909480612568,-1.0820475352766818,-0.16370512769332554,0.2377441921889889,-0.4117992900231742,-0.7442588242741531,0.8065711989290081,-0.6149042789874574,0.21438814578240092,0.32682984346253174
-1.0279304701220127,510,0,1,1.7180909691053052,0.22569772122067508,-1.2576537399354886,1.306898032370493,1.7399312150873711,-0.007977166430197757,-1.9835772037721981,0.9149056122023754,-0.6047436226908586,0.32682984346253174
1.29667572965676,408,0,0,-0.5831425816831967,-0.720526984820431,-0.41232981229381704,-0.27342060001457663,-0.21163831280358855,0.5137197301704657,-0.588503002421595,-0.25913453685028703,0.21438814578240092,0.32682984346253174
-1.331139974440983,408,0,0,-0.5831425816831967,1.76400455326411,-1.655453235296275,-0.4021873033941013,0.38884461885516824,-0.8249741931821802,0.4965547097399852,-0.8283661242697595,-1.0143095069274886,-0.4347015513594548
0.6902567210188192,510,1,1,1.7923243094533214,0.8104018768055298,-0.9593041184148985,-0.2344003868692663,-1.3125236875113093,-0.9056895620902072,0.031529975956450816,-0.2947115110640039,-1.0143095069274886,0.32682984346253174
-0.11830195716510171,510,0,0,-0.5831425816831967,-0.5453001874054114,1.0794182953091322,0.34504977833859246,0.7891665732943395,0.22629427015651538,-0.588503002421595,-0.15240361420913565,-1.4238753911641184,1.0883612382845183
-0.5225812962570623,415,0,0,-0.5831425816831967,0.3308337996696866,0.6816187999483457,0.11873254209579241,0.9392873062090287,-0.7344154866024425,0.44488529487514805,0.3812509989966199,-0.19517773845422887,-0.4347015513594548
-1.0531979288152602,415,0,0,-0.5831425816831967,0.4562592967667535,-1.7549031091364715,0.906940847631062,1.1394482834286144,0.27157362344638397,-0.33015592809740923,0.6302898184926389,-0.19517773845422887,-0.4347015513594548
-0.42151146148407204,510,0,0,-0.5831425816831967,0.03571498297070624,1.4274928537498202,-1.3679375787405328,0.5890055960747539,-0.2835906212380955,0.9099100286586824,-0.6149042789874574,-0.19517773845422887,-0.4347015513594548
0.2354424645403637,510,0,0,-0.5831425816831967,-0.5729675764709408,0.731343736868444,1.474684948895327,-0.8121212444623455,-0.1438152262998046,0.5998935394696595,0.7725977153475072,-0.6047436226908586,-0.4347015513594548
-1.331139974440983,415,0,0,-0.5831425816831967,0.5761513160507143,-0.8101293076546036,-0.21879230161114246,-0.11155782419379576,-0.85253553866297,-0.07180885377322349,2.1956766838961883,-0.6047436226908586,0.32682984346253174
-0.1941043332448443,415,0,0,-0.5831425816831967,-0.2704707893544858,-1.6057282983761765,0.18701791510008553,-0.7120407558525527,0.5609677509946769,0.18653822055096225,-0.8639430984834767,-0.19517773845422887,0.32682984346253174
0.1596400884606211,415,0,0,-0.5831425816831967,1.4928641404219218,0.3832691784277559,-1.920073594746674,0.48892510746496104,-1.4017937807444234,2.459992474603797,-0.15240361420913565,0.21438814578240092,-0.4347015513594548
0.8418614731783043,415,0,0,-0.5831425816831967,0.46363726718422754,0.3832691784277559,-1.1260122572396085,0.23872388594047905,-0.6911048008469154,-0.8468500767457807,0.27452007635546855,-0.19517773845422887,3.372955422750478
-0.32044162671108195,510,0,0,-0.5831425816831967,0.7126437687739923,-1.20792880301539,-0.6148474650360424,-2.013087107779859,-1.1773656818294207,-0.07180885377322349,-0.7927891500560426,-1.4238753911641184,-0.4347015513594548
-0.85105825926928,415,1,0,-0.5831425816831967,-1.0820475352766818,-2.10297766757716,0.6669665367874029,-0.6119602672427599,-2.082952747626799,1.5299430070367284,0.4168279732103368,2.67178345120218,0.32682984346253174
0.43758213408634394,415,0,1,2.5346577129334835,-0.5692785912622037,0.23409436766746095,-0.6538676781813527,0.23872388594047905,1.3720587751436333,0.23820763541579942,0.061058231073166463,1.0335199142556606,-1.1962329461814414
1.0187336840310373,510,0,1,1.4953909480612568,2.3689981274970195,1.1291432322292305,0.9166959009173895,1.3896495049530964,-0.9450629127770498,0.1348688056861251,-1.0062509953383447,-0.6047436226908586,-0.4347015513594548
-0.44677892017731957,415,0,1,0.9015242252771272,-1.5597711198081565,-0.5615046230541121,-0.6421616142377596,-0.4117992900231742,-0.006008498895855741,-1.1051971510699665,0.3456740247829024,-1.0143095069274886,-1.1962329461814414
-0.1688368745515968,408,1,0,-0.5831425816831967,-1.661218213048431,-0.31287993845362044,2.713576716258931,0.28876413024537545,-0.5513294059086246,-1.260205395664478,-0.8283661242697595,-1.4238753911641184,-0.4347015513594548
0.9429313079512944,415,0,0,-0.5831425816831967,-0.16717920350984278,-0.6609544968943086,-1.6118139108987224,0.7891665732943395,-0.25602927575730555,0.5482241246048224,0.3456740247829024,1.0335199142556606,0.32682984346253174
-0.34570908540432943,510,0,0,-0.5831425816831967,1.018829541099185,-0.7604043707345053,-1.1689344916994495,-0.4618395343280706,0.06683219987480327,-0.3818253429622464,-0.25913453685028703,0.21438814578240092,-0.4347015513594548
0.8671289318715518,510,0,0,-0.5831425816831967,1.2401686536234202,1.4274928537498202,-0.25391049344192146,1.0393677948188216,-0.9135642322275759,0.44488529487514805,0.843751663774941,0.21438814578240092,-0.4347015513594548
2.206304242613671,415,1,1,1.3469242673652244,0.35481220352647896,0.731343736868444,-0.6675247527822117,-1.662805397645584,-0.04735051711704028,0.9099100286586824,1.484137199621848,-0.6047436226908586,-0.4347015513594548
0.7407916384053143,415,0,0,-0.5831425816831967,1.160855471635569,0.03519461998706771,-1.9122695521176123,0.6890860846845467,-1.151773003882973,-0.588503002421595,-0.3302884852777208,-1.0143095069274886,0.32682984346253174
-0.9268606353490226,510,0,0,-0.5831425816831967,0.6259526163686671,-0.36260487537371877,-0.6675247527822117,0.6890860846845467,-1.5533811808887668,-1.1568665659348036,1.3774062769806965,-0.6047436226908586,1.0883612382845183
-0.74998842449629,408,0,0,-0.5831425816831967,-0.7076155365898508,1.5766676645101152,-1.0089516178036773,-0.511879778632967,-0.5808594189237564,-1.4668830551238266,-1.1485588921932128,-1.0143095069274886,0.32682984346253174
-0.1688368745515968,415,0,1,1.4953909480612568,-1.602194449708635,0.33354424150765755,-1.4245168878012326,-0.7120407558525527,0.4861583846896758,-0.7435112470161065,-0.11682663999541872,-0.19517773845422887,1.0883612382845183
0.6649892623255717,408,0,1,1.2726909270172082,-0.12106688840062708,-0.46205474921391537,0.8776756877720792,-1.8129261305602733,1.950847030240218,-0.07180885377322349,-1.9312523248949878,-0.6047436226908586,-1.1962329461814414
-1.5838145613734582,415,0,1,1.2726909270172082,-0.685481625337427,0.2838193045875593,2.2024119240553657,0.43888486316006464,-1.4628224743090292,0.8582406137938453,1.1283674574846776,0.6239540300190308,0.32682984346253174
-2.1144311939316567,510,0,1,1.7180909691053052,-0.4881209166699841,0.731343736868444,-0.2909796959299664,-2.0631273520847553,0.46056570674322855,0.08319939082128797,-0.08124966578170181,-1.4238753911641184,3.372955422750478
0.7660590970985618,408,1,0,-0.5831425816831967,-1.0562246388155212,-0.8598542445747018,-1.6001078469551293,-0.3117188014133814,-1.043496289494156,-0.27848651323257206,1.2350983801258284,-0.6047436226908586,1.0883612382845183
0.3870472166998489,510,0,0,-0.5831425816831967,0.46917074499733363,-0.5117796861340137,-1.1689344916994495,0.6890860846845467,1.4114321258304758,-0.22681709836773498,-0.9706740211246278,-0.19517773845422887,0.32682984346253174
-0.5983836723368048,408,1,1,2.683124393629516,-1.408522726249929,0.8307936107086407,0.692329675331855,-0.7120407558525527,0.05108285960006603,0.031529975956450816,0.594712844278922,-1.0143095069274886,-1.1962329461814414
0.2354424645403637,408,0,0,-0.5831425816831967,-1.937892103703725,0.8307936107086407,-0.00027910799740409016,-0.11155782419379576,-0.17137657178059448,0.031529975956450816,-0.15240361420913565,1.0335199142556606,1.0883612382845183
-2.0133613591586665,510,0,1,1.7180909691053052,-0.8053736446213877,-0.5117796861340137,1.3693303734029896,-0.8121212444623455,-0.4292720187794129,-0.588503002421595,-0.25913453685028703,1.0335199142556606,3.372955422750478
-0.1941043332448443,510,0,1,0.9757575656251434,-1.1373823134077408,1.526942727590017,-0.7084959765847875,0.7391263289894431,0.31685297673625307,-0.7435112470161065,-0.15240361420913565,-0.6047436226908586,-0.4347015513594548
-0.2699067093245869,415,0,0,-0.5831425816831967,-1.2019395545606426,1.0794182953091322,-1.4264678984584982,2.690695856880403,1.0275419566337607,0.44488529487514805,-0.045672691567984904,0.21438814578240092,0.32682984346253174
0.26070992323361125,415,0,0,-0.5831425816831967,1.408017480620965,-0.16370512769332554,0.06410424369235769,1.4396897492579928,-0.5828280864580985,-0.8468500767457807,0.7370207411337902,0.21438814578240092,1.0883612382845183
-0.37097654409757697,415,0,0,-0.5831425816831967,-0.24649238549769398,0.5821689261081491,1.0630217002123035,-0.9622419773770347,0.535375073048229,-0.1751476835028978,-1.7177904796126855,1.0335199142556606,-0.4347015513594548
0.7155241797120667,510,0,1,1.7923243094533214,0.5798403012594514,-0.06425525385312891,-0.8918909783677462,-0.5619200229378634,0.6672757978491518,-0.22681709836773498,0.4168279732103368,0.21438814578240092,-0.4347015513594548
2.105234407840681,415,0,0,-0.5831425816831967,1.0483414227690828,-1.3571036137756851,1.6873451105372692,0.9893275505139251,-0.1753139068492785,-0.33015592809740923,1.270675354339546,-0.19517773845422887,-0.4347015513594548
-1.3058725157477356,510,0,0,-0.5831425816831967,-1.1097149243422113,-1.5560033614560782,1.4142036185200966,-0.4117992900231742,0.26566762084335793,2.7183395489279825,0.7725977153475072,1.0335199142556606,0.32682984346253174
-0.5478487549503097,415,0,0,-0.5831425816831967,0.6277971089730355,0.4827190522679525,0.6650155261301376,1.0393677948188216,0.5649050860633609,2.9250172083873314,-0.508173356346306,-0.6047436226908586,0.32682984346253174
0.08383771238087853,408,1,0,-0.5831425816831967,-0.3534729565510741,-1.3571036137756851,1.8161118139167927,0.13864339733068626,2.080779087506799,-0.5368335875567578,0.843751663774941,0.21438814578240092,1.8498926331065049
3.0401303794908396,510,0,1,1.198457586669192,0.017270056927019963,-0.7604043707345053,0.45430637514546135,-0.4117992900231742,0.09439354535559258,0.1348688056861251,-2.785099706024196,-0.6047436226908586,-1.1962329461814414
-1.6596169374532008,415,0,0,-0.5831425816831967,-1.0211792793325172,0.08491955690716602,-1.5006063034345878,0.7391263289894431,-1.2836737286838957,-0.02013943890838634,1.0216365348435261,1.4430857984922902,0.32682984346253174
-1.5332796439869631,408,0,1,1.7180909691053052,0.8325357880579531,-1.5560033614560782,-1.293799173764443,-0.9622419773770347,-1.586848528972583,0.18653822055096225,-0.9706740211246278,0.21438814578240092,-0.4347015513594548
1.4988153992027402,510,0,0,-0.5831425816831967,-1.0654471018373644,-0.16370512769332554,-2.1756559908484574,-0.16159806849869215,-0.9883735985325769,-0.4334947578270835,0.025481256859449554,0.21438814578240092,-0.4347015513594548
-0.6236511310300523,510,0,0,-0.5831425816831967,0.3455897405046358,1.4772177906699187,0.3177356291368751,-0.7120407558525527,-0.24618593808559494,-0.22681709836773498,0.8081746895612241,-0.6047436226908586,-1.1962329461814414
0.8923963905647994,415,0,1,0.9757575656251434,-0.0030193617210348355,-0.6112295599742104,-0.3846282074787115,-0.16159806849869215,2.358361209849038,1.0132488583883568,-0.25913453685028703,-0.19517773845422887,0.32682984346253174
-0.7752558831895375,415,0,0,-0.5831425816831967,0.7974904285749496,0.6816187999483457,0.2943235012496891,0.6390458403796503,0.4448163664684913,1.116587688118031,-3.6389470871534053,-1.833441275400748,-0.4347015513594548
-0.32044162671108195,408,0,1,1.4953909480612568,0.20356380996825124,0.18436943074736264,0.7118397819045101,0.23872388594047905,0.21054492988177814,0.8065711989290081,-0.15240361420913565,-1.4238753911641184,0.32682984346253174
-0.6741860484165474,408,0,0,-0.5831425816831967,-0.10077746975257229,-0.21343006461342384,0.9810792526071512,-0.3117188014133814,1.1161319956791569,1.1682571029828681,-0.6860582274148912,0.21438814578240092,0.32682984346253174
0.48811705147283896,408,0,0,-0.5831425816831967,-1.5007473564683602,-0.06425525385312891,-0.27537161067184257,-0.7620810001574491,-1.067120299906262,-0.22681709836773498,-0.3302884852777208,-0.19517773845422887,0.32682984346253174
2.3073740773866613,415,0,0,-0.5831425816831967,0.1002722241236082,-0.6112295599742104,0.4699144604035857,-0.11155782419379576,0.22629427015651538,0.23820763541579942,0.4168279732103368,-0.6047436226908586,0.32682984346253174
-0.06776703977860665,415,0,1,2.0892576708453863,-0.21329151861905846,-0.9593041184148985,-0.7338591151292394,1.2395287720384072,-0.5552667409773091,1.0132488583883568,-0.7927891500560426,-1.0143095069274886,3.372955422750478
0.43758213408634394,408,0,0,-0.5831425816831967,0.1795854061114594,0.9302434845488372,0.6377013769284202,0.5890055960747539,1.3779647777466588,0.18653822055096225,-0.08124966578170181,-1.4238753911641184,0.32682984346253174
0.008035336301135934,415,0,0,-0.5831425816831967,-0.39036280863844663,-0.41232981229381704,-0.25000847212739064,0.8392068175992359,0.37000700016349025,1.2715959327125426,1.1639444316983945,-0.19517773845422887,1.8498926331065049
0.008035336301135934,415,0,1,1.198457586669192,-1.2074730323737488,-0.26315500153352217,-0.767026296302753,-0.7120407558525527,-0.48439470974099214,-0.5368335875567578,0.9860595606298093,1.8526516827289201,0.32682984346253174
-0.74998842449629,415,0,0,-0.5831425816831967,0.3382117700871612,0.3832691784277559,-0.3768241648496493,0.43888486316006464,1.584674868852582,-2.2935936929612213,-1.255289814834364,0.21438814578240092,1.0883612382845183
0.2354424645403637,408,0,1,1.9407909901493539,0.2349201842425182,0.6816187999483457,-1.3952517279422496,0.6890860846845467,-1.2718617234778424,0.08319939082128797,-1.3975977116892322,3.0813493354388095,-0.4347015513594548
-0.2699067093245869,415,0,0,-0.5831425816831967,-0.008552839534140927,-1.4565534876158817,-0.1992821950384873,-0.9622419773770347,-1.4411671314312655,-0.4851641726919207,0.13221217950060027,1.0335199142556606,1.0883612382845183
0.5386519688593341,408,0,1,1.4211576077132406,1.367438643324855,-0.8101293076546036,0.5538079186660027,0.43888486316006464,-0.2048439198644104,1.1682571029828681,-0.3658654594914384,0.21438814578240092,4.134486817572465
-0.1941043332448443,415,0,1,2.5346577129334835,-0.5028768575049327,-0.5117796861340137,1.3010450003986964,0.08860315302578986,1.2992180763729737,1.5299430070367284,0.3812509989966199,0.21438814578240092,4.134486817572465
0.4628495927795915,415,0,1,0.827290884929111,-0.0269977655778272,0.4827190522679525,0.2338421708744581,-0.011477335584002954,0.49993905743007105,1.1682571029828681,-0.08124966578170181,0.6239540300190308,-0.4347015513594548
1.2714082709635124,408,0,1,0.6788242042330785,0.6480865276210903,-0.16370512769332554,-1.215758747473822,-0.511879778632967,-0.6261387722136256,-2.913626671339267,-0.5793273047737405,-0.19517773845422887,-0.4347015513594548
1.4482804818162451,415,0,0,-0.5831425816831967,-0.39774077905592126,0.2838193045875593,1.788797664715076,0.6890860846845467,0.7913018525127055,-0.588503002421595,-0.4014424337051553,-0.19517773845422887,-0.4347015513594548
-0.32044162671108195,510,0,0,-0.5831425816831967,-1.9600260149561486,-0.7106794338144069,-0.7689773069600184,-0.9122017330721383,0.7617718394975735,-1.260205395664478,-0.7216352016286087,-0.6047436226908586,1.8498926331065049
-0.11830195716510171,415,0,1,2.7573577339775324,1.2770585057107928,1.1788681691493288,-1.1806405556430426,-1.1624029545966201,1.2342520477396846,0.08319939082128797,0.025481256859449554,-1.0143095069274886,1.0883612382845183
-1.280605057054488,408,0,0,-0.5831425816831967,0.07444932766244731,0.33354424150765755,-2.7746162626289714,0.8892470619041323,0.033364851790986784,-0.07180885377322349,-0.5437503305600235,-0.6047436226908586,-0.4347015513594548
0.3112448406201063,415,0,0,-0.5831425816831967,-2.1832096200847526,0.5324439891880508,-2.1171256711304918,-0.6119602672427599,-0.06900585999480356,0.7032323691993339,1.2350983801258284,-0.6047436226908586,2.6114240279284915
1.4230130231229976,415,0,0,-0.5831425816831967,1.7824494793077963,-0.26315500153352217,-0.6831328380403354,0.9392873062090287,-0.9706555907234976,-1.1051971510699665,-2.85625365445163,-0.19517773845422887,1.0883612382845183
0.8923963905647994,415,0,0,-0.5831425816831967,-1.4361901153154584,0.23409436766746095,0.038741105147906275,-0.06151757988889935,-1.273830391012185,0.9615794435235195,-0.2947115110640039,0.6239540300190308,1.0883612382845183
-1.2553375983612405,415,0,1,1.3469242673652244,1.0557193931865574,-1.9538028568168646,1.2210535634508097,-0.16159806849869215,-0.3898986680925704,-0.4851641726919207,0.3456740247829024,1.4430857984922902,-0.4347015513594548
1.7514899861352156,415,0,1,2.5346577129334835,0.3677236517570591,0.9302434845488372,-1.2840441204781152,-0.511879778632967,-0.320995304390596,-2.6552795970150815,0.23894310214175163,-0.6047436226908586,1.8498926331065049
1.19560589488377,415,0,0,-0.5831425816831967,0.41383596686627483,0.08491955690716602,0.8269494106831752,1.3896495049530964,1.1889726944498153,-0.5368335875567578,0.23894310214175163,-0.6047436226908586,-0.4347015513594548
0.6902567210188192,415,0,0,-0.5831425816831967,-0.0030193617210348355,-0.31287993845362044,1.357624309459396,-0.4117992900231742,-0.19500058219269975,-0.6401724172864321,-0.8283661242697595,-0.19517773845422887,-1.1962329461814414
0.6144543449390766,415,0,0,-0.5831425816831967,0.48761567104101994,1.3777679168297219,-0.052956395743573415,-1.4626444204259985,-1.279736393615211,0.8065711989290081,1.0572135090572432,-0.6047436226908586,-1.1962329461814414
-0.1941043332448443,510,0,0,-0.5831425816831967,2.7397411409751142,0.2838193045875593,-0.9582253407147739,-0.5619200229378634,2.0197503939421924,0.7032323691993339,-0.5437503305600235,-0.6047436226908586,-0.4347015513594548
0.36177975800660134,415,0,1,1.3469242673652244,-0.449386571978243,0.4827190522679525,0.5869750998395168,1.6398507264775783,1.194878697052842,-0.02013943890838634,-2.037983247536139,-0.19517773845422887,-1.1962329461814414
0.7407916384053143,415,0,0,-0.5831425816831967,-0.04913167683025052,0.43299411534785415,-2.1483418416467397,0.18868364163558266,0.7302731589480996,-1.6218912997183381,-0.25913453685028703,-1.0143095069274886,-0.4347015513594548
0.9176638492580469,510,0,0,-0.5831425816831967,-0.5969459803277332,0.9302434845488372,-0.15635996057864557,-0.4618395343280706,-0.5552667409773091,0.23820763541579942,-0.010095717354267989,-0.19517773845422887,-0.4347015513594548
2.3326415360799087,415,0,1,1.7180909691053052,-1.9987603596478898,-2.10297766757716,-1.4849982181764636,0.23872388594047905,-0.8938775568841546,0.3932158800103109,0.5235588958514875,-0.6047436226908586,-1.1962329461814414
0.48811705147283896,415,0,1,2.3119576918894347,0.38247959259200837,-1.6057282983761765,0.3821189808266374,-0.16159806849869215,1.041322629374156,0.8065711989290081,0.09663520528688338,-0.19517773845422887,-1.1962329461814414
-1.861756606999181,408,0,0,-0.5831425816831967,0.3990800260313256,1.3777679168297219,0.5147877055206923,-0.011477335584002954,-1.0848383077153405,-0.4851641726919207,-0.6504812532011743,-0.6047436226908586,0.32682984346253174
-1.6343494787599533,415,0,0,-0.5831425816831967,1.0243630189122905,-0.16370512769332554,-0.07831953428802481,0.18868364163558266,1.157474013900341,0.4965547097399852,-1.1485588921932128,1.0335199142556606,1.0883612382845183
-1.0279304701220127,408,0,0,-0.5831425816831967,-0.004863854325403358,2.32254171831159,0.15775275524110277,-0.5619200229378634,0.9310772474509963,-0.12347826863806065,1.1639444316983945,0.6239540300190308,-0.4347015513594548
-1.2553375983612405,510,0,0,-0.5831425816831967,0.6499310202254595,-0.31287993845362044,-0.9972455538600844,-2.1131675963896517,1.6240482195394246,-1.7768995443128495,-0.010095717354267989,0.21438814578240092,-1.1962329461814414
-1.0784653875085077,408,0,0,-0.5831425816831967,-0.0952439919394662,0.5821689261081491,1.2678778192251827,1.089408039123718,-0.3643059901461225,-0.6918418321512693,-3.6389470871534053,-1.833441275400748,1.8498926331065049
0.5386519688593341,415,0,0,-0.5831425816831967,0.6646869610604081,-0.7106794338144069,-0.6441126248950251,-2.0631273520847553,0.11998622330204045,-1.7252301294480124,-1.362020737475515,1.4430857984922902,1.0883612382845183
-2.316570863477637,415,0,1,0.6045908638850624,-1.6796631390921173,-0.6609544968943086,-0.42950145259581807,0.38884461885516824,0.5471870782542816,-0.22681709836773498,0.45240494742405374,-0.6047436226908586,0.32682984346253174
-0.44677892017731957,415,0,0,-0.5831425816831967,2.911278953181396,0.9799684214689356,0.5186897268352236,0.7891665732943395,-0.9253762374336285,0.7032323691993339,1.9822148386138867,1.0335199142556606,-1.1962329461814414
0.8923963905647994,510,0,0,-0.5831425816831967,1.4725747217738667,-0.06425525385312891,-0.5485131026890151,1.2395287720384072,1.8268209755766638,-1.1568665659348036,0.16778915371431719,0.6239540300190308,-0.4347015513594548
-1.1037328462017553,510,0,0,-0.5831425816831967,-0.4678314980219293,-1.1084789291751935,-0.08027054494529078,-0.7620810001574491,1.0354166267711293,-0.1751476835028978,-0.045672691567984904,1.8526516827289201,-0.4347015513594548
-0.9268606353490226,408,0,1,0.827290884929111,0.009892086509545346,0.2838193045875593,-1.430369919773029,-0.4117992900231742,0.718461153742047,0.9099100286586824,-0.9706740211246278,-0.6047436226908586,-1.1962329461814414
1.0692686014175323,510,0,0,-0.5831425816831967,0.4285919077012241,0.43299411534785415,-0.6831328380403354,0.18868364163558266,-1.122242990867841,-1.5185524699886637,-2.0024062733224217,-0.19517773845422887,-0.4347015513594548
0.05857025368763099,415,0,0,-0.5831425816831967,-0.11184442537878396,-0.8598542445747018,0.8484105279130963,-1.762885886255377,0.40741168331599076,-1.7768995443128495,-0.1879805884228532,-1.0143095069274886,1.0883612382845183
0.8165940144850569,510,0,0,-0.5831425816831967,-0.050976169434619044,-0.41232981229381704,-0.2597635254137182,-0.16159806849869215,-0.08081786520085621,-0.6401724172864321,-1.326443763261798,-0.6047436226908586,0.32682984346253174
-0.34570908540432943,510,0,0,-0.5831425816831967,0.09104976110176506,-0.9593041184148985,-0.5621701772898735,0.13864339733068626,-0.34461931480270125,-0.22681709836773498,1.2350983801258284,-0.6047436226908586,1.0883612382845183
-1.280605057054488,415,1,0,-0.5831425816831967,-1.4749244600071998,0.3832691784277559,2.1048613911920895,0.08860315302578986,-0.7816635074266536,-1.9835772037721981,1.2350983801258284,0.6239540300190308,0.32682984346253174
-0.3962440027908245,408,0,0,-0.5831425816831967,0.8380692658710592,-0.9593041184148985,-0.46657065508386303,-1.8629663748651697,-0.13003455355940938,0.4965547097399852,-1.112981917979496,-1.0143095069274886,1.0883612382845183
-1.6848843961464484,510,0,0,-0.5831425816831967,-1.0101123237063054,-0.9095791814948001,1.5878435670167275,-0.11155782419379576,2.1772437966895626,-1.1568665659348036,-0.08124966578170181,-0.19517773845422887,0.32682984346253174
0.9934662253377895,408,0,0,-0.5831425816831967,0.28103249935173386,0.33354424150765755,-0.5836312945197941,-0.06151757988889935,0.4763150470179652,-0.3818253429622464,1.3062523285532628,-0.19517773845422887,-1.1962329461814414
-0.44677892017731957,415,0,1,2.4604243725854675,-0.4364751237476623,1.0794182953091322,-0.7514182110446286,0.33880437455027185,-1.443135798965608,0.23820763541579942,1.0216365348435261,0.21438814578240092,1.0883612382845183
-0.5478487549503097,415,0,0,-0.5831425816831967,-0.8275075558738115,-0.11398019077322721,-0.21684129095387708,-1.6127651533406877,0.40347434824730677,1.426604177307054,0.5591358700652052,0.21438814578240092,0.32682984346253174
1.2461408122702649,408,0,1,1.4211576077132406,0.557706390007028,0.5821689261081491,-0.8938419890250117,-1.012282221681931,0.9960432760842867,0.5482241246048224,-1.0774049437657789,0.6239540300190308,-1.1962329461814414
0.9176638492580469,408,1,0,-0.5831425816831967,1.0649418562084005,0.13464449382726434,-0.4704726763983944,-0.8121212444623455,1.2303147126709995,-1.0018583213402923,1.4129832511944136,-0.19517773845422887,-1.1962329461814414
-0.6741860484165474,415,0,0,-0.5831425816831967,-0.44016410895639985,0.7810686737885423,-0.5290029961163599,-1.8629663748651697,1.1121946606104718,-0.1751476835028978,-0.7572121758423257,-0.19517773845422887,-1.1962329461814414
-0.017232122392111596,510,1,0,-0.5831425816831967,-1.334743022075184,-0.11398019077322721,-2.224431257280095,1.089408039123718,-0.88009688414376,0.8582406137938453,-0.1879805884228532,-0.19517773845422887,-0.4347015513594548
-0.37097654409757697,415,0,0,-0.5831425816831967,-0.9972008754757251,1.9247422229508033,1.3459182455158036,-0.3617590457182778,0.6869624731925731,0.4965547097399852,-0.4725963821325891,1.4430857984922902,-0.4347015513594548
-0.2699067093245869,415,0,0,-0.5831425816831967,0.2607430807036786,-0.8598542445747018,-0.9094500742831361,-1.0623224659868273,1.9311603548967968,-2.086916033501873,0.8793286379886579,-0.6047436226908586,-0.4347015513594548
-0.2951741680178344,415,0,1,1.2726909270172082,0.655464498038565,1.9744671598709016,-0.06661347034443181,-1.5627249090357913,-0.7639454996175744,0.8582406137938453,0.13221217950060027,2.26221756696555,-0.4347015513594548
0.8165940144850569,408,1,0,-0.5831425816831967,1.3858835693685414,0.13464449382726434,1.0025403698370718,-1.012282221681931,-0.4489586941228342,0.1348688056861251,-0.7927891500560426,-0.6047436226908586,-1.1962329461814414
0.18490754715386862,510,0,0,-0.5831425816831967,-0.18377963694916052,-0.06425525385312891,1.2347106380516693,-0.6620005115476563,0.10620555056164578,-1.1568665659348036,-0.3302884852777208,-0.19517773845422887,-1.1962329461814414
0.08383771238087853,415,0,0,-0.5831425816831967,-1.126315357781529,-0.41232981229381704,-0.4490115591684733,0.43888486316006464,1.0787273125266559,-0.12347826863806065,0.6658667927063558,-0.19517773845422887,-0.4347015513594548
0.9429313079512944,510,1,0,-0.5831425816831967,1.966898739744659,-1.9538028568168646,-0.265616557385515,-2.013087107779859,-1.0769636375779725,0.7032323691993339,0.27452007635546855,-0.19517773845422887,0.32682984346253174
0.7913265557918093,415,0,0,-0.5831425816831967,0.25336511028620445,0.2838193045875593,-1.414761834514905,-0.3117188014133814,-0.7639454996175744,0.9615794435235195,0.48798192163777065,-0.19517773845422887,2.6114240279284915
-1.3564074331342306,415,0,1,1.4953909480612568,-0.12291138100499562,0.43299411534785415,-1.233317843389212,-0.3117188014133814,0.056988862203092634,0.44488529487514805,-0.6860582274148912,0.6239540300190308,-0.4347015513594548
1.4230130231229976,415,0,0,-0.5831425816831967,0.30316641060415717,-1.3073786768555868,0.2455482348180511,-0.21163831280358855,-0.08081786520085621,-1.0018583213402923,-0.8283661242697595,0.6239540300190308,-0.4347015513594548
-0.37097654409757697,408,0,0,-0.5831425816831967,-0.5785010542840469,-1.4565534876158817,1.644422876077428,-0.4618395343280706,-0.6792927956408628,2.8216783786576567,-1.4331746859029493,-0.6047436226908586,0.32682984346253174
-1.0784653875085077,415,1,1,2.6088910532815,-0.6781036549199523,-0.21343006461342384,1.3946935119474415,-0.011477335584002954,-0.14775256136848863,0.23820763541579942,-0.4725963821325891,-0.19517773845422887,-0.4347015513594548
-0.6236511310300523,415,0,0,-0.5831425816831967,1.7178922381548942,-0.16370512769332554,0.6942806859891203,-0.261678557108485,0.6810564705895464,0.23820763541579942,-0.8995200726971936,-1.0143095069274886,-1.1962329461814414
0.2859773819268588,415,0,0,-0.5831425816831967,-0.1690236961142113,0.13464449382726434,-0.011985171940997644,-1.4626444204259985,1.1299126684195515,-0.02013943890838634,0.48798192163777065,-0.19517773845422887,-0.4347015513594548
0.7913265557918093,408,0,0,-0.5831425816831967,2.05912336996309,0.18436943074736264,0.6513584515292786,1.589810482172682,-0.1812199094523051,-0.6918418321512693,-0.4725963821325891,-0.6047436226908586,-0.4347015513594548
-0.34570908540432943,415,0,0,-0.5831425816831967,-1.0193347867281486,-0.46205474921391537,-0.5348560280881561,0.23872388594047905,1.090539317732709,0.44488529487514805,-0.9706740211246278,0.21438814578240092,1.0883612382845183
-0.9521280940422702,408,0,0,-0.5831425816831967,-1.7811102323323917,-1.8046280460565698,-0.46461964442659764,0.28876413024537545,0.8818605590924431,-0.588503002421595,0.9860595606298093,-0.6047436226908586,-1.1962329461814414
-0.8005233418827851,415,0,0,-0.5831425816831967,0.8970930292108551,-1.50627842453598,1.2269065954226064,-1.012282221681931,-1.147835668814289,-2.086916033501873,0.16778915371431719,0.21438814578240092,1.0883612382845183
1.928362196987948,415,0,0,-0.5831425816831967,1.5961557262665655,-0.46205474921391537,0.47576749237538196,-1.0623224659868273,0.4684403768805966,-2.190254863231547,-0.4725963821325891,1.4430857984922902,1.0883612382845183
1.19560589488377,408,0,0,-0.5831425816831967,-0.47889845364814093,2.3722666552316882,1.195690424906359,-0.6620005115476563,0.4841897171553338,-0.07180885377322349,-0.15240361420913565,-0.6047436226908586,0.32682984346253174
1.9536296556811956,408,0,0,-0.5831425816831967,1.767693538472847,2.4717165290718848,-0.2597635254137182,-1.913006619170066,-1.0592456297688932,1.3232653475773797,1.1995214059121113,-0.6047436226908586,-0.4347015513594548
-0.21937179193809184,415,0,0,-0.5831425816831967,0.4119914742619063,-1.3073786768555868,0.5069836628916307,0.9392873062090287,0.3266963144079637,-1.0535277362051294,1.2350983801258284,0.6239540300190308,1.0883612382845183
-0.1941043332448443,415,0,0,-0.5831425816831967,-0.6983930735680076,-0.26315500153352217,0.3938250447702304,-0.011477335584002954,0.5156883977048077,-1.5185524699886637,-0.010095717354267989,-0.6047436226908586,-1.1962329461814414
-0.21937179193809184,415,0,1,1.8665576498013376,1.1719224272617808,-0.41232981229381704,0.2533522774471133,-0.4117992900231742,0.5471870782542816,0.18653822055096225,0.6658667927063558,-1.0143095069274886,0.32682984346253174
1.4988153992027402,408,0,0,-0.5831425816831967,-1.7866437101454975,0.7810686737885423,-0.12124176874786655,-0.261678557108485,-0.8249741931821802,-2.3969325226908955,0.23894310214175163,1.8526516827289201,-1.1962329461814414
-1.1290003048950028,415,0,1,1.569624288409273,-2.6166653821113806,0.731343736868444,-1.1065021506669532,0.5389653517698575,0.5058450600330971,0.031529975956450816,-1.8956753506812707,-0.6047436226908586,-0.4347015513594548
1.19560589488377,408,0,0,-0.5831425816831967,0.5318834935458672,0.9799684214689356,-0.515345921515501,-0.06151757988889935,2.1614944564148253,0.23820763541579942,0.3456740247829024,-0.19517773845422887,-0.4347015513594548
-2.518710533023617,415,0,0,-0.5831425816831967,0.04678193859691789,0.2838193045875593,-1.2859951311353808,0.28876413024537545,-0.9568749179831024,-1.3118748105293152,-0.08124966578170181,-0.6047436226908586,2.6114240279284915
0.9429313079512944,510,0,0,-0.5831425816831967,0.7495336208613649,-0.5615046230541121,-2.1951660974211125,1.2395287720384072,-0.11034787821598811,-1.1051971510699665,0.9504825864160924,0.21438814578240092,-1.1962329461814414
-1.230070139667993,510,0,0,-0.5831425816831967,-0.5766565616796778,-0.8598542445747018,-0.37487315419238393,-1.0623224659868273,-0.8919088893498126,0.18653822055096225,-0.6860582274148912,0.6239540300190308,1.0883612382845183
-0.06776703977860665,415,0,0,-0.5831425816831967,0.4968381340628631,-0.41232981229381704,-0.480227729684722,2.59061536827061,0.6279024471623093,0.754901784064171,0.7725977153475072,0.21438814578240092,2.6114240279284915
-1.0279304701220127,415,0,0,-0.5831425816831967,0.013581071718282916,-1.655453235296275,0.14019365932571298,-1.6127651533406877,-0.38793000055822835,0.031529975956450816,0.9149056122023754,0.6239540300190308,0.32682984346253174
1.5746177752824828,415,1,0,-0.5831425816831967,0.32530032185658053,-0.5117796861340137,-0.24025341884106308,0.6390458403796503,0.2007015922100675,-0.33015592809740923,-0.8639430984834767,1.4430857984922902,-0.4347015513594548
-1.1290003048950028,408,0,0,-0.5831425816831967,-0.6172353989757879,-2.152702604497258,-0.09002559823161836,-0.16159806849869215,2.1496824512087733,0.4965547097399852,-0.3658654594914384,-0.6047436226908586,-1.1962329461814414
-2.139698652624904,510,0,0,-0.5831425816831967,-0.6412138028325798,-0.8101293076546036,-0.7006919339557253,2.0401726809167497,0.6023097692158614,-1.3118748105293152,-0.7216352016286087,-0.19517773845422887,0.32682984346253174
-1.3816748918274782,415,0,0,-0.5831425816831967,-1.0101123237063054,1.6263926014302135,-0.8489687439079046,2.1402531695265425,-0.03160117684230305,-1.4668830551238266,-0.5793273047737405,-0.19517773845422887,0.32682984346253174
0.2354424645403637,415,1,0,-0.5831425816831967,2.0978577146548316,-1.0587539922550953,-0.24025341884106308,-0.511879778632967,1.2992180763729737,-0.4851641726919207,1.5197141738355648,-0.19517773845422887,-1.1962329461814414
-0.24463925063133934,510,0,1,1.1242242463211758,0.9745617185943377,-0.16370512769332554,-0.289028685272701,-0.6119602672427599,-0.2048439198644104,1.426604177307054,0.7370207411337902,-0.6047436226908586,1.0883612382845183
1.0440011427242848,408,0,1,1.198457586669192,1.1110541713176163,0.13464449382726434,1.6600309613355513,-1.762885886255377,1.0984139878700772,0.2898770502806366,-0.25913453685028703,-0.19517773845422887,-1.1962329461814414
-0.06776703977860665,510,0,0,-0.5831425816831967,0.1408510614197178,1.3280429799096236,-0.10173166217521137,-0.6119602672427599,-0.37611799535217516,1.478273592171891,-1.8245214022538367,-0.19517773845422887,-0.4347015513594548
-0.7752558831895375,415,0,0,-0.5831425816831967,0.32714481446094956,-0.46205474921391537,2.04828208213139,-0.9622419773770347,-0.588734089061125,0.23820763541579942,-1.255289814834364,0.6239540300190308,-0.4347015513594548
-0.6994535071097949,415,0,0,-0.5831425816831967,1.3877280619729104,-0.7604043707345053,-1.1201592252678116,-1.012282221681931,-0.9253762374336285,0.08319939082128797,1.69759904490415,1.0335199142556606,0.32682984346253174
0.4628495927795915,408,0,0,-0.5831425816831967,1.9834991731839773,0.731343736868444,-0.8099485307625941,-0.06151757988889935,0.3129156416675691,-0.7435112470161065,1.3062523285532628,-1.4238753911641184,0.32682984346253174
-0.14356941585834926,408,1,0,-0.5831425816831967,0.9100044774414358,1.6761175383503117,1.070825742841365,-1.4626444204259985,0.1396728986454617,1.0132488583883568,-0.045672691567984904,-1.0143095069274886,1.8498926331065049
0.6144543449390766,415,0,0,-0.5831425816831967,0.9911621520336554,-1.7549031091364715,0.17531185115649253,-0.3617590457182778,0.1908582545383569,0.44488529487514805,-0.4014424337051553,-0.19517773845422887,-0.4347015513594548
-0.1941043332448443,415,0,0,-0.5831425816831967,-0.0011748691166663127,1.0296933583890338,-0.17391905649403533,1.5397702378677856,-0.6970108034499419,1.2715959327125426,0.6302898184926389,-0.19517773845422887,-1.1962329461814414
0.05857025368763099,510,0,0,-0.5831425816831967,-0.35716194175981164,0.18436943074736264,-1.20795470484476,-1.512684664730895,2.196930472032984,-0.1751476835028978,-0.1879805884228532,-1.0143095069274886,-1.1962329461814414
-0.9773955527355177,415,1,1,1.7923243094533214,0.7163327539827299,-0.36260487537371877,0.7001337179609165,1.589810482172682,-0.17137657178059448,1.8916289110905884,1.0572135090572432,-0.6047436226908586,-1.1962329461814414
-0.21937179193809184,510,0,0,-0.5831425816831967,-0.06019863245646218,-0.7604043707345053,-2.095664553900571,1.2395287720384072,0.12392355837072448,0.34154646514547377,-0.2235575626365701,-1.4238753911641184,0.32682984346253174
0.48811705147283896,415,0,0,-0.5831425816831967,-0.5600561282403606,-0.11398019077322721,-0.14075187532052175,-0.6119602672427599,0.9448579201913915,0.9615794435235195,0.31009705056918546,0.21438814578240092,-0.4347015513594548
-0.8257908005760325,415,0,1,1.569624288409273,1.10552069350451,-0.9095791814948001,0.058251211720561455,0.23872388594047905,-0.6517314501600728,-1.570221884853501,-0.11682663999541872,0.6239540300190308,-1.1962329461814414
0.8418614731783043,415,0,1,2.2377243515414187,0.6425530498079848,-0.36260487537371877,0.21238105364453694,-2.163207840694548,-0.7068541411216526,-1.1051971510699665,-0.08124966578170181,1.4430857984922902,-0.4347015513594548
-0.6489185897232999,510,0,0,-0.5831425816831967,0.858358684519114,0.23409436766746095,0.013377966603454316,0.33880437455027185,0.8917038967641537,-0.12347826863806065,0.025481256859449554,0.21438814578240092,-0.4347015513594548
0.10910517107412605,510,1,1,1.4953909480612568,-0.4327861385389253,-0.5615046230541121,-1.828376093855195,0.6890860846845467,-0.6537001176944154,-0.27848651323257206,1.5908681222629986,-0.6047436226908586,-1.1962329461814414
2.1305018665339284,408,0,1,1.569624288409273,-0.5250107687573565,1.0296933583890338,0.856214570542158,-0.6119602672427599,-0.9155328997619179,-0.4851641726919207,1.270675354339546,-1.0143095069274886,0.32682984346253174
1.2208733535770175,408,0,0,-0.5831425816831967,-0.07679906589577992,-1.009029055334997,-0.06661347034443181,1.3396092606482,-0.2501232731542795,0.08319939082128797,-0.1879805884228532,-1.0143095069274886,0.32682984346253174
0.6902567210188192,415,0,1,2.3861910322374515,-0.1542677552792626,-0.6112295599742104,-1.075285980150705,0.43888486316006464,-0.08081786520085621,-0.3818253429622464,1.3418293027669796,0.6239540300190308,-0.4347015513594548
0.5386519688593341,408,0,0,-0.5831425816831967,-0.16717920350984278,-0.31287993845362044,-0.5290029961163599,0.43888486316006464,0.9389519175883649,-1.3118748105293152,0.3812509989966199,-1.0143095069274886,-0.4347015513594548
-0.06776703977860665,408,0,0,-0.5831425816831967,-0.14504529225741947,-0.06425525385312891,-0.5075418788864389,-0.6620005115476563,-0.22256192767348965,1.5299430070367284,-0.8639430984834767,0.6239540300190308,-0.4347015513594548
-1.0279304701220127,510,0,0,-0.5831425816831967,0.43596987811869814,-0.06425525385312891,0.6825746220455273,1.5397702378677856,0.4723777119492812,0.5998935394696595,1.733176019117867,0.6239540300190308,0.32682984346253174
-1.5080121852937156,510,0,0,-0.5831425816831967,0.8159353546186359,-1.655453235296275,0.858165581199424,-1.3125236875113093,0.4507223690715179,2.873347793522494,0.7370207411337902,0.21438814578240092,1.0883612382845183
1.6504201513622254,408,0,0,-0.5831425816831967,-0.5065658427136703,-0.26315500153352217,-1.5571856124952879,0.23872388594047905,-0.057193854788750914,1.3232653475773797,-0.15240361420913565,0.21438814578240092,-1.1962329461814414
0.8165940144850569,510,1,0,-0.5831425816831967,-0.9640000085970899,0.3832691784277559,0.9849812739216827,-0.9622419773770347,-1.2974544014242904,-0.6401724172864321,0.025481256859449554,-0.6047436226908586,-0.4347015513594548
-0.3962440027908245,408,0,1,1.643857628757289,-0.11922239579625857,0.33354424150765755,0.904989836973796,0.03856290872089345,-0.8308801957852068,0.18653822055096225,0.45240494742405374,0.21438814578240092,-0.4347015513594548
-0.42151146148407204,408,0,0,-0.5831425816831967,-0.3700733899903918,1.228593106069427,0.9030388263165305,-0.511879778632967,-0.25602927575730555,-0.9501889064754551,-1.0774049437657789,-0.19517773845422887,0.32682984346253174
-1.5080121852937156,415,0,0,-0.5831425816831967,-0.37376237519912886,-1.7051781722163732,-1.4615860902892774,-1.262483443206413,1.2007846996558675,-1.260205395664478,0.31009705056918546,0.21438814578240092,-0.4347015513594548
1.0945360601107799,510,0,0,-0.5831425816831967,1.8248728092082749,-0.26315500153352217,0.7781741442515373,-0.511879778632967,-1.5927545315756093,-0.5368335875567578,0.48798192163777065,0.21438814578240092,-0.4347015513594548
0.7660590970985618,510,0,0,-0.5831425816831967,-0.482587438856878,-0.7106794338144069,-0.04515235311451123,-0.9622419773770347,-0.7186661463277052,-0.898519491610618,0.061058231073166463,-0.6047436226908586,-1.1962329461814414
0.2354424645403637,510,0,0,-0.5831425816831967,0.10211671672797672,-0.014530316933030606,-0.6967899126411944,-0.6119602672427599,-1.758122604460348,0.18653822055096225,-1.3975977116892322,-0.19517773845422887,1.0883612382845183
1.776757444828463,415,0,0,-0.5831425816831967,0.9524278073419139,1.72584247527041,-0.23635139752653225,-1.3125236875113093,0.11801755576769843,1.2199265178477054,0.7370207411337902,-1.4238753911641184,-0.4347015513594548
0.8923963905647994,408,0,1,1.4211576077132406,0.15007352444156094,-0.8101293076546036,0.3938250447702304,2.340414146746128,-1.0868069752496832,0.4965547097399852,-0.08124966578170181,-0.19517773845422887,1.0883612382845183
-0.9268606353490226,408,0,0,-0.5831425816831967,-1.023023771936886,0.8307936107086407,-0.15635996057864557,0.38884461885516824,-0.7481961593428371,-0.8468500767457807,-1.362020737475515,0.21438814578240092,1.0883612382845183
2.5600486643191367,510,0,0,-0.5831425816831967,-1.1834946285169563,1.8252923491106066,-0.43145246325308406,-1.512684664730895,-0.2993399615128327,0.6515629543344966,-1.5043286343303832,-0.6047436226908586,1.0883612382845183
-0.3962440027908245,415,0,0,-0.5831425816831967,-0.9861339198495135,0.5821689261081491,1.4415177677218134,1.2895690163433036,-0.32493263945927997,-0.27848651323257206,-0.15240361420913565,-0.19517773845422887,-0.4347015513594548
0.2859773819268588,415,0,1,1.4211576077132406,0.6167301533468239,1.0296933583890338,0.49527759894803713,0.03856290872089345,-0.21862459260480505,-0.07180885377322349,0.31009705056918546,-0.6047436226908586,1.8498926331065049
-0.6741860484165474,510,0,0,-0.5831425816831967,0.4470368337449103,-1.1582038660952918,0.08361435026501286,0.5389653517698575,-0.9056895620902072,0.44488529487514805,-0.43701940791887217,-1.0143095069274886,-0.4347015513594548
-1.3816748918274782,408,0,0,-0.5831425816831967,1.4356848696864941,-1.655453235296275,1.1761803183337036,-0.4618395343280706,0.06880086740914527,0.34154646514547377,1.1283674574846776,0.21438814578240092,0.32682984346253174
1.0945360601107799,415,0,1,1.8665576498013376,1.328704298633114,-0.6609544968943086,-0.062711449029901,0.8892470619041323,0.163296909057567,-0.1751476835028978,0.7014437669200727,-0.6047436226908586,0.32682984346253174
0.6649892623255717,408,0,0,-0.5831425816831967,0.05047092380565546,1.1788681691493288,-0.6031414010924493,0.48892510746496104,-0.3328073095966486,0.8065711989290081,-0.3302884852777208,-0.6047436226908586,-0.4347015513594548
1.1198035188040274,408,0,1,2.6088910532815,1.4412183474996,-0.16370512769332554,-0.75532023235916,-0.261678557108485,1.692951583241399,-0.7435112470161065,0.31009705056918546,-0.19517773845422887,0.32682984346253174
0.10910517107412605,408,0,0,-0.5831425816831967,-0.24833687810206248,-0.36260487537371877,-0.48608076165651826,0.28876413024537545,0.8385498733369166,-2.3452631078260584,2.1245227354687546,-0.6047436226908586,0.32682984346253174
1.5493503165892353,510,0,1,1.8665576498013376,0.09104976110176506,1.9247422229508033,-0.34365698367613573,-1.1123627102917237,-1.447073134034292,0.2898770502806366,0.7370207411337902,0.6239540300190308,-1.1962329461814414
-0.7247209658030425,415,0,0,-0.5831425816831967,0.34743423310900434,2.32254171831159,0.31383360782234426,1.0393677948188216,-1.7344985940482425,1.2715959327125426,1.0216365348435261,-0.19517773845422887,-1.1962329461814414
-0.24463925063133934,415,0,0,-0.5831425816831967,-0.8441079893131288,-1.9538028568168646,-0.8197035840489217,-0.21163831280358855,-0.22256192767348965,-0.4334947578270835,0.09663520528688338,-1.0143095069274886,-0.4347015513594548
1.8525598209082055,415,0,0,-0.5831425816831967,1.0999872156914041,-1.4068285506957834,-0.24025341884106308,1.1894885277335108,-1.8762426565208756,0.8065711989290081,-0.508173356346306,-0.6047436226908586,-0.4347015513594548
1.5240828578959877,408,0,0,-0.5831425816831967,-0.45860903500008615,-0.8101293076546036,-0.4490115591684733,1.2395287720384072,-0.5513294059086246,-0.5368335875567578,-1.5399056085441003,-1.0143095069274886,1.8498926331065049
1.145070977497275,408,0,0,-0.5831425816831967,-0.5582116356359915,-0.8598542445747018,-0.2675675680427804,1.4897299935628892,-1.0060916063416554,-0.02013943890838634,-0.8283661242697595,-0.19517773845422887,4.134486817572465
0.3870472166998489,510,0,0,-0.5831425816831967,-0.2760042671675919,0.4827190522679525,1.3615263307739278,0.13864339733068626,0.5806544263380982,0.44488529487514805,-0.7927891500560426,-0.6047436226908586,-1.1962329461814414
-0.7247209658030425,415,0,0,-0.5831425816831967,0.3123888736260003,-0.6112295599742104,-0.8236056053634531,1.4396897492579928,1.3464660971971856,0.9099100286586824,-1.219712840620647,-0.6047436226908586,-1.1962329461814414
2.0294320317609387,510,0,1,2.3861910322374515,-1.3716328741625563,-1.9538028568168646,2.740890865460649,-1.0623224659868273,-0.6930734683812579,-0.1751476835028978,-1.3975977116892322,-0.6047436226908586,0.32682984346253174
-0.6994535071097949,415,0,0,-0.5831425816831967,0.6388640645992473,-0.5117796861340137,-0.07831953428802481,-1.1123627102917237,-0.8466295360599435,0.5998935394696595,-1.5399056085441003,1.4430857984922902,-1.1962329461814414
0.43758213408634394,415,0,1,2.0892576708453863,2.127369596324729,0.2838193045875593,-0.6850838486976014,0.7391263289894431,-0.23043659781085826,-1.931907788907361,-0.15240361420913565,0.21438814578240092,1.0883612382845183
-1.6596169374532008,408,0,0,-0.5831425816831967,-0.5582116356359915,0.6318938630282475,0.80743930411052,1.089408039123718,-0.5237680604278346,0.18653822055096225,-0.4725963821325891,0.6239540300190308,0.32682984346253174
-1.7354193135329434,408,0,0,-0.5831425816831967,-0.39958527166028973,-0.6112295599742104,-0.3904812394505077,1.589810482172682,-1.3466710897828436,0.08319939082128797,0.9149056122023754,-0.6047436226908586,-0.4347015513594548
-1.280605057054488,510,0,0,-0.5831425816831967,1.4485963179170753,0.2838193045875593,-0.7689773069600184,0.28876413024537545,0.4763150470179652,0.4965547097399852,0.5235588958514875,0.21438814578240092,-0.4347015513594548
-0.9773955527355177,408,0,1,2.5346577129334835,-0.7795507481602268,-0.26315500153352217,-0.32414687710348056,-0.3117188014133814,0.6003411016815193,-1.570221884853501,-0.010095717354267989,-0.6047436226908586,-1.1962329461814414
-1.0531979288152602,408,0,0,-0.5831425816831967,-0.5120993205267759,-0.11398019077322721,0.17726286181375794,-0.4117992900231742,1.2992180763729737,-0.7435112470161065,0.594712844278922,0.21438814578240092,-0.4347015513594548
-0.9521280940422702,415,0,0,-0.5831425816831967,0.017270056927019963,1.2783180429895253,0.5694160039241271,-0.11155782419379576,0.6219964445592827,-1.4152136402589894,0.13221217950060027,-0.6047436226908586,-1.1962329461814414
1.928362196987948,415,0,1,1.4211576077132406,0.9339828812982276,0.2838193045875593,-0.09197660888888377,-1.1123627102917237,0.28535429618677915,0.3932158800103109,0.061058231073166463,-1.0143095069274886,-0.4347015513594548
1.6504201513622254,510,0,0,-0.5831425816831967,0.45441480416238444,0.731343736868444,-0.4080403353658975,2.59061536827061,0.3129156416675691,0.44488529487514805,-0.25913453685028703,0.21438814578240092,-0.4347015513594548
-0.09303449847185417,415,0,0,-0.5831425816831967,-1.2332959288349092,0.9302434845488372,0.32944169308046806,0.43888486316006464,-0.960812253051787,-1.260205395664478,-1.326443763261798,0.21438814578240092,-0.4347015513594548
0.36177975800660134,415,0,0,-0.5831425816831967,1.2069677867447848,-0.16370512769332554,0.9732752099780891,-1.262483443206413,1.3641841050062642,1.2199265178477054,1.2350983801258284,1.4430857984922902,-0.4347015513594548
1.2461408122702649,510,0,0,-0.5831425816831967,-0.19115760736663515,1.1291432322292305,0.3118825971650789,-0.8621614887672419,-0.4233660161763863,0.34154646514547377,0.843751663774941,-0.6047436226908586,-0.4347015513594548
0.5639194275525815,415,0,0,-0.5831425816831967,0.458103789371122,-0.6112295599742104,-1.2352688540464773,0.5389653517698575,0.49403305482704446,-0.02013943890838634,-0.08124966578170181,-0.19517773845422887,-1.1962329461814414
-1.9375589830789237,415,0,0,-0.5831425816831967,1.1497885160093573,0.18436943074736264,-1.0850410334370326,0.5890055960747539,0.2676362883776999,0.23820763541579942,-1.2908667890480812,0.21438814578240092,-0.4347015513594548
0.5133845101660865,408,0,0,-0.5831425816831967,0.6646869610604081,-1.3073786768555868,-0.15440894992138016,-0.11155782419379576,-1.120274323333499,0.1348688056861251,-0.045672691567984904,-0.19517773845422887,2.6114240279284915
-0.34570908540432943,415,0,0,-0.5831425816831967,-0.5268552613617251,-0.8598542445747018,0.36846190622577846,0.7891665732943395,0.05895752973743465,1.3749347624422168,-0.1879805884228532,-0.6047436226908586,2.6114240279284915
-1.0026630114287651,408,0,1,1.7180909691053052,2.0130110548538744,0.03519461998706771,0.058251211720561455,0.08860315302578986,0.04517685699703943,-2.6552795970150815,-0.5793273047737405,-0.6047436226908586,-1.1962329461814414
-1.3058725157477356,415,0,1,1.4953909480612568,0.6425530498079848,-1.1084789291751935,0.6708685581019338,-0.011477335584002954,0.10423688302730322,0.34154646514547377,-0.7927891500560426,3.4909152196754394,1.0883612382845183
2.2568391600001663,408,0,0,-0.5831425816831967,-0.5286997539660936,-0.7106794338144069,1.3225061176286175,1.4396897492579928,-0.41352267850467567,-1.4152136402589894,1.5908681222629986,-1.4238753911641184,-0.4347015513594548
-1.4574772679072208,408,0,0,-0.5831425816831967,0.9339828812982276,2.32254171831159,-0.27537161067184257,1.0393677948188216,-1.4273864586908707,-0.02013943890838634,-0.3658654594914384,-0.6047436226908586,-1.1962329461814414
-0.9521280940422702,510,0,1,0.38189084284101393,0.6388640645992473,-1.9538028568168646,-0.3826771968214461,-0.6119602672427599,-0.5296740630308613,-1.6735607145831752,0.025481256859449554,-1.0143095069274886,-1.1962329461814414
0.21017500584711615,408,0,0,-0.5831425816831967,0.725555217004573,0.23409436766746095,1.933172453352724,-0.6620005115476563,-0.8328488633195488,0.4965547097399852,0.3812509989966199,-0.19517773845422887,0.32682984346253174
0.7660590970985618,510,0,0,-0.5831425816831967,-1.2664967957135447,-1.3073786768555868,-1.662540187987626,-0.511879778632967,-0.2048439198644104,0.7032323691993339,1.9822148386138867,1.8526516827289201,-0.4347015513594548
-0.5731162136435572,510,0,0,-0.5831425816831967,-0.7777062555558584,0.43299411534785415,0.7176928138763063,-2.5635297951337193,0.11408022069901384,1.8399594962257513,1.3418293027669796,2.67178345120218,1.0883612382845183
-0.11830195716510171,415,0,1,1.1242242463211758,0.06522686464060418,-0.6112295599742104,-1.042118798977191,-0.5619200229378634,2.9391181324799653,0.3932158800103109,0.3812509989966199,1.0335199142556606,-0.4347015513594548
1.145070977497275,510,1,0,-0.5831425816831967,-0.858863930148078,-1.7549031091364715,1.2093474995072173,-0.3617590457182778,0.2636989533090159,1.426604177307054,0.3456740247829024,-0.6047436226908586,-0.4347015513594548
0.4123146753930964,408,0,0,-0.5831425816831967,-1.5210367751164153,-0.11398019077322721,0.5303957907788167,1.5397702378677856,0.7696465096349422,0.5482241246048224,0.13221217950060027,-0.6047436226908586,-0.4347015513594548
-0.1688368745515968,510,1,1,1.1242242463211758,0.323455829252212,1.228593106069427,0.2670093520479717,1.7899714593922678,1.6004242091273193,0.1348688056861251,-0.25913453685028703,0.21438814578240092,1.8498926331065049
0.7660590970985618,415,0,0,-0.5831425816831967,-0.8846868266092389,-0.26315500153352217,-0.4197463993094905,0.43888486316006464,0.99013727348126,1.478273592171891,1.8754839159727352,-0.6047436226908586,-0.4347015513594548
0.3112448406201063,415,0,0,-0.5831425816831967,0.1482290318371924,-0.16370512769332554,0.1440956806402438,0.8892470619041323,-0.8269428607165222,0.031529975956450816,-0.5437503305600235,0.6239540300190308,0.32682984346253174
-0.24463925063133934,408,0,1,2.683124393629516,0.6831318871040943,0.03519461998706771,-0.540709060059953,-0.11155782419379576,0.8109885278561266,-0.27848651323257206,-0.4014424337051553,-0.6047436226908586,-0.4347015513594548
-0.4720463788705671,415,0,0,-0.5831425816831967,1.6109116671015136,-0.8598542445747018,0.5635629719523303,-1.3125236875113093,0.9999806111529707,-0.07180885377322349,0.27452007635546855,0.6239540300190308,1.0883612382845183
2.3579089947731564,408,0,0,-0.5831425816831967,-2.419304673443937,0.03519461998706771,1.5663824497868073,1.8900519480020606,0.346382989751385,-0.6918418321512693,2.8360622197430954,-1.4238753911641184,-0.4347015513594548
0.5133845101660865,415,0,0,-0.5831425816831967,-1.4066782336455603,0.4827190522679525,-1.399153749256781,-0.9122017330721383,-0.665512122900468,0.6515629543344966,0.16778915371431719,-0.6047436226908586,-1.1962329461814414
-0.06776703977860665,408,0,1,0.827290884929111,-1.2738747661310192,-0.6609544968943086,0.5264937694642858,-0.16159806849869215,0.8405185408712585,-0.8468500767457807,0.27452007635546855,-0.19517773845422887,-0.4347015513594548
0.03330279499438346,408,0,1,1.569624288409273,0.6480865276210903,-0.7106794338144069,2.214117987998959,0.43888486316006464,1.5610508584404768,0.4965547097399852,1.4485602254081311,-1.0143095069274886,-1.1962329461814414
1.3219431883500075,415,0,0,-0.5831425816831967,0.2625875733080476,-0.5117796861340137,-0.1075846941470076,1.0393677948188216,-0.3583999875430965,0.3932158800103109,-0.6149042789874574,-0.6047436226908586,-0.4347015513594548
0.10910517107412605,408,0,0,-0.5831425816831967,-0.6117019211626818,-0.9593041184148985,0.4738164817181165,-1.012282221681931,0.5747484237350715,0.8582406137938453,-0.6149042789874574,-1.0143095069274886,-0.4347015513594548
0.18490754715386862,510,0,0,-0.5831425816831967,0.5743068234463453,0.5821689261081491,0.739153931106227,-1.3625639318162057,1.0373852943054713,-0.5368335875567578,-0.3658654594914384,0.21438814578240092,1.0883612382845183
0.10910517107412605,415,0,0,-0.5831425816831967,-1.4417235931285641,-2.600227036778143,-0.8138505520771255,0.9392873062090287,1.1476306762286304,-2.4486019375557326,0.7014437669200727,-1.0143095069274886,-0.4347015513594548
-1.4574772679072208,408,0,0,-0.5831425816831967,-0.8072181372257563,1.228593106069427,-0.7338591151292394,-0.6119602672427599,0.5688424211320455,0.2898770502806366,0.843751663774941,-0.6047436226908586,-1.1962329461814414
-0.7247209658030425,415,0,0,-0.5831425816831967,1.3545271950942748,-1.3571036137756851,0.3606578635967168,-1.1123627102917237,0.19479558960704146,-0.588503002421595,-0.15240361420913565,-0.19517773845422887,-1.1962329461814414
0.9429313079512944,408,0,0,-0.5831425816831967,1.147944023404989,-0.36260487537371877,-0.5914353371488563,-0.8621614887672419,1.8583196561261384,0.18653822055096225,0.5591358700652052,1.0335199142556606,1.0883612382845183
-1.0026630114287651,415,0,0,-0.5831425816831967,0.33452278487842363,0.8805185476287389,-0.9484702874284464,-0.21163831280358855,0.3955996781099381,-0.3818253429622464,-1.1485588921932128,-0.6047436226908586,0.32682984346253174
1.5998852339757303,510,0,1,1.4211576077132406,-0.3663844047816548,0.08491955690716602,-0.6246025183223699,0.6390458403796503,0.8503618785429692,1.3749347624422168,-0.2235575626365701,1.8526516827289201,1.0883612382845183
1.8525598209082055,408,0,0,-0.5831425816831967,0.23123119903378064,-0.16370512769332554,-0.6031414010924493,-0.3117188014133814,-0.6753554605721787,-2.3969325226908955,0.4168279732103368,-0.19517773845422887,-0.4347015513594548
-0.3962440027908245,415,0,0,-0.5831425816831967,1.057563885790926,-0.36260487537371877,-0.0607604383726356,0.6390458403796503,2.129995775865352,-1.1568665659348036,0.4168279732103368,1.0335199142556606,0.32682984346253174
-1.3564074331342306,408,0,1,2.1634910111934027,-1.2314514362305409,2.4717165290718848,0.8406064852840341,-0.16159806849869215,-0.43714668891678155,0.5998935394696595,1.0572135090572432,0.6239540300190308,0.32682984346253174
0.7407916384053143,510,0,0,-0.5831425816831967,-0.7463498812815919,-1.4068285506957834,0.8815777090866099,0.5890055960747539,0.12392355837072448,1.0649182732531939,0.4168279732103368,1.8526516827289201,2.6114240279284915
1.4230130231229976,415,0,1,1.4953909480612568,0.24045366205562377,0.33354424150765755,-0.10368267283247677,-1.3125236875113093,-1.7955272876128483,1.9949677408202626,-1.219712840620647,0.21438814578240092,1.0883612382845183
-0.8257908005760325,415,0,0,-0.5831425816831967,0.5171275527109179,-1.6057282983761765,0.9908343058934789,1.1394482834286144,-0.18318857698664712,-0.02013943890838634,0.23894310214175163,0.6239540300190308,0.32682984346253174
-0.9521280940422702,510,0,0,-0.5831425816831967,-0.8607084227524465,1.0794182953091322,-2.610731367418668,-1.913006619170066,-0.7974128477013903,1.0649182732531939,-0.11682663999541872,-1.0143095069274886,1.0883612382845183
-0.11830195716510171,415,0,0,-0.5831425816831967,0.019114549531388487,-0.41232981229381704,-0.19342916306669053,0.6890860846845467,1.864225658729165,1.2715959327125426,0.025481256859449554,-0.19517773845422887,-0.4347015513594548
-0.017232122392111596,415,0,1,1.8665576498013376,0.7218662317958354,0.18436943074736264,-0.8938419890250117,2.190293413831439,-2.006174713787456,0.8582406137938453,0.6658667927063558,-0.19517773845422887,-0.4347015513594548
0.1596400884606211,510,1,0,-0.5831425816831967,1.7326481789898436,0.18436943074736264,-0.33195091973254215,-1.6127651533406877,-0.9273449049679705,-1.7252301294480124,0.27452007635546855,1.8526516827289201,0.32682984346253174
-1.6343494787599533,510,0,0,-0.5831425816831967,-0.017775302555984064,-0.8598542445747018,0.2396952028462543,0.13864339733068626,-0.057193854788750914,0.9615794435235195,0.23894310214175163,0.21438814578240092,-0.4347015513594548
-0.9521280940422702,415,0,1,1.8665576498013376,0.08551628328865897,0.5324439891880508,2.1809508068254457,-0.5619200229378634,1.2421267178770525,-2.3452631078260584,0.7014437669200727,-0.19517773845422887,-0.4347015513594548
0.43758213408634394,408,0,0,-0.5831425816831967,0.8306912954535846,-0.31287993845362044,0.4894245669762409,0.9893275505139251,1.340560094594159,0.23820763541579942,0.8081746895612241,1.4430857984922902,0.32682984346253174
1.0187336840310373,408,0,0,-0.5831425816831967,1.166388949448675,-0.5117796861340137,0.6494074408720132,-1.012282221681931,0.20857626234743612,0.18653822055096225,-1.5043286343303832,-0.6047436226908586,2.6114240279284915
-1.6848843961464484,415,0,0,-0.5831425816831967,0.2607430807036786,-1.3073786768555868,-1.4420759837166222,-0.8121212444623455,0.39953701317862217,3.3900419421708654,-0.508173356346306,-0.19517773845422887,-1.1962329461814414
-0.7247209658030425,415,0,0,-0.5831425816831967,-0.7315939404466426,0.8307936107086407,0.44455132185913376,-0.21163831280358855,0.7853958499096794,-0.3818253429622464,0.8793286379886579,-0.19517773845422887,0.32682984346253174
0.4123146753930964,415,0,1,1.1242242463211758,0.34190075529589825,-0.7106794338144069,-0.46461964442659764,-0.7120407558525527,-0.40171067329862303,-0.4334947578270835,-1.219712840620647,0.6239540300190308,-0.4347015513594548
0.2859773819268588,510,0,1,2.0892576708453863,-1.2148510027912232,0.8307936107086407,-0.8450667225933737,-0.9122017330721383,-0.4588020317945448,0.9099100286586824,-0.08124966578170181,-0.6047436226908586,0.32682984346253174
-0.21937179193809184,408,0,1,2.2377243515414187,1.1553219938224628,-0.21343006461342384,-0.8021444881335326,2.190293413831439,0.17904624933230423,0.3932158800103109,-0.4725963821325891,-1.4238753911641184,-0.4347015513594548
2.3326415360799087,415,0,0,-0.5831425816831967,-0.15980123309236816,1.1788681691493288,-1.336721408224284,-0.261678557108485,-1.7325299265139003,-0.588503002421595,0.48798192163777065,-0.6047436226908586,-0.4347015513594548
0.968198766644542,415,0,1,1.2726909270172082,-0.7611058221165405,-0.21343006461342384,-2.3453939180305574,-1.0623224659868273,-0.7324468190681005,-0.898519491610618,-0.6860582274148912,1.4430857984922902,-1.1962329461814414
-1.4322098092139732,415,0,0,-0.5831425816831967,2.380065083123232,1.9247422229508033,-0.9757844366301632,-0.3117188014133814,-0.04341318204835625,-1.7768995443128495,-1.0418279695520618,-0.6047436226908586,1.8498926331065049
0.589186886245829,415,0,0,-0.5831425816831967,1.3785055989510673,0.6318938630282475,-2.378561099204071,0.18868364163558266,-0.9391569101740237,-1.6218912997183381,0.5591358700652052,-1.0143095069274886,0.32682984346253174
-1.710151854839696,408,0,0,-0.5831425816831967,-0.3700733899903918,0.731343736868444,-0.10563368348974218,0.8892470619041323,-1.9392400176198235,-0.7435112470161065,-1.112981917979496,1.0335199142556606,-0.4347015513594548
0.6902567210188192,408,0,1,1.9407909901493539,-0.6873261179417954,-1.3571036137756851,-0.11733974743333518,-1.0623224659868273,0.7558658368945474,-1.0018583213402923,2.0533687870413204,0.6239540300190308,-0.4347015513594548
1.776757444828463,415,0,1,1.2726909270172082,0.8048683989924237,-1.1582038660952918,-0.34365698367613573,0.8892470619041323,-0.9864049309982343,-0.5368335875567578,-0.010095717354267989,-0.6047436226908586,1.0883612382845183
0.5386519688593341,408,0,1,1.1242242463211758,-0.8367300188956547,-0.7604043707345053,0.5167387161779583,1.589810482172682,-1.545506510751398,-0.22681709836773498,-0.6149042789874574,-1.0143095069274886,0.32682984346253174
-0.37097654409757697,415,0,1,1.8665576498013376,1.3563716876986434,0.5821689261081491,0.18116488312828877,-0.3117188014133814,-2.084921415161141,-0.12347826863806065,0.594712844278922,-0.19517773845422887,1.0883612382845183
1.5746177752824828,510,0,1,1.1242242463211758,-0.3608509269685487,0.18436943074736264,-0.2226943229256733,-1.8129261305602733,0.5708110886663875,0.9099100286586824,0.061058231073166463,1.0335199142556606,-0.4347015513594548
0.7660590970985618,408,0,1,2.0892576708453863,0.6388640645992473,0.731343736868444,-0.7631242749882221,0.8392068175992359,1.2559073906174472,0.08319939082128797,-0.25913453685028703,-0.19517773845422887,1.0883612382845183
0.589186886245829,415,0,0,-0.5831425816831967,2.4427778316717648,0.5821689261081491,-0.40608932470863207,0.43888486316006464,-0.6359821098853362,-0.33015592809740923,0.9149056122023754,-0.19517773845422887,-0.4347015513594548
0.008035336301135934,408,0,0,-0.5831425816831967,1.096298230482667,2.7700661505924744,1.4083505865483,0.28876413024537545,1.5216775077536342,-0.3818253429622464,1.1639444316983945,1.4430857984922902,-0.4347015513594548
0.9429313079512944,510,1,0,-0.5831425816831967,-0.1893131147622661,-0.9095791814948001,0.33334371439499944,2.340414146746128,-0.32886997452796457,-1.2085359807996408,-0.2947115110640039,1.8526516827289201,-0.4347015513594548
-0.85105825926928,408,0,0,-0.5831425816831967,-0.062043125060831227,0.9799684214689356,0.6864766433600581,1.8900519480020606,-0.9529375829144184,0.18653822055096225,0.13221217950060027,-0.19517773845422887,-0.4347015513594548
-0.09303449847185417,408,0,0,-0.5831425816831967,0.7015768131477806,-0.9593041184148985,2.335080648749421,-2.4634493065239265,-0.9883735985325769,0.4965547097399852,-2.1447141701772896,-0.6047436226908586,-1.1962329461814414
0.18490754715386862,408,0,1,0.5303575235370462,-0.2667818041457488,-0.7604043707345053,1.2912899471123689,-0.3617590457182778,0.9802939358095494,0.7032323691993339,0.23894310214175163,-0.19517773845422887,-0.4347015513594548
1.2208733535770175,408,0,0,-0.5831425816831967,-2.037494704339631,0.8307936107086407,-1.2586809819336633,-0.011477335584002954,-0.3780866628865177,-2.4486019375557326,-1.3975977116892322,-0.6047436226908586,-0.4347015513594548
-1.2553375983612405,408,0,0,-0.5831425816831967,-0.1893131147622661,0.5324439891880508,-1.196248640901167,-1.5627249090357913,-0.07688053013217218,-0.6918418321512693,0.6302898184926389,-0.6047436226908586,-1.1962329461814414
0.05857025368763099,415,0,0,-0.5831425816831967,-2.0042938374609958,1.6761175383503117,-1.293799173764443,0.5890055960747539,-0.6320447748166516,3.286703112441191,0.6302898184926389,0.6239540300190308,0.32682984346253174
0.7913265557918093,510,0,0,-0.5831425816831967,0.2275422138250436,0.33354424150765755,0.11873254209579241,1.3396092606482,1.3996201206244228,-0.6401724172864321,0.843751663774941,-1.0143095069274886,-0.4347015513594548
-2.0638962765451616,510,0,0,-0.5831425816831967,1.4725747217738667,0.7810686737885423,1.3439672348585376,0.43888486316006464,-0.5040813850844134,1.5299430070367284,-0.25913453685028703,-0.6047436226908586,-0.4347015513594548
-0.04249958108535913,415,0,0,-0.5831425816831967,0.2146307655944629,0.4827190522679525,-0.7202020405283804,0.08860315302578986,0.8405185408712585,0.7032323691993339,1.3774062769806965,-0.6047436226908586,-0.4347015513594548
0.6649892623255717,415,0,1,1.4953909480612568,1.0335854819341337,1.1788681691493288,0.7020847286181825,0.6390458403796503,0.7932705200470475,1.3749347624422168,-0.8995200726971936,-1.0143095069274886,-0.4347015513594548
-0.14356941585834926,415,0,0,-0.5831425816831967,-0.39958527166028973,0.13464449382726434,1.1469151584747208,-0.511879778632967,0.5727797562007295,0.8582406137938453,1.3418293027669796,-1.0143095069274886,-1.1962329461814414
0.18490754715386862,415,0,0,-0.5831425816831967,0.5724623308419767,0.8307936107086407,-0.7143490085565842,0.13864339733068626,0.009740841378881492,-1.6735607145831752,-0.2947115110640039,0.21438814578240092,-1.1962329461814414
-0.017232122392111596,510,0,0,-0.5831425816831967,-1.1742721654951132,-0.6609544968943086,-1.7464336462500432,-2.2132480849994445,-0.6044834293358623,-1.2085359807996408,-1.112981917979496,-0.19517773845422887,-0.4347015513594548
-1.2048026809747454,408,0,0,-0.5831425816831967,0.9044709996283297,0.8307936107086407,-1.3269663549379564,1.1394482834286144,0.5176570652391498,1.2199265178477054,-0.045672691567984904,-1.0143095069274886,5.6575496072164375
0.6397218036323241,510,0,0,-0.5831425816831967,-0.07679906589577992,0.9799684214689356,-2.0000650316945605,-1.4626444204259985,0.019584179050592124,-0.3818253429622464,0.13221217950060027,-1.4238753911641184,-1.1962329461814414
-0.11830195716510171,415,0,0,-0.5831425816831967,-0.10446645496130934,0.5324439891880508,1.689296121194534,0.23872388594047905,0.07667553754651389,-0.4851641726919207,-0.4014424337051553,1.0335199142556606,-0.4347015513594548
-0.4720463788705671,415,0,0,-0.5831425816831967,-0.8145961076432309,0.08491955690716602,0.7079377605899787,1.089408039123718,-1.6262218796594254,-0.4851641726919207,2.587023400247076,-0.19517773845422887,-1.1962329461814414
0.3112448406201063,510,0,0,-0.5831425816831967,-0.5434556948010428,0.9799684214689356,-0.01393618259826305,-0.7620810001574491,1.2952807413042897,0.23820763541579942,0.27452007635546855,-0.6047436226908586,0.32682984346253174
-0.6994535071097949,415,0,0,-0.5831425816831967,0.07076034245371027,-1.009029055334997,0.8035372827959892,0.7391263289894431,0.009740841378881492,-0.02013943890838634,-0.9706740211246278,-0.6047436226908586,1.8498926331065049
0.8671289318715518,415,0,0,-0.5831425816831967,1.553732396366087,-1.7051781722163732,0.9849812739216827,0.7891665732943395,-0.015851836567566373,0.5998935394696595,-0.6504812532011743,-1.0143095069274886,2.6114240279284915
0.9176638492580469,408,0,0,-0.5831425816831967,-0.655969743667529,-0.5117796861340137,-0.37487315419238393,-0.011477335584002954,-1.4332924612938973,-0.3818253429622464,0.7370207411337902,-1.0143095069274886,-1.1962329461814414
-0.3962440027908245,408,0,1,1.4211576077132406,0.3105443810216318,1.9247422229508033,1.5624804284722753,-0.511879778632967,-2.197135464618642,-1.3118748105293152,1.270675354339546,-0.19517773845422887,-0.4347015513594548
-1.1037328462017553,408,1,1,1.643857628757289,1.0132960632860788,1.4772177906699187,-0.10953570480427355,0.7891665732943395,1.336622759525475,-0.33015592809740923,0.4168279732103368,-0.19517773845422887,0.32682984346253174
-1.3816748918274782,510,0,0,-0.5831425816831967,-1.6446177796091133,0.3832691784277559,1.4707829275807962,-1.1624029545966201,-1.0710576349749459,0.5482241246048224,0.8793286379886579,-1.0143095069274886,-0.4347015513594548
-0.04249958108535913,408,0,0,-0.5831425816831967,-1.5523931493906817,0.23409436766746095,0.12458557406758863,0.03856290872089345,-1.277767726080869,0.8582406137938453,-1.6466365311852516,0.21438814578240092,-0.4347015513594548
0.3112448406201063,415,0,1,1.1242242463211758,0.46917074499733363,0.03519461998706771,-0.9523723087429772,-2.013087107779859,-0.8328488633195488,-2.13858544836671,-0.010095717354267989,0.21438814578240092,0.32682984346253174
0.10910517107412605,408,0,0,-0.5831425816831967,-0.31842759706807006,-0.06425525385312891,0.22798913890266131,-0.261678557108485,0.27157362344638397,0.7032323691993339,0.31009705056918546,1.4430857984922902,1.8498926331065049
2.0294320317609387,415,1,0,-0.5831425816831967,-0.3368725231117563,-0.8598542445747018,-1.49085125014826,-0.8621614887672419,1.20275336719021,-0.12347826863806065,1.3774062769806965,-0.6047436226908586,-1.1962329461814414
-0.9268606353490226,408,0,1,0.827290884929111,2.0572788773587223,2.4717165290718848,0.5050326522343647,1.1394482834286144,0.3581949949574376,-1.7252301294480124,-0.9706740211246278,-1.0143095069274886,-0.4347015513594548
1.0440011427242848,510,0,1,2.3861910322374515,1.0667863488127691,0.23409436766746095,-0.48608076165651826,-0.3617590457182778,0.18495225193533085,0.4965547097399852,-0.3658654594914384,-0.6047436226908586,1.0883612382845183
0.2354424645403637,408,0,1,2.3861910322374515,0.4249029224924865,0.13464449382726434,-1.6001078469551293,1.3896495049530964,0.6692444653834938,-0.12347826863806065,-0.43701940791887217,1.8526516827289201,0.32682984346253174
0.21017500584711615,510,0,0,-0.5831425816831967,-0.16349021830110574,0.03519461998706771,0.7684190909652097,-0.9122017330721383,-1.6124412069190306,0.5998935394696595,0.4168279732103368,-0.19517773845422887,0.32682984346253174
-0.11830195716510171,415,0,0,-0.5831425816831967,-1.5118143120945722,-0.11398019077322721,-1.859592264371443,0.8892470619041323,0.3798503378352009,0.23820763541579942,0.48798192163777065,1.8526516827289201,-0.4347015513594548
-0.5983836723368048,415,0,0,-0.5831425816831967,1.2106567719535217,-0.6609544968943086,1.0396095723251169,-0.8621614887672419,0.7578345044288894,-0.4851641726919207,-0.9706740211246278,-0.19517773845422887,-1.1962329461814414
0.9934662253377895,415,0,0,-0.5831425816831967,-0.35162846394670555,0.6816187999483457,0.7742721229370064,0.13864339733068626,0.6416831199027039,1.0649182732531939,0.3812509989966199,-0.19517773845422887,-0.4347015513594548
0.21017500584711615,415,0,1,2.8315910743255484,0.6997323205434122,1.1291432322292305,0.641603398242951,-0.8121212444623455,-0.7285094839994158,-0.07180885377322349,-0.43701940791887217,-0.6047436226908586,1.8498926331065049
-1.3058725157477356,415,0,0,-0.5831425816831967,0.6314860941817731,-1.0587539922550953,1.2542207446243243,-0.3617590457182778,0.7657091745662581,1.426604177307054,1.911060890186452,1.0335199142556606,-1.1962329461814414
-0.2699067093245869,408,0,0,-0.5831425816831967,-2.181365127480384,-0.46205474921391537,-0.12514379006239737,-0.3117188014133814,-1.1379923311425784,-1.0535277362051294,0.4168279732103368,1.8526516827289201,-0.4347015513594548
0.9176638492580469,408,0,0,-0.5831425816831967,0.5392614639633417,0.9799684214689356,0.4777185030326479,-0.011477335584002954,0.40741168331599076,1.5299430070367284,0.31009705056918546,0.21438814578240092,-1.1962329461814414
0.05857025368763099,415,0,0,-0.5831425816831967,0.3492787257133729,0.5821689261081491,-3.0887289784487195,-0.511879778632967,-0.4273033512450709,1.2199265178477054,0.7725977153475072,0.21438814578240092,-1.1962329461814414
-0.09303449847185417,415,0,1,1.7923243094533214,0.07076034245371027,-0.31287993845362044,1.3322611709149452,0.9893275505139251,0.05108285960006603,-3.22364316052829,-1.255289814834364,-0.19517773845422887,2.6114240279284915
-1.1037328462017553,408,0,1,1.2726909270172082,-0.050976169434619044,-0.31287993845362044,-0.11343772611880437,-1.262483443206413,0.24794961303427865,0.8065711989290081,-0.6860582274148912,-0.19517773845422887,-1.1962329461814414
1.0187336840310373,415,0,0,-0.5831425816831967,0.10211671672797672,1.2783180429895253,0.6279463236420926,-0.11155782419379576,-0.958843585517445,0.2898770502806366,-0.4014424337051553,1.0335199142556606,-1.1962329461814414
1.3219431883500075,510,0,0,-0.5831425816831967,-1.0525356536067838,2.2230918444713934,1.4142036185200966,0.13864339733068626,-0.061131189857434945,-1.5185524699886637,-0.7927891500560426,-0.6047436226908586,0.32682984346253174
0.36177975800660134,415,0,1,1.8665576498013376,-0.6375248176238427,-1.4068285506957834,-0.12319277940513196,2.840816589795092,0.8149258629248113,1.9432983259554255,1.4129832511944136,-0.6047436226908586,0.32682984346253174
-0.6489185897232999,415,0,0,-0.5831425816831967,-0.6707256845024783,-0.41232981229381704,0.1616547765556336,2.090212925221646,-0.5493607383742825,-0.22681709836773498,0.594712844278922,1.8526516827289201,-0.4347015513594548
-0.5983836723368048,415,0,0,-0.5831425816831967,1.0999872156914041,0.6816187999483457,-0.9913925218882875,0.7391263289894431,-0.7895381775640217,-1.0018583213402923,0.025481256859449554,-1.0143095069274886,2.6114240279284915
-0.017232122392111596,415,0,1,2.2377243515414187,-0.04544269162151348,-0.6112295599742104,-0.7241040618429118,0.38884461885516824,0.8228005330621794,-1.4668830551238266,-1.0062509953383447,-1.0143095069274886,-1.1962329461814414
-0.74998842449629,415,0,0,-0.5831425816831967,-1.39376678541498,-0.41232981229381704,-0.074417512973494,1.2395287720384072,-1.7876526174754799,1.1682571029828681,1.5552911480492817,1.4430857984922902,-1.1962329461814414
-0.8257908005760325,510,0,0,-0.5831425816831967,0.29209945497794554,0.7810686737885423,0.22018509627359914,0.03856290872089345,-1.2305197052566579,1.7366206664960768,1.733176019117867,2.67178345120218,-0.4347015513594548
-0.8257908005760325,510,0,0,-0.5831425816831967,-0.6633477140850036,-1.009029055334997,-1.2977011950789736,-1.762885886255377,0.2892916312554632,-0.8468500767457807,1.8754839159727352,0.21438814578240092,0.32682984346253174
0.8923963905647994,408,0,0,-0.5831425816831967,1.6644019526282046,0.2838193045875593,0.546003876036941,0.03856290872089345,1.1141633281448144,0.2898770502806366,-0.045672691567984904,1.4430857984922902,-0.4347015513594548
-0.5983836723368048,408,0,0,-0.5831425816831967,-2.161075708832329,-0.5615046230541121,-0.6031414010924493,1.0393677948188216,0.1711715791949356,-1.880238374042524,-1.6110595569715345,0.6239540300190308,2.6114240279284915
0.008035336301135934,415,0,0,-0.5831425816831967,1.433840377082126,-0.8101293076546036,-0.312440813159887,0.7391263289894431,-1.8112766278875854,0.44488529487514805,1.1639444316983945,1.0335199142556606,-1.1962329461814414
-0.21937179193809184,415,0,0,-0.5831425816831967,0.3123888736260003,-0.9095791814948001,-0.2109882589820803,-0.5619200229378634,-0.7422901567398111,-0.07180885377322349,0.2033661279280347,-1.0143095069274886,0.32682984346253174
0.6397218036323241,408,1,0,-0.5831425816831967,0.3326782922740551,1.2783180429895253,0.8913327623729376,0.5890055960747539,1.6614529026919258,0.18653822055096225,0.8081746895612241,1.4430857984922902,0.32682984346253174
-0.8257908005760325,415,0,0,-0.5831425816831967,0.6333305867861416,0.5821689261081491,1.16447425439011,-0.011477335584002954,0.6475891225057305,-0.1751476835028978,-0.6504812532011743,-0.6047436226908586,-0.4347015513594548
0.4123146753930964,510,0,0,-0.5831425816831967,-0.5471446800097799,-0.26315500153352217,1.0786297854704276,0.48892510746496104,0.23220027275954142,-0.4334947578270835,1.0927904832709607,3.4909152196754394,0.32682984346253174
-0.6994535071097949,510,0,0,-0.5831425816831967,1.0169850484948157,0.08491955690716602,-0.09978065151794596,0.48892510746496104,1.0334479592367873,-1.5185524699886637,-0.6504812532011743,1.4430857984922902,0.32682984346253174
0.1596400884606211,415,0,0,-0.5831425816831967,-0.8441079893131288,-0.7604043707345053,-0.3963342714223045,-0.3117188014133814,-1.746310599254295,0.754901784064171,-0.4725963821325891,-0.19517773845422887,-1.1962329461814414
0.6144543449390766,415,0,1,2.0892576708453863,0.40092451863569467,0.8307936107086407,-3.0945820104205164,-1.1123627102917237,-1.480540482118108,0.18653822055096225,-1.7177904796126855,-0.6047436226908586,-0.4347015513594548
-0.8257908005760325,510,0,0,-0.5831425816831967,0.8694256401453256,-0.31287993845362044,-0.6324065609514321,1.4396897492579928,-0.2402799354825689,0.8582406137938453,-0.010095717354267989,-1.4238753911641184,-1.1962329461814414
0.03330279499438346,408,0,0,-0.5831425816831967,1.018829541099185,1.228593106069427,-0.03149527851365283,-0.06151757988889935,-0.7422901567398111,-0.6401724172864321,-0.08124966578170181,-1.4238753911641184,1.8498926331065049
-0.34570908540432943,415,1,1,2.3861910322374515,0.7753565173225258,-1.0587539922550953,-0.8528707652224359,-1.3125236875113093,0.423161023590728,1.2199265178477054,0.45240494742405374,-0.6047436226908586,-0.4347015513594548
-0.017232122392111596,415,0,0,-0.5831425816831967,-0.25018137070643104,0.08491955690716602,0.6884276540173235,-0.16159806849869215,-1.311235074164685,-0.3818253429622464,0.23894310214175163,-0.19517773845422887,-0.4347015513594548
0.18490754715386862,415,0,0,-0.5831425816831967,1.1184321417350904,-1.1084789291751935,0.5752690358959238,0.43888486316006464,0.31685297673625307,-0.898519491610618,-1.7889444280401197,-1.4238753911641184,0.32682984346253174
1.9788971143744432,408,0,0,-0.5831425816831967,0.7310886948176786,-0.41232981229381704,-1.0030985858318806,1.2395287720384072,0.8621738837490218,0.18653822055096225,-1.4687516601166664,0.21438814578240092,-1.1962329461814414
-0.9015931766557751,415,0,0,-0.5831425816831967,-1.264652303109176,-2.451052226017848,0.3704129168830444,-0.8121212444623455,0.02155284658493414,-0.588503002421595,-2.0735602217498554,3.900481103912069,-0.4347015513594548
0.008035336301135934,415,0,1,2.0892576708453863,-1.0304017423543603,1.228593106069427,-0.5504641133462805,0.28876413024537545,1.5669568610435034,1.3749347624422168,-0.508173356346306,-0.19517773845422887,-0.4347015513594548
0.2859773819268588,415,1,0,-0.5831425816831967,-0.3258055674855447,1.875017286030705,0.0016719026598613173,0.6890860846845467,-1.3171410767677116,1.7366206664960768,0.16778915371431719,-0.19517773845422887,-0.4347015513594548
-0.7247209658030425,415,0,1,2.1634910111934027,0.7458446356526278,-1.009029055334997,0.32163765045140646,0.08860315302578986,-0.9470315803113918,-1.5185524699886637,1.5908681222629986,0.6239540300190308,1.0883612382845183
0.6649892623255717,415,1,0,-0.5831425816831967,-0.6707256845024783,-2.0035277937369633,-0.41584437799495966,2.940897078404885,-0.5729847487863878,1.116587688118031,-1.4331746859029493,-0.19517773845422887,1.8498926331065049
-1.811221689612686,510,0,0,-0.5831425816831967,0.2957884401866826,-1.4565534876158817,-1.4518310370029497,-1.3125236875113093,-1.0297156167537613,-0.6918418321512693,1.4129832511944136,-0.19517773845422887,-0.4347015513594548
-0.04249958108535913,415,0,0,-0.5831425816831967,0.790112458157475,0.08491955690716602,-0.2929307065872318,-0.5619200229378634,0.724367156345073,-1.0018583213402923,0.6302898184926389,1.4430857984922902,0.32682984346253174
-1.0026630114287651,415,0,0,-0.5831425816831967,0.32714481446094956,-1.655453235296275,1.2425146806807308,0.28876413024537545,0.18888958700401487,0.8065711989290081,-0.43701940791887217,0.6239540300190308,-0.4347015513594548
-0.1688368745515968,415,1,0,-0.5831425816831967,1.0335854819341337,1.526942727590017,-0.11733974743333518,0.33880437455027185,-0.5966087591984937,-0.3818253429622464,-0.5793273047737405,-0.19517773845422887,-0.4347015513594548
0.9176638492580469,415,0,0,-0.5831425816831967,0.6702204388735142,-1.20792880301539,-1.0811390121225013,0.8892470619041323,-0.27571595110072683,1.478273592171891,0.6658667927063558,-0.19517773845422887,-0.4347015513594548
0.21017500584711615,415,0,1,1.4211576077132406,-0.23358093726711326,-0.7604043707345053,0.3977270660847612,-0.4117992900231742,-0.07097452752914558,-0.1751476835028978,0.7370207411337902,-0.19517773845422887,-0.4347015513594548
-1.0279304701220127,408,0,0,-0.5831425816831967,-1.0045788458931997,-0.06425525385312891,0.9362060074900447,-1.913006619170066,0.2046389272787521,-1.1051971510699665,0.3456740247829024,-0.6047436226908586,1.0883612382845183
-0.9773955527355177,415,0,0,-0.5831425816831967,-0.5987904729321016,-0.46205474921391537,-0.20318421635301812,0.33880437455027185,-0.11231654575033068,0.754901784064171,0.7014437669200727,-0.6047436226908586,-1.1962329461814414
0.7155241797120667,415,0,0,-0.5831425816831967,-0.7389719108641173,0.9302434845488372,1.7263653236825796,0.23872388594047905,-1.4076997833474494,-0.1751476835028978,1.0216365348435261,1.4430857984922902,-1.1962329461814414
-0.2951741680178344,408,1,0,-0.5831425816831967,0.5042161044803377,1.6761175383503117,-0.6460636355522911,0.23872388594047905,-0.8899402218154706,-0.7435112470161065,0.23894310214175163,-0.19517773845422887,-1.1962329461814414
-1.4069423505207257,510,0,1,1.3469242673652244,-1.6206393757523212,0.18436943074736264,-0.9796864579446946,0.9392873062090287,-2.708989023547595,0.1348688056861251,-0.8995200726971936,0.21438814578240092,-0.4347015513594548
-1.5332796439869631,510,0,0,-0.5831425816831967,-1.1779611507038505,0.23409436766746095,-1.4245168878012326,0.6390458403796503,-1.838837973368375,-0.4851641726919207,-0.3302884852777208,0.6239540300190308,-0.4347015513594548
-0.85105825926928,415,0,0,-0.5831425816831967,0.5743068234463453,0.7810686737885423,0.35870685293945087,-0.7120407558525527,-0.41746001357336027,-0.898519491610618,-1.0774049437657789,0.6239540300190308,-0.4347015513594548
-0.2699067093245869,415,0,0,-0.5831425816831967,0.4396588633274357,2.2728167813914917,0.5050326522343647,0.8392068175992359,-0.9549062504487604,0.23820763541579942,-1.0418279695520618,-0.19517773845422887,-0.4347015513594548
0.2859773819268588,415,0,0,-0.5831425816831967,0.10765019454108282,0.6816187999483457,-0.18367410978036292,0.9392873062090287,-1.120274323333499,-1.1568665659348036,-0.08124966578170181,2.67178345120218,0.32682984346253174
-0.3962440027908245,408,0,1,1.8665576498013376,0.522661030524024,-0.26315500153352217,0.6377013769284202,-0.6119602672427599,0.4015056807129647,-0.4334947578270835,1.1639444316983945,-0.6047436226908586,-0.4347015513594548
0.968198766644542,510,0,1,1.2726909270172082,-1.5376372085557328,0.5821689261081491,-0.4275504419385527,-1.512684664730895,-0.3702119927491491,-0.8468500767457807,0.9504825864160924,2.26221756696555,0.32682984346253174
-1.4827447266004683,415,0,0,-0.5831425816831967,-0.44569758676950544,1.3280429799096236,-0.7163000192138496,-2.763690772353305,-0.850566871128628,1.426604177307054,-0.43701940791887217,-0.6047436226908586,-1.1962329461814414
-1.6090820200667058,408,0,0,-0.5831425816831967,-0.823818570665074,-0.11398019077322721,0.9284019648609825,1.4897299935628892,0.6948371433299411,0.6515629543344966,1.5908681222629986,-1.0143095069274886,1.0883612382845183
-0.5225812962570623,415,0,1,2.2377243515414187,1.0520304079778198,-1.5560033614560782,-0.06466245968716641,-1.6127651533406877,0.16920291166059362,0.08319939082128797,-0.25913453685028703,2.26221756696555,0.32682984346253174
-1.1795352222814979,415,0,1,1.8665576498013376,-0.32765006008991315,-1.3571036137756851,1.4083505865483,-2.1131675963896517,-0.9253762374336285,-1.260205395664478,1.2350983801258284,-0.19517773845422887,-1.1962329461814414
0.8923963905647994,408,1,1,1.569624288409273,-1.740531395036282,-0.11398019077322721,0.5772200465531893,-0.7620810001574491,0.8405185408712585,0.18653822055096225,-0.43701940791887217,-0.6047436226908586,0.32682984346253174
-0.5983836723368048,510,0,1,1.4953909480612568,-0.8053736446213877,0.8307936107086407,0.8523125492276272,0.08860315302578986,0.1298295609737511,-1.3635442253941523,0.45240494742405374,-0.6047436226908586,1.8498926331065049
1.0187336840310373,415,0,0,-0.5831425816831967,1.4873306626088159,1.526942727590017,-0.4216974099667565,0.9893275505139251,-1.2974544014242904,0.9615794435235195,-1.0774049437657789,1.4430857984922902,1.0883612382845183
0.7660590970985618,415,0,0,-0.5831425816831967,-0.08233254370888601,-1.3571036137756851,-0.564121187947139,0.7891665732943395,-1.3742324352636335,-0.33015592809740923,-1.0418279695520618,0.6239540300190308,-0.4347015513594548
0.6397218036323241,415,0,0,-0.5831425816831967,1.4190844362471768,0.5821689261081491,-0.02564224654185605,-0.511879778632967,-0.24815460561993696,1.116587688118031,-1.1485588921932128,0.21438814578240092,1.0883612382845183
1.0440011427242848,415,0,1,2.2377243515414187,-0.29998267102438375,0.18436943074736264,-1.2645340139054602,0.6890860846845467,0.9487952552600755,1.3749347624422168,-2.109137195963573,0.6239540300190308,-1.1962329461814414
0.3870472166998489,408,0,0,-0.5831425816831967,2.0000996066232943,0.9799684214689356,1.072776753498631,-0.511879778632967,0.6397144523683619,-0.07180885377322349,1.1283674574846776,-0.19517773845422887,-1.1962329461814414
1.4735479405094927,408,1,0,-0.5831425816831967,1.430151391873389,-2.3516023521776512,2.1731467641963826,1.3396092606482,-0.3524939849400699,-0.9501889064754551,-0.508173356346306,0.6239540300190308,-0.4347015513594548
1.1703384361905225,415,1,0,-0.5831425816831967,-0.4161857050996075,-1.0587539922550953,-1.9064165201458156,-0.3117188014133814,0.21448226495046274,-0.22681709836773498,-1.112981917979496,0.6239540300190308,-1.1962329461814414
-0.5731162136435572,408,0,0,-0.5831425816831967,-0.2944491932112782,-0.6112295599742104,1.6112556949039134,-0.3617590457182778,1.2047220347245526,0.3932158800103109,-0.5793273047737405,1.8526516827289201,-1.1962329461814414
-0.11830195716510171,415,0,1,0.9757575656251434,1.254924594458369,-0.26315500153352217,1.0825318067849585,2.4905348796608173,-0.8328488633195488,-1.4668830551238266,0.2033661279280347,0.6239540300190308,0.32682984346253174
-0.44677892017731957,415,0,1,2.1634910111934027,-1.86411239952898,0.43299411534785415,0.18896892575735094,0.03856290872089345,-0.41746001357336027,0.08319939082128797,0.5591358700652052,-0.19517773845422887,-0.4347015513594548
0.4628495927795915,415,0,0,-0.5831425816831967,-1.2978531699878113,-0.21343006461342384,-0.9309111915130566,-1.012282221681931,0.7696465096349422,0.08319939082128797,-0.15240361420913565,0.21438814578240092,0.32682984346253174
2.1305018665339284,408,0,0,-0.5831425816831967,-0.7371274182597487,-0.41232981229381704,0.9635201566917615,0.7391263289894431,-0.8426922009912594,-1.1051971510699665,0.2033661279280347,-0.19517773845422887,-0.4347015513594548
-1.1290003048950028,510,0,0,-0.5831425816831967,1.358216180303012,-0.26315500153352217,-0.25000847212739064,0.7891665732943395,-1.1596476740203416,1.6849512516312397,-2.0735602217498554,-0.19517773845422887,-0.4347015513594548
1.8525598209082055,415,0,1,0.5303575235370462,0.7790455025312634,2.123641970631197,0.19091993641461635,0.7391263289894431,0.41134901838467536,0.44488529487514805,0.7725977153475072,1.8526516827289201,-0.4347015513594548
-0.2951741680178344,415,0,0,-0.5831425816831967,-1.2609633179004387,0.03519461998706771,-1.5357244952653673,-0.3117188014133814,-0.39580467069559644,-0.7951806618809436,0.843751663774941,-1.0143095069274886,1.0883612382845183
-0.1688368745515968,415,0,0,-0.5831425816831967,0.03202599776196919,1.72584247527041,-0.3592650689342595,0.38884461885516824,-0.39974200576428104,0.1348688056861251,-1.255289814834364,-1.0143095069274886,-1.1962329461814414
0.8923963905647994,510,0,0,-0.5831425816831967,-1.6151058979392152,0.8307936107086407,1.0298545190387893,-1.1624029545966201,0.2597616182403313,-0.5368335875567578,0.025481256859449554,2.26221756696555,-0.4347015513594548
-1.0784653875085077,510,0,0,-0.5831425816831967,0.5632398678201336,1.2783180429895253,0.9381570181473101,0.38884461885516824,-0.8328488633195488,-0.6401724172864321,1.484137199621848,-1.0143095069274886,1.8498926331065049
-0.3962440027908245,415,0,1,1.569624288409273,-0.6449027880413174,-0.16370512769332554,-1.1864935876148395,0.08860315302578986,-0.698979470984284,2.459992474603797,0.23894310214175163,-0.6047436226908586,-0.4347015513594548
-1.4069423505207257,415,0,0,-0.5831425816831967,-0.685481625337427,0.33354424150765755,2.2999624569186414,-1.1123627102917237,0.45662837167454395,0.3932158800103109,0.31009705056918546,1.0335199142556606,-0.4347015513594548
-0.2951741680178344,415,0,0,-0.5831425816831967,-1.1834946285169563,-0.06425525385312891,0.17726286181375794,0.7391263289894431,1.5748315311808714,0.5998935394696595,2.017791812827604,0.6239540300190308,1.0883612382845183
-2.0133613591586665,415,0,0,-0.5831425816831967,0.8048683989924237,2.0739170337110986,0.30602956519328206,0.6890860846845467,0.27157362344638397,0.5482241246048224,0.7725977153475072,-1.0143095069274886,-0.4347015513594548
1.9788971143744432,408,0,0,-0.5831425816831967,1.0132960632860788,1.6761175383503117,-0.7143490085565842,-0.3117188014133814,-0.18712591205533113,-1.4668830551238266,-1.4687516601166664,-0.19517773845422887,-0.4347015513594548
1.5493503165892353,415,0,0,-0.5831425816831967,-2.007982822669733,0.3832691784277559,-0.8450667225933737,-0.6620005115476563,-0.9076582296245492,-0.9501889064754551,-0.4014424337051553,-0.6047436226908586,1.8498926331065049
-0.32044162671108195,415,0,0,-0.5831425816831967,0.03571498297070624,0.7810686737885423,-0.2695185787000458,0.9392873062090287,0.3818190053695435,-0.22681709836773498,0.09663520528688338,1.0335199142556606,-0.4347015513594548
0.8165940144850569,510,0,0,-0.5831425816831967,0.13716207621098075,-1.7549031091364715,-1.159179438413122,1.3896495049530964,0.7342104940167836,0.3932158800103109,-0.08124966578170181,1.4430857984922902,0.32682984346253174
-0.5478487549503097,415,0,0,-0.5831425816831967,1.636734563562675,0.6816187999483457,-0.29878373855902857,0.5389653517698575,1.2539387230831058,-0.6401724172864321,-1.3975977116892322,1.0335199142556606,-0.4347015513594548
-0.74998842449629,415,0,0,-0.5831425816831967,1.832250779625749,0.4827190522679525,-0.20708623766754947,-1.662805397645584,1.0688839748549452,-0.8468500767457807,0.5235588958514875,1.0335199142556606,-1.1962329461814414
0.36177975800660134,415,0,0,-0.5831425816831967,0.08367179068429045,-0.11398019077322721,2.4618963414716797,-1.3625639318162057,0.2282629376908574,0.2898770502806366,-0.9706740211246278,0.6239540300190308,0.32682984346253174
-0.06776703977860665,415,0,1,1.0499909059731596,1.821183823999538,-0.5615046230541121,-2.095664553900571,2.1402531695265425,-1.836869305834033,-3.0169655010689413,-0.1879805884228532,0.21438814578240092,-1.1962329461814414
0.589186886245829,415,0,0,-0.5831425816831967,-0.3442504935292309,0.43299411534785415,-1.104551140009688,2.59061536827061,-1.5848798614382407,-0.1751476835028978,0.9504825864160924,3.0813493354388095,-0.4347015513594548
-0.32044162671108195,415,0,0,-0.5831425816831967,0.4175249520750119,-0.7106794338144069,0.3118825971650789,-0.3617590457182778,0.7578345044288894,-0.07180885377322349,0.5591358700652052,-1.0143095069274886,0.32682984346253174
-0.21937179193809184,415,0,0,-0.5831425816831967,0.09473874631050211,-2.0035277937369633,1.193739414249093,-1.3625639318162057,0.7598031719632315,1.0132488583883568,0.7370207411337902,0.6239540300190308,0.32682984346253174
-0.5731162136435572,415,0,0,-0.5831425816831967,1.3526827024899064,-0.36260487537371877,-0.43730549522488027,0.5890055960747539,1.24015805034271,0.23820763541579942,-0.25913453685028703,1.0335199142556606,1.0883612382845183
0.13437262976737357,415,0,0,-0.5831425816831967,0.6148856607424554,0.4827190522679525,-0.2695185787000458,-1.5627249090357913,-1.4332924612938973,-1.5185524699886637,-1.3975977116892322,-0.6047436226908586,1.0883612382845183
-1.0026630114287651,415,0,1,0.9015242252771272,1.3803500915554359,1.6263926014302135,-0.7631242749882221,-0.21163831280358855,0.9940746085499447,-0.4851641726919207,0.09663520528688338,-0.19517773845422887,-1.1962329461814414
0.2859773819268588,415,0,1,1.0499909059731596,0.04124846078381233,0.4827190522679525,0.532346801436082,1.1394482834286144,1.2165340399306046,2.0983065705499366,-0.3658654594914384,-0.19517773845422887,0.32682984346253174
-1.331139974440983,510,0,1,2.6088910532815,-0.13951181444431338,0.5324439891880508,-0.011985171940997644,-1.8129261305602733,0.6338084497653353,-0.22681709836773498,-0.7927891500560426,0.21438814578240092,-0.4347015513594548
-0.2951741680178344,415,0,1,0.3076575024929977,0.15560700225466703,0.23409436766746095,-0.9660293833438356,0.33880437455027185,0.019584179050592124,1.6332818367664026,0.09663520528688338,-0.6047436226908586,0.32682984346253174
-2.215501028704647,415,0,0,-0.5831425816831967,-2.2348554130070744,1.0296933583890338,1.1976414355636238,-1.8129261305602733,-0.8249741931821802,0.754901784064171,0.594712844278922,0.21438814578240092,-0.4347015513594548
-0.32044162671108195,510,0,0,-0.5831425816831967,-0.8865313192136074,-0.06425525385312891,-0.5075418788864389,1.3896495049530964,-0.32886997452796457,-0.898519491610618,-0.8283661242697595,-1.0143095069274886,2.6114240279284915
-0.5225812962570623,415,0,0,-0.5831425816831967,0.3326782922740551,-0.8598542445747018,-0.7084959765847875,-0.7120407558525527,-2.1046080905045623,-0.12347826863806065,-1.362020737475515,0.6239540300190308,-0.4347015513594548
1.9030947382947005,415,0,0,-0.5831425816831967,-0.18562412955352905,2.521441465991983,-1.7152174757337948,-0.8121212444623455,-2.8408897483485176,-0.07180885377322349,-0.5437503305600235,-0.19517773845422887,-1.1962329461814414
-1.4574772679072208,510,0,0,-0.5831425816831967,-0.3700733899903918,-0.06425525385312891,-1.5825487510397396,2.440494635355921,-0.5316427305652033,1.3232653475773797,-1.219712840620647,-0.6047436226908586,0.32682984346253174
1.2714082709635124,408,0,0,-0.5831425816831967,-0.01593080995161554,0.7810686737885423,1.7809936220860143,1.8900519480020606,1.2795314010295524,0.031529975956450816,-0.15240361420913565,-0.19517773845422887,-1.1962329461814414
-2.4429081569438744,510,1,0,-0.5831425816831967,-0.6319913398107366,-0.5615046230541121,2.00926186898608,-0.3617590457182778,0.1022682154929612,-0.9501889064754551,-0.4725963821325891,-0.19517773845422887,-1.1962329461814414
-1.5080121852937156,510,0,0,-0.5831425816831967,0.5097495822934434,1.875017286030705,0.2592053094189095,-0.8621614887672419,-0.15562723150585725,0.23820763541579942,0.594712844278922,-0.19517773845422887,-0.4347015513594548
2.2568391600001663,415,0,0,-0.5831425816831967,-0.6762591623155838,-0.21343006461342384,-0.44706054851120786,-0.21163831280358855,-1.7246552563765318,0.8582406137938453,-1.2908667890480812,-0.19517773845422887,-1.1962329461814414
-0.14356941585834926,510,0,0,-0.5831425816831967,-0.6836371327330584,0.43299411534785415,-0.48217874034198743,0.33880437455027185,-0.22256192767348965,-0.6401724172864321,-0.7216352016286087,-0.6047436226908586,0.32682984346253174
-1.4827447266004683,408,0,0,-0.5831425816831967,-0.6135464137670503,-0.8101293076546036,1.0747277641558963,0.6390458403796503,-3.069255182332204,0.8582406137938453,-0.7927891500560426,3.0813493354388095,-0.4347015513594548
-0.1688368745515968,510,0,0,-0.5831425816831967,-0.29629368581564675,1.7755674121905083,-1.1143061932960154,0.5389653517698575,1.0334479592367873,-0.9501889064754551,0.843751663774941,0.21438814578240092,-0.4347015513594548
-0.85105825926928,510,0,1,1.643857628757289,0.12240613537603152,0.8307936107086407,1.6756390465936757,-1.2124431989015165,-0.7206348138620473,0.6515629543344966,0.9504825864160924,-0.6047436226908586,0.32682984346253174
-0.9015931766557751,510,0,1,1.569624288409273,-0.3958962864515527,0.18436943074736264,2.3682478299229346,-0.9622419773770347,0.17904624933230423,-0.22681709836773498,-0.4725963821325891,0.6239540300190308,-0.4347015513594548
0.008035336301135934,415,0,1,0.9757575656251434,1.0778533044389809,-0.6112295599742104,0.17140982984196118,-0.8121212444623455,0.6318397822309932,-0.27848651323257206,-0.08124966578170181,0.21438814578240092,0.32682984346253174
1.1703384361905225,415,1,0,-0.5831425816831967,0.8417582510797963,0.5324439891880508,-0.3104898025026216,-0.11155782419379576,-1.1360236636082364,2.3566536448741227,-0.11682663999541872,-1.4238753911641184,-1.1962329461814414
-0.9773955527355177,415,0,0,-0.5831425816831967,1.2752140131064238,0.43299411534785415,0.3743149381975752,0.8892470619041323,1.2755940659608684,-1.1568665659348036,1.0572135090572432,-1.0143095069274886,-0.4347015513594548
-1.0279304701220127,408,0,0,-0.5831425816831967,0.7569115912788394,-2.152702604497258,0.20067498970094394,0.7391263289894431,0.9468265877257335,1.478273592171891,-1.219712840620647,-0.6047436226908586,-0.4347015513594548
-1.280605057054488,408,0,0,-0.5831425816831967,-0.8939092896310821,1.4274928537498202,-0.7865364028754082,-0.3117188014133814,0.11801755576769843,-0.6401724172864321,-1.6466365311852516,1.8526516827289201,2.6114240279284915
1.2208733535770175,415,0,0,-0.5831425816831967,1.160855471635569,-0.8598542445747018,0.869871645143017,-0.16159806849869215,0.36803833262914826,-1.0535277362051294,-0.08124966578170181,-0.6047436226908586,1.0883612382845183
0.5133845101660865,408,0,1,1.7180909691053052,1.061252870999663,-1.854352982976668,0.09336940355134046,0.8392068175992359,-0.08278653273519879,-0.7951806618809436,-0.045672691567984904,0.21438814578240092,1.8498926331065049
-0.32044162671108195,415,0,0,-0.5831425816831967,1.572177322409773,1.1788681691493288,0.869871645143017,0.5890055960747539,-0.7954441801670483,0.754901784064171,1.6264450964767163,-1.0143095069274886,-0.4347015513594548
-1.0279304701220127,408,1,1,1.569624288409273,1.5924667410578275,0.6318938630282475,0.29237249059242365,-0.3117188014133814,-1.8270259681623224,-0.9501889064754551,1.3418293027669796,3.0813493354388095,-1.1962329461814414
0.6902567210188192,408,0,0,-0.5831425816831967,-1.0027343532888309,-0.06425525385312891,0.08946738223680964,0.33880437455027185,1.0531346345802086,0.5482241246048224,3.085101039239114,-1.0143095069274886,-1.1962329461814414
1.2714082709635124,415,0,0,-0.5831425816831967,-0.17271268132294887,-0.5615046230541121,-0.2597635254137182,-0.8621614887672419,-1.60259786924732,-0.02013943890838634,-2.109137195963573,-0.6047436226908586,-1.1962329461814414
1.1198035188040274,408,0,0,-0.5831425816831967,1.1460995308006197,1.8252923491106066,-1.268436035219991,-0.011477335584002954,1.5098655025475822,1.1682571029828681,1.0216365348435261,-0.6047436226908586,-1.1962329461814414
-0.34570908540432943,510,1,0,-0.5831425816831967,-0.8367300188956547,-1.009029055334997,-0.6987409232984598,-1.4626444204259985,-0.5473920708399405,0.08319939082128797,0.16778915371431719,0.21438814578240092,-1.1962329461814414
1.675687610055473,415,0,0,-0.5831425816831967,-0.8846868266092389,0.9799684214689356,0.20457701101547532,-0.21163831280358855,-0.6418881124883622,-0.1751476835028978,0.31009705056918546,-0.19517773845422887,1.8498926331065049
-1.5838145613734582,415,0,0,-0.5831425816831967,0.27365452893425923,-0.31287993845362044,-0.27537161067184257,-0.261678557108485,0.4408790313998073,-0.5368335875567578,0.2033661279280347,0.21438814578240092,1.0883612382845183
0.2354424645403637,408,0,0,-0.5831425816831967,-2.292034683742502,0.08491955690716602,-0.7045939552702566,1.1894885277335108,-0.004039831361513727,0.3932158800103109,-0.010095717354267989,0.21438814578240092,-0.4347015513594548
-0.5731162136435572,408,0,0,-0.5831425816831967,-0.31842759706807006,0.7810686737885423,-0.16416400320770774,-0.7120407558525527,0.7814585148409948,-0.02013943890838634,-0.045672691567984904,-0.6047436226908586,0.32682984346253174
-0.6489185897232999,510,0,1,1.3469242673652244,-1.126315357781529,-0.7106794338144069,0.2553032881043787,0.8892470619041323,-1.3447024222485016,-0.07180885377322349,1.1283674574846776,-0.6047436226908586,0.32682984346253174
-1.1037328462017553,415,0,1,1.8665576498013376,0.255209602890573,0.23409436766746095,0.6006321744403752,-1.0623224659868273,0.4979703898957285,-0.5368335875567578,0.31009705056918546,2.67178345120218,0.32682984346253174
0.26070992323361125,415,0,0,-0.5831425816831967,0.9192269404632789,0.33354424150765755,0.2592053094189095,-0.06151757988889935,1.7461056066686373,-0.27848651323257206,0.061058231073166463,0.6239540300190308,1.8498926331065049
0.5386519688593341,408,0,1,1.8665576498013376,-0.08602152891762306,0.13464449382726434,0.9244999435464512,0.23872388594047905,-0.7147288112590212,0.8065711989290081,1.1639444316983945,-0.6047436226908586,-0.4347015513594548
0.6397218036323241,415,0,0,-0.5831425816831967,0.8602031771234825,-0.6112295599742104,-1.1806405556430426,0.6890860846845467,0.15739090645454096,0.4965547097399852,-1.362020737475515,-1.0143095069274886,-1.1962329461814414
0.13437262976737357,415,0,0,-0.5831425816831967,-0.2630928189370112,0.8805185476287389,0.17921387247102336,0.03856290872089345,-0.2698099484977008,-0.3818253429622464,-0.6149042789874574,-0.6047436226908586,0.32682984346253174
0.10910517107412605,415,0,0,-0.5831425816831967,-1.3494989629101328,-1.4565534876158817,0.7664680803079442,-0.8621614887672419,-1.0474336245628406,0.7032323691993339,-1.7533674538264026,-0.19517773845422887,3.372955422750478
-0.4720463788705671,510,0,1,1.569624288409273,0.5097495822934434,0.5324439891880508,1.0396095723251169,1.8400117036971642,-0.6222014371449409,-0.4334947578270835,-0.25913453685028703,0.21438814578240092,0.32682984346253174
-0.8257908005760325,415,0,0,-0.5831425816831967,-1.5763715532474742,-0.36260487537371877,-1.03821677766266,-1.012282221681931,0.24794961303427865,-0.7951806618809436,-0.045672691567984904,-1.0143095069274886,-1.1962329461814414
-0.5731162136435572,415,0,0,-0.5831425816831967,-0.5987904729321016,-1.009029055334997,-0.021740225227325237,-0.011477335584002954,-0.7915068450983642,0.2898770502806366,1.2350983801258284,1.0335199142556606,-1.1962329461814414
0.1596400884606211,415,0,0,-0.5831425816831967,1.1497885160093573,0.08491955690716602,-1.4420759837166222,0.8392068175992359,-0.3013086290471747,-0.4334947578270835,0.5235588958514875,0.6239540300190308,-1.1962329461814414
-0.7752558831895375,510,0,0,-0.5831425816831967,-0.5987904729321016,0.23409436766746095,-0.01588719325552846,1.7399312150873711,0.6692444653834938,-1.8285689591776866,0.8081746895612241,1.8526516827289201,1.0883612382845183
0.1596400884606211,510,0,1,2.2377243515414187,0.7347776800264162,-0.41232981229381704,-0.3963342714223045,-1.3625639318162057,-1.9057726695360075,-0.4851641726919207,0.27452007635546855,-1.4238753911641184,0.32682984346253174
2.0294320317609387,408,0,0,-0.5831425816831967,0.9284494034851221,1.4772177906699187,-1.1006491186951566,-0.3617590457182778,1.2106280373275782,0.4965547097399852,1.4129832511944136,-0.19517773845422887,0.32682984346253174
1.5240828578959877,415,0,1,2.3119576918894347,0.7181772465870984,-1.20792880301539,-1.719119497048326,-0.3117188014133814,0.08258154014953993,1.0649182732531939,-1.0418279695520618,-0.19517773845422887,-0.4347015513594548
-1.760686772226191,415,0,0,-0.5831425816831967,-0.041753706412775905,1.4274928537498202,-0.9367642234848529,0.23872388594047905,-0.7481961593428371,-0.4334947578270835,-1.8245214022538367,-1.0143095069274886,-1.1962329461814414
1.9030947382947005,408,0,0,-0.5831425816831967,-2.4377495994876233,1.228593106069427,-0.6441126248950251,-0.511879778632967,-0.7442588242741531,0.34154646514547377,0.09663520528688338,1.4430857984922902,0.32682984346253174
-0.85105825926928,408,0,1,2.0892576708453863,-1.1798056433082194,0.5324439891880508,0.7196438245335717,-0.3117188014133814,-0.6103894319388883,0.1348688056861251,-0.11682663999541872,3.0813493354388095,0.32682984346253174
-0.21937179193809184,408,0,0,-0.5831425816831967,-1.6206393757523212,-0.5117796861340137,-0.13880086466325633,1.1394482834286144,-0.50998738768744,-0.7435112470161065,-0.3658654594914384,-0.19517773845422887,0.32682984346253174
-1.9628264417721712,510,0,1,1.7180909691053052,-0.4235636755170821,-0.8101293076546036,-0.767026296302753,-0.21163831280358855,1.8445389833857437,0.34154646514547377,-0.2947115110640039,0.6239540300190308,-0.4347015513594548
-1.5585471026802107,408,0,0,-0.5831425816831967,-0.4696759906262978,0.18436943074736264,0.06605525434962309,0.5890055960747539,-0.09262987040690941,-0.4334947578270835,-0.15240361420913565,-0.19517773845422887,0.32682984346253174
0.1596400884606211,415,0,0,-0.5831425816831967,0.7882679655531065,0.03519461998706771,1.6619819719928173,0.5389653517698575,0.9547012578631021,0.8582406137938453,0.6658667927063558,-0.19517773845422887,-0.4347015513594548
0.008035336301135934,408,0,1,1.1242242463211758,1.5242205146961885,0.03519461998706771,-0.8548217758797013,-1.012282221681931,-1.413605785950476,-0.02013943890838634,-1.0418279695520618,3.900481103912069,-0.4347015513594548
-0.5478487549503097,408,0,1,1.7923243094533214,-2.378725836147827,-1.9040779198967663,0.01142695594618891,-0.6620005115476563,-1.0651516323719192,1.0649182732531939,-2.1447141701772896,-0.19517773845422887,0.32682984346253174
-0.8005233418827851,408,0,0,-0.5831425816831967,0.3050109032085257,-0.6609544968943086,0.7020847286181825,-1.7128456419504805,-0.3662746576804645,-1.3118748105293152,0.594712844278922,-1.4238753911641184,-1.1962329461814414
-0.2699067093245869,415,0,0,-0.5831425816831967,0.5097495822934434,1.0296933583890338,1.788797664715076,0.18868364163558266,0.49993905743007105,0.1348688056861251,-0.7927891500560426,-1.4238753911641184,0.32682984346253174
0.6649892623255717,415,1,1,1.4953909480612568,-1.5431706863688388,0.8307936107086407,-0.8060465094480633,1.5397702378677856,-0.9470315803113918,1.6332818367664026,0.061058231073166463,-0.6047436226908586,-0.4347015513594548
-0.7247209658030425,415,0,0,-0.5831425816831967,-0.25202586331079957,0.6816187999483457,0.6845256327027928,-0.16159806849869215,0.18101491686664625,1.0132488583883568,0.6302898184926389,0.21438814578240092,0.32682984346253174
-1.0279304701220127,510,0,0,-0.5831425816831967,0.7661340543006826,0.2838193045875593,-0.43340347391034945,-2.6135700394386157,0.0353335193253288,-0.5368335875567578,-1.0062509953383447,-0.6047436226908586,-0.4347015513594548
-0.2699067093245869,408,0,1,1.569624288409273,-0.5434556948010428,0.43299411534785415,1.2464167019952617,0.13864339733068626,-0.4430526915198076,-0.1751476835028978,-1.5754825827578174,-0.19517773845422887,-0.4347015513594548
1.6504201513622254,510,0,0,-0.5831425816831967,0.3382117700871612,-0.5615046230541121,0.9791282419498859,0.6390458403796503,-1.232488372791,-0.7951806618809436,0.3456740247829024,-1.0143095069274886,0.32682984346253174
-0.44677892017731957,510,0,0,-0.5831425816831967,0.5411059565677103,-1.4565534876158817,0.2728623840197685,-0.4117992900231742,0.9251712448479702,0.3932158800103109,0.9860595606298093,0.21438814578240092,-0.4347015513594548
1.4230130231229976,510,0,0,-0.5831425816831967,0.10211671672797672,-0.41232981229381704,0.2377441921889889,-0.7620810001574491,-0.09459853794125143,-0.7951806618809436,-0.6149042789874574,0.21438814578240092,0.32682984346253174
-0.42151146148407204,415,0,1,2.5346577129334835,0.6407085572036163,0.5821689261081491,-0.24610645081285984,0.33880437455027185,2.6103506542448303,0.8582406137938453,0.3812509989966199,2.26221756696555,-1.1962329461814414
0.6144543449390766,408,0,1,1.1242242463211758,-1.0894255056941564,0.18436943074736264,0.5264937694642858,0.7391263289894431,-0.8348175308538908,-0.02013943890838634,-0.010095717354267989,-0.6047436226908586,-0.4347015513594548
0.8671289318715518,415,1,0,-0.5831425816831967,0.11871715016729448,0.33354424150765755,-2.630241473991323,-0.3117188014133814,0.24007494289691003,0.23820763541579942,0.9504825864160924,-0.19517773845422887,-0.4347015513594548
-0.44677892017731957,408,0,1,2.2377243515414187,-1.3218315738446034,-0.5117796861340137,-1.1786895449857773,-0.3117188014133814,1.0373852943054713,-1.1051971510699665,0.09663520528688338,-1.0143095069274886,-1.1962329461814414
-0.09303449847185417,415,0,0,-0.5831425816831967,-0.5157883057355135,0.33354424150765755,-0.8860379463959495,-0.21163831280358855,0.7696465096349422,0.5998935394696595,1.5908681222629986,-0.19517773845422887,-0.4347015513594548
0.6144543449390766,415,0,0,-0.5831425816831967,-0.7279049552379055,1.5766676645101152,0.17140982984196118,1.2895690163433036,1.2440953854113952,-1.2085359807996408,-0.7927891500560426,-1.0143095069274886,-0.4347015513594548
0.33651229931335386,415,0,0,-0.5831425816831967,0.41568045947064336,-0.014530316933030606,-0.09978065151794596,0.08860315302578986,1.789416292424164,1.0132488583883568,1.0927904832709607,0.21438814578240092,0.32682984346253174
-0.9521280940422702,408,0,0,-0.5831425816831967,-1.15213825424269,0.8805185476287389,0.9518140927481685,-0.511879778632967,-0.7619768320832324,-0.8468500767457807,0.31009705056918546,-0.19517773845422887,1.0883612382845183
-0.42151146148407204,415,0,0,-0.5831425816831967,0.854669699310377,-0.7106794338144069,1.4590768636372038,0.23872388594047905,0.009740841378881492,0.3932158800103109,1.4485602254081311,-0.6047436226908586,1.0883612382845183
-0.8763257179625276,408,0,1,1.7923243094533214,0.15191801704592997,0.8307936107086407,-1.385496674655922,-0.511879778632967,-1.3506084248515275,0.6515629543344966,0.6302898184926389,-0.6047436226908586,0.32682984346253174
-0.06776703977860665,415,0,0,-0.5831425816831967,0.686820872312832,-0.7106794338144069,-0.1953801737239559,0.6890860846845467,-0.2639039458946742,-1.1051971510699665,0.27452007635546855,1.8526516827289201,-1.1962329461814414
1.19560589488377,510,1,0,-0.5831425816831967,0.725555217004573,-0.6112295599742104,0.14019365932571298,-0.7620810001574491,0.047145524531382,-0.07180885377322349,0.31009705056918546,-0.19517773845422887,-1.1962329461814414
-0.24463925063133934,415,1,0,-0.5831425816831967,-0.6375248176238427,-0.5615046230541121,-0.48803177231378364,0.08860315302578986,0.4487537015371753,2.6150007191983082,2.3024076065373396,-0.6047436226908586,0.32682984346253174
0.589186886245829,415,0,0,-0.5831425816831967,-0.02330878036908963,0.08491955690716602,0.6669665367874029,0.9893275505139251,0.7637405070319155,0.9615794435235195,0.23894310214175163,-1.4238753911641184,1.0883612382845183
2.2315717013069185,408,0,0,-0.5831425816831967,0.8823370883759064,-0.8101293076546036,-0.4841297509992528,-0.9622419773770347,0.1022682154929612,1.0132488583883568,-1.3975977116892322,-0.19517773845422887,0.32682984346253174
-0.1941043332448443,415,0,0,-0.5831425816831967,-0.004863854325403358,-0.36260487537371877,-0.43340347391034945,-0.11155782419379576,0.4782837145523072,1.5816124219015655,0.45240494742405374,0.6239540300190308,1.0883612382845183
1.29667572965676,415,0,0,-0.5831425816831967,-0.7020820587767447,0.08491955690716602,1.213249520821748,-0.3117188014133814,0.12195489083638246,0.6515629543344966,-2.429329963887026,-0.19517773845422887,0.32682984346253174
0.10910517107412605,408,0,0,-0.5831425816831967,0.6241081237642985,-0.014530316933030606,0.07971232895048205,-2.41340906221903,-0.41746001357336027,-0.3818253429622464,-0.25913453685028703,0.6239540300190308,-0.4347015513594548
-0.24463925063133934,510,0,0,-0.5831425816831967,-1.0285572497499917,0.33354424150765755,2.3058154888904383,1.2395287720384072,0.722398488810731,-1.1568665659348036,-1.0418279695520618,-0.19517773845422887,0.32682984346253174
0.2859773819268588,415,0,0,-0.5831425816831967,-0.09708848454383473,1.1291432322292305,-1.1825915663003086,1.1894885277335108,0.28535429618677915,-0.588503002421595,-0.43701940791887217,0.6239540300190308,1.8498926331065049
-0.37097654409757697,510,0,0,-0.5831425816831967,-0.06019863245646218,-1.0587539922550953,1.1391111158456582,-0.16159806849869215,1.7027949209131097,-1.1568665659348036,-1.4331746859029493,-0.6047436226908586,-1.1962329461814414
-0.74998842449629,415,0,1,1.7180909691053052,-1.1834946285169563,-0.5117796861340137,0.32358866110867185,-1.1123627102917237,0.7676778421006001,0.08319939082128797,1.0216365348435261,-0.19517773845422887,-0.4347015513594548
-0.2699067093245869,415,1,1,1.3469242673652244,-0.19484659257537218,0.18436943074736264,-0.2344003868692663,0.18868364163558266,0.24401227796559463,-1.260205395664478,1.0927904832709607,-0.6047436226908586,-1.1962329461814414
-1.861756606999181,510,0,0,-0.5831425816831967,-1.9710929705823603,-1.2576537399354886,0.15189972326930598,0.8392068175992359,-2.6597723351890417,-1.5185524699886637,-0.11682663999541872,-0.6047436226908586,-0.4347015513594548
-1.9122915243856762,415,0,0,-0.5831425816831967,-0.8348855262912857,-0.11398019077322721,0.028986051861578682,0.43888486316006464,-0.09853587300993547,-0.02013943890838634,0.843751663774941,0.21438814578240092,0.32682984346253174
-0.6489185897232999,415,0,0,-0.5831425816831967,0.2017193173638827,-0.46205474921391537,-0.43730549522488027,-1.262483443206413,-0.7580394970145478,0.6515629543344966,1.0216365348435261,0.21438814578240092,-0.4347015513594548
0.6397218036323241,408,0,1,1.4211576077132406,0.12240613537603152,-1.1084789291751935,-0.21879230161114246,-0.8621614887672419,-2.4491249090144342,1.9949677408202626,-0.2235575626365701,-0.6047436226908586,0.32682984346253174
-1.280605057054488,408,0,1,1.198457586669192,0.6407085572036163,1.4274928537498202,1.736120376968907,-2.263288329304341,2.196930472032984,1.5299430070367284,0.13221217950060027,-0.19517773845422887,-0.4347015513594548
-0.9015931766557751,510,0,0,-0.5831425816831967,-0.382984838220972,-2.3516023521776512,-0.24025341884106308,1.589810482172682,-0.22846793027651568,-0.6918418321512693,-0.15240361420913565,-0.19517773845422887,0.32682984346253174
-1.710151854839696,510,0,1,2.0150243304973703,-0.3258055674855447,-0.7604043707345053,-0.9679803940011016,-0.9122017330721383,-0.19500058219269975,1.5816124219015655,-0.6149042789874574,-1.0143095069274886,-0.4347015513594548
0.10910517107412605,415,0,0,-0.5831425816831967,1.7381816568029496,-0.16370512769332554,1.7341693663116413,0.28876413024537545,1.3425287621285014,1.3232653475773797,-1.5754825827578174,-0.6047436226908586,0.32682984346253174
-0.7752558831895375,415,0,0,-0.5831425816831967,0.9358273739025966,0.4827190522679525,-2.398071205776726,-0.6620005115476563,0.909421904573233,0.23820763541579942,1.0572135090572432,-0.19517773845422887,-0.4347015513594548
0.4628495927795915,408,0,1,1.3469242673652244,-0.8773088561917644,-0.014530316933030606,-0.5368070387454216,1.0393677948188216,0.05108285960006603,0.3932158800103109,0.48798192163777065,0.21438814578240092,-0.4347015513594548
0.1596400884606211,415,0,1,0.45612418318903014,-1.2037840471650114,1.5766676645101152,-0.019789214570059274,-0.4618395343280706,-0.12215988342204132,-1.3635442253941523,-0.9706740211246278,1.4430857984922902,-0.4347015513594548
0.03330279499438346,510,0,0,-0.5831425816831967,-1.4195896818761409,-0.5615046230541121,0.8815777090866099,-1.1624029545966201,-0.5985774267328356,2.0466371556850995,-0.4014424337051553,-0.19517773845422887,0.32682984346253174
0.5639194275525815,415,0,0,-0.5831425816831967,0.5042161044803377,-0.7604043707345053,0.856214570542158,-1.1123627102917237,0.40544301578164876,1.8399594962257513,-0.8995200726971936,-1.0143095069274886,1.0883612382845183
-0.1941043332448443,415,0,1,1.7180909691053052,1.0630973636040315,-0.7604043707345053,0.2396952028462543,-0.011477335584002954,-0.16153323410888384,-0.6918418321512693,0.16778915371431719,-0.19517773845422887,-0.4347015513594548
-0.9773955527355177,415,0,0,-0.5831425816831967,-1.467546489589725,-0.11398019077322721,-0.5329050174308908,-0.261678557108485,0.33653965207967435,1.116587688118031,-0.045672691567984904,-0.19517773845422887,-1.1962329461814414
1.5240828578959877,415,1,0,-0.5831425816831967,-0.4327861385389253,0.6816187999483457,-0.4002362927368353,-1.8629663748651697,-0.41942868110770226,0.754901784064171,0.31009705056918546,1.8526516827289201,0.32682984346253174
-0.017232122392111596,415,0,1,1.3469242673652244,-0.4770539610437724,0.731343736868444,-1.2294158220746805,2.2903739024412317,0.24794961303427865,0.18653822055096225,2.017791812827604,0.21438814578240092,-0.4347015513594548
0.5133845101660865,415,0,1,0.9757575656251434,-0.9824449346407761,-0.8101293076546036,0.17140982984196118,0.08860315302578986,-0.16547056917756786,1.478273592171891,0.13221217950060027,-1.0143095069274886,-0.4347015513594548
-0.14356941585834926,415,0,1,1.7923243094533214,1.2438576388321572,0.43299411534785415,-1.467439122261074,-0.4618395343280706,0.503876392498755,-0.5368335875567578,0.09663520528688338,-0.19517773845422887,1.0883612382845183
-0.09303449847185417,415,0,1,0.5303575235370462,-1.1429157912208467,-0.16370512769332554,-0.08807458757435241,1.2895690163433036,-0.8564728737316541,0.6515629543344966,-1.362020737475515,-0.6047436226908586,-0.4347015513594548
0.4123146753930964,408,0,0,-0.5831425816831967,-0.33133904529865077,0.18436943074736264,-0.08807458757435241,0.9392873062090287,1.8484763184544277,0.5482241246048224,1.270675354339546,-1.0143095069274886,-0.4347015513594548
1.347210647043255,510,0,0,-0.5831425816831967,-0.23358093726711326,-0.06425525385312891,-0.8957929996822771,-0.16159806849869215,-0.22649926274217366,-0.588503002421595,-1.0774049437657789,0.21438814578240092,-1.1962329461814414
-0.7752558831895375,510,0,1,1.643857628757289,-0.6670366992937407,-1.4068285506957834,-0.601190390435184,-0.4117992900231742,-1.4372297963625813,-1.6735607145831752,-0.2947115110640039,-0.19517773845422887,1.0883612382845183
0.10910517107412605,415,0,0,-0.5831425816831967,-0.42540816812145066,0.08491955690716602,-1.1825915663003086,1.6898909707824747,0.5215944003078343,0.5482241246048224,0.7014437669200727,-1.0143095069274886,0.32682984346253174
-1.1290003048950028,415,0,1,1.198457586669192,-1.067291594441733,-0.6609544968943086,-0.3280488984180114,-1.2124431989015165,1.2933120737699484,-0.12347826863806065,0.8793286379886579,-0.6047436226908586,-0.4347015513594548
0.2354424645403637,408,0,0,-0.5831425816831967,-0.32396107488117615,-0.9593041184148985,0.9108428689455927,-0.5619200229378634,-0.8938775568841546,-0.07180885377322349,-0.4725963821325891,1.4430857984922902,-1.1962329461814414
-0.74998842449629,415,0,0,-0.5831425816831967,1.4541297957301804,1.5766676645101152,-1.444026994373888,0.9392873062090287,-0.3643059901461225,-0.6918418321512693,-0.1879805884228532,1.4430857984922902,1.8498926331065049
-0.7752558831895375,408,0,0,-0.5831425816831967,0.5374169713589727,-0.16370512769332554,1.4571258529799378,-0.8621614887672419,-0.3623373226117805,1.116587688118031,-0.7927891500560426,-0.6047436226908586,0.32682984346253174
-0.37097654409757697,408,0,0,-0.5831425816831967,-0.5305442465704622,-0.7604043707345053,1.8551320270621032,-0.6119602672427599,0.911390572107575,0.18653822055096225,0.8081746895612241,-1.4238753911641184,-0.4347015513594548
-0.34570908540432943,415,0,1,1.0499909059731596,1.553732396366087,-1.7549031091364715,-1.900563488174019,0.7391263289894431,0.14164156617980372,0.44488529487514805,-0.6149042789874574,-0.6047436226908586,1.0883612382845183
-0.21937179193809184,415,0,0,-0.5831425816831967,0.32161133664784347,-0.8101293076546036,1.3361631922294759,0.23872388594047905,-0.8269428607165222,0.23820763541579942,0.2033661279280347,-0.19517773845422887,-0.4347015513594548
0.9176638492580469,408,1,0,-0.5831425816831967,1.4467518253127063,0.5821689261081491,0.8913327623729376,0.8392068175992359,-0.5454234033055985,-0.02013943890838634,0.23894310214175163,-0.6047436226908586,-1.1962329461814414
2.433711370852899,415,1,0,-0.5831425816831967,-0.9640000085970899,-1.009029055334997,0.4191881833146824,0.7391263289894431,-0.5316427305652033,-0.27848651323257206,1.2350983801258284,0.21438814578240092,2.6114240279284915
0.7155241797120667,415,0,1,1.9407909901493539,0.45994828197549054,-1.0587539922550953,-1.3269663549379564,0.6390458403796503,-0.212718590001779,0.8582406137938453,1.6264450964767163,1.8526516827289201,0.32682984346253174
-2.266035946091142,510,0,1,2.2377243515414187,0.557706390007028,1.4772177906699187,-0.08222155560255619,-0.8121212444623455,0.6318397822309932,-1.1051971510699665,-1.1485588921932128,1.0335199142556606,-0.4347015513594548
0.9429313079512944,408,1,0,-0.5831425816831967,1.638579056167043,-0.9593041184148985,-0.515345921515501,0.7391263289894431,-0.1457838938341466,-0.22681709836773498,0.48798192163777065,-0.19517773845422887,-0.4347015513594548
0.4628495927795915,415,0,0,-0.5831425816831967,-1.4896804008421487,-0.16370512769332554,-1.0518738522635185,-1.6127651533406877,-0.20090658479572637,0.23820763541579942,-0.08124966578170181,-0.19517773845422887,1.0883612382845183
-1.0784653875085077,510,0,1,1.569624288409273,1.1221211269438278,-1.009029055334997,-1.5981568362978635,-0.4618395343280706,-0.7226034813963899,0.3932158800103109,0.3456740247829024,-0.6047436226908586,-0.4347015513594548
-1.5080121852937156,408,0,0,-0.5831425816831967,0.4304364003055926,-0.16370512769332554,-0.9172541169121976,0.18868364163558266,-1.7207179213078476,-0.4334947578270835,-0.43701940791887217,-0.6047436226908586,1.0883612382845183
-0.06776703977860665,510,0,1,0.9757575656251434,-0.3387170157161254,0.6816187999483457,1.0025403698370718,-0.8621614887672419,-0.8013501827700749,-0.4334947578270835,-2.0735602217498554,1.4430857984922902,1.8498926331065049
-0.9521280940422702,510,0,0,-0.5831425816831967,0.10580570193671429,-0.6609544968943086,0.4777185030326479,-0.6620005115476563,-0.13003455355940938,-0.3818253429622464,0.5235588958514875,-0.6047436226908586,-1.1962329461814414
-0.74998842449629,510,0,0,-0.5831425816831967,2.044367429128141,0.3832691784277559,1.035707551010586,-0.4117992900231742,1.228346045136658,1.3232653475773797,-0.045672691567984904,0.21438814578240092,1.0883612382845183
-1.4574772679072208,408,0,0,-0.5831425816831967,-0.043598199017144956,-0.36260487537371877,-1.135767310525936,-2.013087107779859,2.2284291525824584,2.253314815144448,0.8793286379886579,-1.0143095069274886,1.8498926331065049
-0.4973138375638146,408,0,0,-0.5831425816831967,-0.0749545732914114,-1.655453235296275,0.9459610607763723,-0.7620810001574491,1.3641841050062642,-0.12347826863806065,-0.010095717354267989,-0.6047436226908586,-0.4347015513594548
-1.230070139667993,510,0,0,-0.5831425816831967,-0.9271101565097171,-1.009029055334997,-1.1338162998686707,0.03856290872089345,1.1299126684195515,-0.588503002421595,0.7370207411337902,-0.19517773845422887,1.0883612382845183
1.29667572965676,415,0,0,-0.5831425816831967,0.49314914885412603,-0.11398019077322721,1.7946506966868727,-0.9122017330721383,-3.094847860278652,1.0649182732531939,0.13221217950060027,-0.19517773845422887,-0.4347015513594548
0.4628495927795915,415,0,1,1.3469242673652244,-0.3368725231117563,-0.16370512769332554,0.9654711673490275,0.48892510746496104,-1.151773003882973,-0.4334947578270835,-1.2908667890480812,1.4430857984922902,-0.4347015513594548
0.6144543449390766,415,0,1,2.3119576918894347,1.0428079449559768,0.33354424150765755,1.7244143130253136,0.48892510746496104,-0.5021127175500714,0.34154646514547377,-0.4014424337051553,-0.19517773845422887,0.32682984346253174
2.4084439121596515,415,0,0,-0.5831425816831967,1.0040736002642356,0.43299411534785415,0.9498630820909031,0.6890860846845467,-0.5473920708399405,-1.570221884853501,-0.4014424337051553,0.21438814578240092,0.32682984346253174
-0.6741860484165474,510,0,1,1.4211576077132406,-0.4696759906262978,1.0794182953091322,-0.1075846941470076,2.4905348796608173,1.4921474947385023,-0.7435112470161065,1.0572135090572432,-1.0143095069274886,1.8498926331065049
-1.331139974440983,408,0,0,-0.5831425816831967,0.3437452479002668,-1.3571036137756851,0.038741105147906275,0.7391263289894431,-1.0730263025092879,-1.4152136402589894,-1.8245214022538367,0.21438814578240092,-0.4347015513594548
-0.37097654409757697,510,0,0,-0.5831425816831967,-0.7057710439854817,-1.4068285506957834,-0.9074990636258701,-0.261678557108485,0.1908582545383569,-0.4851641726919207,-0.7216352016286087,0.21438814578240092,-0.4347015513594548
0.4123146753930964,415,0,0,-0.5831425816831967,-0.8275075558738115,1.0296933583890338,-0.40608932470863207,-0.8621614887672419,-0.00010249629282913886,0.18653822055096225,-0.8995200726971936,-0.6047436226908586,-0.4347015513594548
-0.74998842449629,510,0,1,1.0499909059731596,-0.7039265513811133,0.33354424150765755,-0.7377611364437702,0.23872388594047905,0.37591300276651685,-0.07180885377322349,-1.6466365311852516,-0.6047436226908586,0.32682984346253174
0.05857025368763099,408,0,0,-0.5831425816831967,-0.5342332317791997,1.228593106069427,-0.6187494863505737,1.2895690163433036,0.39953701317862217,0.18653822055096225,0.061058231073166463,1.4430857984922902,4.896018212394451
1.5493503165892353,408,0,0,-0.5831425816831967,0.7015768131477806,-0.6609544968943086,1.525411225984231,-1.4626444204259985,0.9802939358095494,-1.8285689591776866,0.061058231073166463,-0.19517773845422887,0.32682984346253174
1.2714082709635124,415,0,0,-0.5831425816831967,0.28103249935173386,0.2838193045875593,1.7926996860296067,0.13864339733068626,0.4664717093462546,-0.9501889064754551,-1.6822135053989684,-0.6047436226908586,-1.1962329461814414
-0.2699067093245869,408,0,1,2.3119576918894347,-1.5634601050168937,-0.5615046230541121,0.35675584228218543,-0.4618395343280706,-0.06900585999480356,-1.8285689591776866,0.4168279732103368,0.21438814578240092,-0.4347015513594548
0.18490754715386862,510,0,0,-0.5831425816831967,2.0923242368417254,-0.6112295599742104,-0.7845853922181427,0.03856290872089345,-1.122242990867841,-0.6918418321512693,-0.08124966578170181,0.6239540300190308,0.32682984346253174
0.5386519688593341,510,0,0,-0.5831425816831967,-0.652280758458792,-0.6609544968943086,0.22213610693086455,-1.3125236875113093,-0.6222014371449409,-0.6918418321512693,-0.25913453685028703,-0.19517773845422887,-1.1962329461814414
-0.4720463788705671,415,0,0,-0.5831425816831967,-0.2298919520583762,-1.1582038660952918,-1.3464764615106117,-1.0623224659868273,-0.2658726134290162,-0.12347826863806065,-0.2947115110640039,-1.4238753911641184,3.372955422750478
1.19560589488377,510,0,1,0.45612418318903014,-1.5855940162693174,1.8252923491106066,-0.13684985400599037,-1.4126041761211021,-1.1025563155244198,-0.8468500767457807,2.587023400247076,0.21438814578240092,-0.4347015513594548
0.3112448406201063,408,1,0,-0.5831425816831967,-1.0027343532888309,-0.36260487537371877,0.10897748880946483,0.9392873062090287,-1.4096684508817914,1.9949677408202626,-0.6860582274148912,1.4430857984922902,-1.1962329461814414
1.145070977497275,510,0,0,-0.5831425816831967,-1.1798056433082194,-1.1582038660952918,0.2494502561325819,-0.011477335584002954,0.34441432221704293,-1.4668830551238266,0.16778915371431719,0.6239540300190308,-0.4347015513594548
0.13437262976737357,415,0,0,-0.5831425816831967,-1.2019395545606426,0.18436943074736264,-2.3902671631476644,0.03856290872089345,0.6259337796279667,-1.1568665659348036,-3.6389470871534053,-1.833441275400748,0.32682984346253174
0.5133845101660865,415,0,0,-0.5831425816831967,-0.1966910851797407,1.3777679168297219,-1.5006063034345878,-0.06151757988889935,1.2874060711669217,0.23820763541579942,-2.6072148349556112,1.0335199142556606,0.32682984346253174
0.13437262976737357,510,0,0,-0.5831425816831967,0.28103249935173386,1.6263926014302135,0.2455482348180511,-1.3625639318162057,-0.1989379172613838,-0.4334947578270835,0.45240494742405374,1.0335199142556606,-1.1962329461814414
-2.0133613591586665,415,0,0,-0.5831425816831967,-0.6190798915801564,-1.1084789291751935,-1.7776498167662913,-1.0623224659868273,0.9153279071762596,0.3932158800103109,-1.219712840620647,1.0335199142556606,-1.1962329461814414
-0.8005233418827851,415,0,0,-0.5831425816831967,-0.2225139816409016,-1.20792880301539,0.8054882934532547,-0.4117992900231742,-1.962864028031929,0.1348688056861251,0.4168279732103368,-0.19517773845422887,0.32682984346253174
-0.1941043332448443,408,0,0,-0.5831425816831967,-0.5010323649005642,-1.3073786768555868,1.4395667570645487,-0.6119602672427599,1.0098239488246814,1.0132488583883568,-1.2908667890480812,0.21438814578240092,1.0883612382845183
0.7660590970985618,408,0,0,-0.5831425816831967,-1.2923196921747055,-0.26315500153352217,2.5613978849922217,-2.6135700394386157,1.1358186710225782,0.3932158800103109,-1.2908667890480812,1.0335199142556606,-0.4347015513594548
0.03330279499438346,510,0,0,-0.5831425816831967,-1.4103672188542977,-1.50627842453598,1.4473707996936103,1.4396897492579928,-1.1773656818294207,-0.4334947578270835,0.3456740247829024,0.21438814578240092,-0.4347015513594548
2.105234407840681,408,0,1,0.3076575024929977,0.38247959259200837,-1.20792880301539,1.0298545190387893,0.23872388594047905,-1.015934944013366,-0.3818253429622464,-0.010095717354267989,0.21438814578240092,-1.1962329461814414
-1.1037328462017553,415,0,0,-0.5831425816831967,-0.18377963694916052,-0.21343006461342384,0.6611135048156062,0.5890055960747539,1.6634215702262671,-0.898519491610618,0.3456740247829024,-0.19517773845422887,-1.1962329461814414
1.2714082709635124,415,1,0,-0.5831425816831967,0.35296771092210993,-1.50627842453598,0.16945881918469577,0.28876413024537545,1.5945182065242927,1.3232653475773797,0.7725977153475072,-0.19517773845422887,-1.1962329461814414
-1.5332796439869631,408,0,0,-0.5831425816831967,1.160855471635569,-0.9095791814948001,0.6259953129848271,-0.16159806849869215,-0.9234075698992865,-0.7435112470161065,-0.2235575626365701,1.0335199142556606,-1.1962329461814414
0.7155241797120667,510,0,1,1.643857628757289,-0.041753706412775905,-0.26315500153352217,0.2143320643018029,0.08860315302578986,0.7735838447036262,0.3932158800103109,-0.3302884852777208,1.0335199142556606,1.0883612382845183
0.05857025368763099,510,0,0,-0.5831425816831967,0.20909728778135733,-1.9040779198967663,0.5030816415770993,-2.3633688179141337,0.5747484237350715,-0.22681709836773498,-0.8639430984834767,-0.6047436226908586,0.32682984346253174
-0.6994535071097949,408,0,0,-0.5831425816831967,-1.561615612412525,1.0296933583890338,1.0220504764097271,-0.8621614887672419,-0.508018720153098,-0.7435112470161065,1.4129832511944136,-1.0143095069274886,0.32682984346253174
-1.4574772679072208,415,0,0,-0.5831425816831967,-0.20591354820158383,1.228593106069427,0.8386554746267688,-0.5619200229378634,0.27157362344638397,0.08319939082128797,0.31009705056918546,-1.0143095069274886,-0.4347015513594548
-0.6489185897232999,415,0,1,2.3119576918894347,0.3437452479002668,0.33354424150765755,1.5527253751859478,1.589810482172682,-1.4037624482787654,-1.4152136402589894,0.3812509989966199,1.0335199142556606,-0.4347015513594548
-0.14356941585834926,510,0,0,-0.5831425816831967,0.4396588633274357,-0.21343006461342384,-0.6285045396369013,-1.9630468634749625,-0.5493607383742825,0.23820763541579942,1.2350983801258284,-0.6047436226908586,0.32682984346253174
0.008035336301135934,415,0,0,-0.5831425816831967,0.0799828054755534,0.731343736868444,1.0747277641558963,0.03856290872089345,1.4586801466546864,2.3049842300092855,0.2033661279280347,2.67178345120218,-0.4347015513594548
1.8525598209082055,510,0,0,-0.5831425816831967,1.031740989329765,0.3832691784277559,-1.1416203424977323,2.1402531695265425,2.279614508475353,1.5816124219015655,0.8081746895612241,0.21438814578240092,-1.1962329461814414
-2.139698652624904,510,0,0,-0.5831425816831967,-0.48627642406561555,-1.7549031091364715,0.5635629719523303,-0.511879778632967,-1.03759028689113,-0.33015592809740923,0.16778915371431719,1.4430857984922902,-0.4347015513594548
1.6251526926689779,408,0,0,-0.5831425816831967,-0.43463063114329376,-0.6112295599742104,1.4688319169235313,-0.9622419773770347,-0.4922693798783607,-0.33015592809740923,-0.3302884852777208,0.21438814578240092,-0.4347015513594548
0.18490754715386862,510,0,0,-0.5831425816831967,-0.755572344303435,1.0794182953091322,-0.5563171453180767,0.8392068175992359,0.6042784367502034,-0.4334947578270835,-0.15240361420913565,-0.6047436226908586,-0.4347015513594548
0.7155241797120667,408,0,0,-0.5831425816831967,0.11871715016729448,1.3280429799096236,1.1995924462208896,-0.21163831280358855,-2.0081433813217977,-1.931907788907361,0.45240494742405374,0.6239540300190308,1.8498926331065049
0.6397218036323241,408,0,0,-0.5831425816831967,0.590907256885663,-1.50627842453598,0.31383360782234426,-1.012282221681931,-0.9332509075709972,-2.086916033501873,-0.8639430984834767,-1.4238753911641184,-0.4347015513594548
-0.14356941585834926,415,0,0,-0.5831425816831967,-0.22066948903653308,-0.21343006461342384,-0.4841297509992528,-0.5619200229378634,0.984231270878234,0.6515629543344966,1.1283674574846776,0.6239540300190308,0.32682984346253174
-1.6848843961464484,408,0,0,-0.5831425816831967,-0.9363326195315602,-1.009029055334997,0.1538507339265714,-0.3617590457182778,0.023521514119276152,0.1348688056861251,1.3418293027669796,1.0335199142556606,-0.4347015513594548
0.5639194275525815,415,0,0,-0.5831425816831967,1.1553219938224628,-0.6609544968943086,0.4933265882907717,0.03856290872089345,1.3326854244567907,1.0649182732531939,-0.7216352016286087,-0.6047436226908586,2.6114240279284915
-0.4973138375638146,415,0,1,1.8665576498013376,-0.33133904529865077,0.8307936107086407,-1.5181653993499775,-0.511879778632967,1.1889726944498153,0.031529975956450816,0.7014437669200727,0.21438814578240092,-0.4347015513594548
-0.9268606353490226,510,0,0,-0.5831425816831967,-0.31289411925496446,-0.8598542445747018,-0.9465192767711804,0.43888486316006464,-2.823171740539438,1.116587688118031,1.4129832511944136,-0.6047436226908586,-0.4347015513594548
1.39774556442975,408,0,0,-0.5831425816831967,-0.5360777243835683,0.2838193045875593,-0.9348132128275874,0.5890055960747539,0.2951976338584898,-0.7435112470161065,-2.393752989673309,-0.6047436226908586,-0.4347015513594548
0.5386519688593341,510,0,0,-0.5831425816831967,-0.414341212495239,1.6761175383503117,-0.3104898025026216,1.089408039123718,-0.07294319506348816,-2.13858544836671,-0.6149042789874574,0.21438814578240092,1.8498926331065049
0.43758213408634394,408,0,0,-0.5831425816831967,0.14454004662845538,-0.16370512769332554,-0.4490115591684733,-0.5619200229378634,0.6397144523683619,-0.1751476835028978,0.7014437669200727,0.6239540300190308,-0.4347015513594548
-0.3962440027908245,510,0,0,-0.5831425816831967,0.7882679655531065,1.5766676645101152,0.5986811637831098,0.03856290872089345,0.4448163664684913,-1.3118748105293152,0.27452007635546855,-1.0143095069274886,1.0883612382845183
1.3219431883500075,415,0,1,1.7180909691053052,0.7181772465870984,1.4772177906699187,-1.2996522057362396,0.13864339733068626,-1.6144098744533726,0.23820763541579942,-0.2947115110640039,0.6239540300190308,-1.1962329461814414
0.4123146753930964,408,0,0,-0.5831425816831967,0.21278627299009437,-0.36260487537371877,1.599549630960321,-2.2132480849994445,-2.285725503664038,0.9099100286586824,0.6302898184926389,-0.19517773845422887,0.32682984346253174
0.7913265557918093,510,0,0,-0.5831425816831967,-0.30182716362875284,-1.009029055334997,-0.6480146462095565,-0.511879778632967,-2.2325714802368,-0.5368335875567578,-1.4331746859029493,2.26221756696555,-0.4347015513594548
-1.1542677635882503,510,0,0,-0.5831425816831967,1.976121202766502,-0.014530316933030606,-1.2957501844217083,1.0393677948188216,-0.15759589904019924,1.116587688118031,-1.18413586640693,0.21438814578240092,0.32682984346253174
0.6144543449390766,408,0,0,-0.5831425816831967,0.6038187051162437,-0.5615046230541121,0.2845684479633615,1.3396092606482,-0.2776846186350688,-1.4152136402589894,0.3812509989966199,-1.0143095069274886,0.32682984346253174
0.2859773819268588,415,0,0,-0.5831425816831967,1.5094645738612391,0.3832691784277559,-0.9035970423113393,0.08860315302578986,-1.3781697703323175,-0.5368335875567578,0.48798192163777065,-1.0143095069274886,-0.4347015513594548
0.5386519688593341,408,0,1,2.7573577339775324,-0.585879024701521,-0.7604043707345053,-1.042118798977191,-0.3617590457182778,0.05108285960006603,0.4965547097399852,1.3418293027669796,0.21438814578240092,-0.4347015513594548
0.33651229931335386,415,0,1,1.7180909691053052,0.7974904285749496,-0.11398019077322721,-0.3963342714223045,0.23872388594047905,-0.9765615933265237,0.031529975956450816,0.9860595606298093,-0.19517773845422887,-1.1962329461814414
-0.24463925063133934,510,0,0,-0.5831425816831967,-0.37929585301223495,0.43299411534785415,1.059119678897772,2.090212925221646,-2.332973524488249,-1.4152136402589894,-0.045672691567984904,-0.19517773845422887,-1.1962329461814414
1.1703384361905225,415,0,0,-0.5831425816831967,-0.9031317526529252,-0.8598542445747018,0.1421446699829784,2.190293413831439,0.0727382024778293,-1.4668830551238266,1.911060890186452,-0.6047436226908586,1.0883612382845183
-0.1688368745515968,408,1,0,-0.5831425816831967,-0.1745571739273174,0.6318938630282475,1.384938458661114,-0.3117188014133814,-1.775840612269427,-1.1568665659348036,-0.5437503305600235,-0.19517773845422887,-0.4347015513594548
-0.017232122392111596,415,0,0,-0.5831425816831967,1.037274467142871,1.4772177906699187,-0.4841297509992528,-1.5627249090357913,-2.7030830209445686,1.116587688118031,-1.0418279695520618,-1.4238753911641184,0.32682984346253174
-0.4720463788705671,408,0,0,-0.5831425816831967,0.5060605970847063,-0.5117796861340137,0.6259953129848271,-0.8621614887672419,-0.5611727435803352,0.3932158800103109,-0.4014424337051553,1.4430857984922902,1.0883612382845183
-0.5731162136435572,415,1,0,-0.5831425816831967,1.0557193931865574,2.024192096791,1.2581227659388552,0.03856290872089345,-0.9549062504487604,-1.2085359807996408,-0.25913453685028703,-1.0143095069274886,-0.4347015513594548
-1.9122915243856762,510,0,0,-0.5831425816831967,1.1626999642399376,-1.5560033614560782,0.15970376589836818,0.8392068175992359,0.37000700016349025,-0.9501889064754551,1.484137199621848,0.6239540300190308,0.32682984346253174
-0.1688368745515968,415,0,0,-0.5831425816831967,-0.7408164034684858,-0.26315500153352217,-0.8138505520771255,-0.4117992900231742,-1.4313237937595553,1.478273592171891,-0.8995200726971936,-0.6047436226908586,-1.1962329461814414
1.0692686014175323,510,0,0,-0.5831425816831967,-0.3534729565510741,0.9799684214689356,1.6600309613355513,0.18868364163558266,-0.3623373226117805,-0.7951806618809436,-1.18413586640693,-0.19517773845422887,1.0883612382845183
0.5639194275525815,408,0,0,-0.5831425816831967,1.0446524375603452,1.72584247527041,1.4259096824636892,-0.6119602672427599,0.5137197301704657,-1.2085359807996408,-0.045672691567984904,0.6239540300190308,0.32682984346253174
-0.37097654409757697,510,0,0,-0.5831425816831967,0.6775984092909888,-0.21343006461342384,1.2776328725115105,-1.1624029545966201,0.2577929507059893,0.4965547097399852,-2.037983247536139,-0.6047436226908586,-1.1962329461814414
1.4735479405094927,415,0,0,-0.5831425816831967,-1.6944190799270662,0.13464449382726434,1.5098031407261066,-0.16159806849869215,-0.5966087591984937,-0.3818253429622464,0.09663520528688338,2.26221756696555,-0.4347015513594548
-1.5585471026802107,415,0,1,2.0892576708453863,-0.6983930735680076,1.0296933583890338,0.6142892490412342,0.6390458403796503,0.4172550209877014,1.5816124219015655,0.6302898184926389,0.21438814578240092,-0.4347015513594548
-1.0531979288152602,510,0,0,-0.5831425816831967,-0.24464789289332492,-0.26315500153352217,0.7508599950498205,-0.6620005115476563,-1.5297571704766613,0.3932158800103109,-0.08124966578170181,-0.6047436226908586,0.32682984346253174
0.48811705147283896,415,0,0,-0.5831425816831967,0.11318367235418839,1.6263926014302135,0.6689175474446684,2.440494635355921,1.0925079852670505,-1.1568665659348036,2.3735615549647733,0.6239540300190308,-1.1962329461814414
-0.1941043332448443,408,0,0,-0.5831425816831967,1.6293565931451999,0.6816187999483457,0.43284525791554074,-1.3125236875113093,1.2165340399306046,-0.5368335875567578,0.3812509989966199,-0.6047436226908586,1.0883612382845183
-1.1795352222814979,415,0,0,-0.5831425816831967,1.2530801018540003,-0.7604043707345053,0.4796695136899133,-0.3617590457182778,0.8542992136116538,1.6332818367664026,-0.010095717354267989,-1.0143095069274886,0.32682984346253174
1.6504201513622254,510,1,0,-0.5831425816831967,-2.4322161216745175,-0.5615046230541121,1.2405636700234648,-0.261678557108485,0.6751504679865199,-0.1751476835028978,1.0572135090572432,-0.6047436226908586,-1.1962329461814414
-2.4681756156371217,510,1,0,-0.5831425816831967,-0.3424060009248624,-0.21343006461342384,0.8601165918566894,-0.9122017330721383,-0.39580467069559644,0.1348688056861251,-0.8995200726971936,0.6239540300190308,-0.4347015513594548
1.19560589488377,408,0,1,1.2726909270172082,0.9432053443200707,0.08491955690716602,0.643554408900217,0.43888486316006464,0.2932289663241478,-0.5368335875567578,1.1639444316983945,-1.0143095069274886,1.0883612382845183
0.3112448406201063,415,0,0,-0.5831425816831967,0.11871715016729448,-2.2521524783374547,0.7137907925617755,0.23872388594047905,-1.039558954425472,-0.898519491610618,0.7014437669200727,0.6239540300190308,-0.4347015513594548
0.3112448406201063,510,0,0,-0.5831425816831967,-1.8124666066066584,0.7810686737885423,0.3860210021411682,1.1894885277335108,0.6849938056582304,0.6515629543344966,-0.4725963821325891,-0.6047436226908586,-1.1962329461814414
1.4735479405094927,510,0,0,-0.5831425816831967,0.35481220352647896,0.33354424150765755,-0.10368267283247677,-0.4618395343280706,0.24401227796559463,1.0132488583883568,2.231253658109906,1.0335199142556606,2.6114240279284915
0.10910517107412605,408,0,0,-0.5831425816831967,-0.58772351730589,0.13464449382726434,0.426992225943744,-1.1123627102917237,-0.7363841541367845,0.08319939082128797,0.9149056122023754,-0.6047436226908586,0.32682984346253174
0.3112448406201063,408,0,0,-0.5831425816831967,-0.3811403456166035,1.8252923491106066,0.8191453680541136,0.43888486316006464,0.9232025773136282,-0.1751476835028978,-1.326443763261798,-0.19517773845422887,-1.1962329461814414
0.48811705147283896,415,0,0,-0.5831425816831967,1.337926761654957,0.4827190522679525,0.4933265882907717,0.13864339733068626,-0.8919088893498126,-0.898519491610618,1.270675354339546,-0.6047436226908586,-0.4347015513594548
1.2461408122702649,415,0,0,-0.5831425816831967,-0.7924621963908075,0.5821689261081491,0.16750780852743036,-0.9622419773770347,-0.7836321749609957,-1.1568665659348036,0.7014437669200727,-1.0143095069274886,1.8498926331065049
-0.11830195716510171,408,0,0,-0.5831425816831967,-0.655969743667529,0.08491955690716602,0.4660124390890544,-1.3625639318162057,0.5275004029108604,-0.4851641726919207,-0.08124966578170181,1.0335199142556606,-0.4347015513594548
-0.1941043332448443,415,0,1,2.0892576708453863,-0.01593080995161554,1.6761175383503117,-0.43340347391034945,0.08860315302578986,-1.4588851392403448,-0.9501889064754551,-0.7927891500560426,-0.19517773845422887,0.32682984346253174
-1.9375589830789237,408,0,0,-0.5831425816831967,-0.5637451134490976,-1.3571036137756851,-1.3620845467687361,-0.9622419773770347,0.7420851641541523,-1.6218912997183381,-0.5793273047737405,-0.6047436226908586,0.32682984346253174
-1.3816748918274782,408,0,0,-0.5831425816831967,-2.566864081793427,0.23409436766746095,-0.5543661346608114,-0.8621614887672419,-1.0986189804557358,-0.588503002421595,-0.43701940791887217,-1.0143095069274886,0.32682984346253174
-0.8257908005760325,415,0,1,1.9407909901493539,-0.3608509269685487,-1.4068285506957834,-0.3182938451316838,0.9392873062090287,0.14557890124848832,0.031529975956450816,-1.4687516601166664,2.26221756696555,-0.4347015513594548
-0.6994535071097949,408,0,0,-0.5831425816831967,1.970587724953396,0.43299411534785415,-0.44120751653941165,-1.662805397645584,0.26173028577467333,2.6666701340631453,0.16778915371431719,3.900481103912069,-0.4347015513594548
-2.4176406982506267,415,0,0,-0.5831425816831967,0.36219017394395303,0.2838193045875593,-0.26366554672824905,-4.415018834414886,0.2577929507059893,-0.7951806618809436,1.0927904832709607,-0.6047436226908586,1.0883612382845183
-0.5225812962570623,415,1,0,-0.5831425816831967,0.1758964209027218,1.0794182953091322,0.43674727923007156,-0.4117992900231742,1.340560094594159,0.8065711989290081,1.3062523285532628,-0.6047436226908586,0.32682984346253174
0.9934662253377895,415,0,0,-0.5831425816831967,0.9653392555724946,0.03519461998706771,-0.7943404455044704,-0.3117188014133814,-1.7817466148724534,-0.12347826863806065,1.4485602254081311,0.6239540300190308,1.0883612382845183
0.3870472166998489,408,0,0,-0.5831425816831967,-2.3695033731259842,0.2838193045875593,0.15189972326930598,1.8400117036971642,-0.057193854788750914,-0.4334947578270835,0.7370207411337902,-0.6047436226908586,-0.4347015513594548
-1.6343494787599533,510,1,1,2.5346577129334835,0.3179223514391064,-0.5615046230541121,1.0552176575832413,1.089408039123718,-1.232488372791,1.3232653475773797,3.476447755590002,0.6239540300190308,-1.1962329461814414
1.6251526926689779,510,0,0,-0.5831425816831967,1.1682334420530436,1.2783180429895253,0.17531185115649253,-1.762885886255377,0.5412810756512556,1.3232653475773797,-3.6389470871534053,-1.833441275400748,-0.4347015513594548
-0.44677892017731957,510,0,0,-0.5831425816831967,-1.8714903699464547,-1.50627842453598,0.7508599950498205,0.7391263289894431,-1.1123996531961304,0.5998935394696595,0.7370207411337902,-0.19517773845422887,-0.4347015513594548
0.9934662253377895,408,0,0,-0.5831425816831967,-0.5489891726141484,1.6761175383503117,-0.7104469872420528,-0.11155782419379576,1.846507650920085,1.2199265178477054,-0.7572121758423257,-1.0143095069274886,-0.4347015513594548
0.1596400884606211,415,0,0,-0.5831425816831967,-0.22620296684963864,-0.014530316933030606,-0.7202020405283804,-1.0623224659868273,-0.2954026264441481,-0.02013943890838634,-1.255289814834364,0.21438814578240092,0.32682984346253174
-0.32044162671108195,510,0,0,-0.5831425816831967,-0.6504362658544229,0.7810686737885423,-0.8665278398232943,-1.3125236875113093,0.27157362344638397,-0.5368335875567578,-0.8639430984834767,2.26221756696555,1.0883612382845183
-0.7247209658030425,408,0,1,2.3119576918894347,-1.6003499571042663,-0.11398019077322721,1.3732323947175205,0.7391263289894431,-0.665512122900468,-0.898519491610618,-1.5754825827578174,1.0335199142556606,-0.4347015513594548
0.33651229931335386,415,1,1,1.7180909691053052,-0.09339949933509768,0.18436943074736264,0.45625738580272673,-0.4117992900231742,-1.665595230346268,-0.4851641726919207,0.7370207411337902,2.26221756696555,0.32682984346253174
-0.85105825926928,415,0,1,1.4953909480612568,-1.5597711198081565,-0.31287993845362044,1.763434526170624,-1.3625639318162057,-0.8131621879761275,0.7032323691993339,-0.08124966578170181,-1.0143095069274886,0.32682984346253174
0.1596400884606211,415,0,1,2.2377243515414187,0.45441480416238444,-2.152702604497258,0.09922243552313724,-0.4117992900231742,1.685076913104031,-1.0535277362051294,-0.6860582274148912,-0.19517773845422887,-1.1962329461814414
1.39774556442975,408,1,0,-0.5831425816831967,1.7972054201427454,0.9302434845488372,0.7313498884771653,0.28876413024537545,-2.0967334203671935,-0.22681709836773498,-0.6860582274148912,-0.6047436226908586,-0.4347015513594548
-2.291303404784389,415,0,0,-0.5831425816831967,0.7864234729487374,1.3280429799096236,-0.9309111915130566,1.2395287720384072,0.5215944003078343,-1.0535277362051294,0.9504825864160924,-0.19517773845422887,-0.4347015513594548
2.433711370852899,415,0,0,-0.5831425816831967,1.002229107659867,-0.21343006461342384,0.3528538209676546,0.5389653517698575,-0.3544626524744119,0.44488529487514805,-0.25913453685028703,-0.6047436226908586,-1.1962329461814414
-0.5225812962570623,510,0,0,-0.5831425816831967,-0.5489891726141484,1.1291432322292305,1.4727339382380622,-1.262483443206413,0.797207855115732,-1.3118748105293152,0.23894310214175163,1.0335199142556606,0.32682984346253174
0.48811705147283896,510,0,1,2.6088910532815,-0.030686750786564247,0.8307936107086407,-0.5016888469146425,-1.512684664730895,-0.779694839892311,0.8582406137938453,0.45240494742405374,-0.19517773845422887,-0.4347015513594548
0.5386519688593341,415,0,0,-0.5831425816831967,-0.7279049552379055,0.9799684214689356,0.5967301531258444,1.3896495049530964,-0.25209194068862156,1.3749347624422168,0.3456740247829024,0.21438814578240092,0.32682984346253174
1.19560589488377,415,1,0,-0.5831425816831967,0.7218662317958354,0.5324439891880508,-0.8821359250814187,1.6398507264775783,1.5059281674788971,-1.9835772037721981,-0.7216352016286087,0.21438814578240092,-0.4347015513594548
0.7155241797120667,415,0,0,-0.5831425816831967,-2.3031016393687134,1.526942727590017,1.0786297854704276,0.23872388594047905,-0.47848870713796604,1.788290081360914,0.31009705056918546,-0.19517773845422887,-0.4347015513594548
0.1596400884606211,408,0,0,-0.5831425816831967,-1.6390843017960073,-0.5117796861340137,0.1304386060393854,0.43888486316006464,-0.6202327696105989,-0.22681709836773498,-1.6466365311852516,0.21438814578240092,0.32682984346253174
-0.09303449847185417,408,0,1,1.4953909480612568,1.909719469009232,-0.36260487537371877,-0.300734749216294,-0.11155782419379576,2.2028364746360105,-1.1568665659348036,-1.4687516601166664,1.4430857984922902,-0.4347015513594548
-1.6596169374532008,415,0,0,-0.5831425816831967,-0.0067083469297724045,-2.0532527306570616,1.6093046842466485,0.03856290872089345,1.6634215702262671,-0.898519491610618,-1.5754825827578174,1.0335199142556606,0.32682984346253174
0.5386519688593341,415,1,1,2.3861910322374515,0.6794429018953574,-1.009029055334997,0.953765103405434,-0.511879778632967,-0.2954026264441481,-0.07180885377322349,0.8793286379886579,-0.19517773845422887,-0.4347015513594548
0.6902567210188192,408,1,1,0.7530575445810948,0.7845789803443689,-0.5615046230541121,-0.7845853922181427,0.43888486316006464,0.3522889923544116,0.08319939082128797,1.1995214059121113,-1.0143095069274886,-1.1962329461814414
-0.09303449847185417,510,0,0,-0.5831425816831967,0.5798403012594514,-1.20792880301539,-0.23049836555473546,-0.011477335584002954,-1.5336945055453455,0.08319939082128797,-1.9668292991087046,-0.19517773845422887,1.0883612382845183
-0.04249958108535913,408,0,0,-0.5831425816831967,1.4172399436428078,-2.799126784458536,0.2670093520479717,0.23872388594047905,0.645620454971388,-1.3118748105293152,-0.8283661242697595,-1.4238753911641184,1.0883612382845183
-1.4827447266004683,415,0,0,-0.5831425816831967,-0.5323887391748312,-2.4013272890977495,0.8952347836874683,-0.21163831280358855,-1.911678672139034,0.9099100286586824,-1.1485588921932128,-0.19517773845422887,0.32682984346253174
-0.5731162136435572,408,0,0,-0.5831425816831967,-0.7168379996116939,-1.1582038660952918,-0.10953570480427355,0.6890860846845467,1.0236046215650767,0.34154646514547377,0.5235588958514875,0.21438814578240092,-1.1962329461814414
0.03330279499438346,408,0,0,-0.5831425816831967,0.38801307040511396,0.2838193045875593,-0.9426172554566496,1.3396092606482,-0.029632509307961033,1.426604177307054,-0.8995200726971936,-1.0143095069274886,1.0883612382845183
-1.2048026809747454,415,0,0,-0.5831425816831967,-2.251455846446392,-0.26315500153352217,1.262024787253386,1.5397702378677856,0.8542992136116538,1.426604177307054,0.48798192163777065,0.6239540300190308,1.0883612382845183
1.0692686014175323,408,0,1,1.198457586669192,0.12978410579350613,-1.5560033614560782,0.41333515134288557,0.7891665732943395,0.6692444653834938,1.9432983259554255,0.48798192163777065,0.21438814578240092,-0.4347015513594548
1.4482804818162451,408,0,0,-0.5831425816831967,0.41383596686627483,1.2783180429895253,-0.7280060831574426,-0.7120407558525527,-0.10837921068164609,-0.8468500767457807,0.061058231073166463,0.6239540300190308,-0.4347015513594548
-0.44677892017731957,415,0,0,-0.5831425816831967,0.2847214845604709,-0.41232981229381704,0.18896892575735094,-0.8621614887672419,-0.39974200576428104,-0.4334947578270835,0.27452007635546855,3.4909152196754394,-1.1962329461814414
-0.9268606353490226,408,0,0,-0.5831425816831967,-0.6283023546019996,0.7810686737885423,0.5381998334078789,0.48892510746496104,1.427181466105212,-0.4851641726919207,-0.4725963821325891,1.4430857984922902,-0.4347015513594548
-0.14356941585834926,510,0,0,-0.5831425816831967,-0.4235636755170821,-0.6112295599742104,0.9127938796028582,-1.262483443206413,-0.1694079042462519,0.754901784064171,0.7370207411337902,0.21438814578240092,1.0883612382845183
0.7155241797120667,415,0,0,-0.5831425816831967,-0.5453001874054114,-0.11398019077322721,0.6162402596984996,0.03856290872089345,1.187004026915473,1.1682571029828681,0.8081746895612241,0.6239540300190308,-0.4347015513594548
-0.06776703977860665,510,1,0,-0.5831425816831967,-0.39036280863844663,-1.4565534876158817,2.0638901673895145,-1.7128456419504805,-1.116336988264815,-0.3818253429622464,-2.8918306286653475,-0.19517773845422887,-0.4347015513594548
0.33651229931335386,415,0,0,-0.5831425816831967,0.220164243407569,-0.6112295599742104,-0.49973783625737717,-1.1123627102917237,0.3818190053695435,0.9099100286586824,-3.6389470871534053,-1.833441275400748,-1.1962329461814414
-1.1290003048950028,415,0,1,1.643857628757289,-0.9676889938058272,-0.5615046230541121,-0.5602191666326082,0.7891665732943395,-0.12412855095638332,0.5482241246048224,0.6658667927063558,-0.6047436226908586,-0.4347015513594548
0.6144543449390766,415,1,1,1.569624288409273,1.498397618235028,-0.9593041184148985,-0.7241040618429118,0.5890055960747539,1.393714118021396,0.8582406137938453,2.409138529178491,0.6239540300190308,-0.4347015513594548
-1.0531979288152602,510,0,0,-0.5831425816831967,0.2847214845604709,-2.10297766757716,-0.04515235311451123,-0.6119602672427599,2.0354997342169296,0.4965547097399852,1.6264450964767163,1.8526516827289201,-1.1962329461814414
1.4482804818162451,408,0,0,-0.5831425816831967,-0.13213384402683875,0.6816187999483457,1.0883848387567554,-1.5627249090357913,0.6771191355208624,0.18653822055096225,-3.6389470871534053,-1.833441275400748,0.32682984346253174
0.4628495927795915,510,0,0,-0.5831425816831967,-1.5745270606431054,0.3832691784277559,1.2347106380516693,-0.011477335584002954,0.055020194668750064,-1.1051971510699665,-1.0418279695520618,-0.6047436226908586,-0.4347015513594548
-1.710151854839696,415,0,1,1.569624288409273,-0.4088077346821329,-0.06425525385312891,-1.6176669428705188,-1.012282221681931,1.5413641830970555,-1.1051971510699665,1.3062523285532628,2.67178345120218,1.8498926331065049
-0.11830195716510171,510,0,0,-0.5831425816831967,-1.5007473564683602,-0.014530316933030606,2.075596231333107,-0.6119602672427599,-0.3623373226117805,1.0132488583883568,-0.9350970469109109,-1.4238753911641184,0.32682984346253174
1.1198035188040274,415,0,0,-0.5831425816831967,0.82331332503611,-0.5615046230541121,2.2258240519425514,1.0393677948188216,-0.3544626524744119,1.0649182732531939,2.0889457612550384,-0.6047436226908586,-0.4347015513594548
-0.04249958108535913,415,0,1,1.8665576498013376,-0.008552839534140927,-0.36260487537371877,0.7313498884771653,0.08860315302578986,-0.6930734683812579,-0.22681709836773498,0.13221217950060027,-1.4238753911641184,0.32682984346253174
0.8671289318715518,510,0,1,1.4953909480612568,0.4027690112400632,-0.014530316933030606,0.8913327623729376,0.8392068175992359,-0.9076582296245492,1.5816124219015655,0.9504825864160924,-0.19517773845422887,0.32682984346253174
1.19560589488377,415,0,1,1.3469242673652244,1.2051232941404162,2.4717165290718848,-1.6157159322132535,1.8900519480020606,0.6908998082612571,-0.4851641726919207,1.7687529933315838,-0.19517773845422887,0.32682984346253174
0.48811705147283896,415,0,1,1.8665576498013376,2.2122162561256866,-0.8598542445747018,-0.729957093814708,-0.8121212444623455,-1.067120299906262,-0.6401724172864321,0.48798192163777065,0.21438814578240092,-1.1962329461814414
1.5746177752824828,408,0,1,1.1242242463211758,0.8196243398273729,1.2783180429895253,0.6377013769284202,-0.5619200229378634,1.830758310645348,0.18653822055096225,-0.508173356346306,-0.19517773845422887,-0.4347015513594548
0.5639194275525815,415,0,0,-0.5831425816831967,-0.9381771121359292,1.2783180429895253,-1.6235199748423157,-0.3117188014133814,-0.0493191846513823,1.6332818367664026,0.2033661279280347,0.21438814578240092,-1.1962329461814414
-1.1795352222814979,415,1,0,-0.5831425816831967,0.6370195719948787,-1.1582038660952918,0.7742721229370064,-0.3117188014133814,-0.2363426004138843,-1.3118748105293152,-0.045672691567984904,-0.6047436226908586,-0.4347015513594548
0.8923963905647994,408,0,0,-0.5831425816831967,-0.6873261179417954,-1.0587539922550953,-0.8353116693070461,0.6390458403796503,-0.4607706993288868,-1.3118748105293152,-1.5043286343303832,2.67178345120218,0.32682984346253174
0.43758213408634394,415,0,1,1.3469242673652244,-0.1616457256967367,0.6816187999483457,-0.02564224654185605,1.2395287720384072,-0.6143267670075729,-0.12347826863806065,-0.2235575626365701,0.21438814578240092,2.6114240279284915
0.7913265557918093,408,0,0,-0.5831425816831967,0.790112458157475,-0.7604043707345053,-0.6909368806693976,-1.2124431989015165,0.14754756878283032,-0.1751476835028978,0.3456740247829024,-0.19517773845422887,-1.1962329461814414
3.115932755570582,510,0,0,-0.5831425816831967,-1.2572743326917015,1.6263926014302135,-0.503639857571908,-1.7128456419504805,0.3207903118049371,0.2898770502806366,-1.6822135053989684,0.6239540300190308,1.0883612382845183
0.8671289318715518,415,0,0,-0.5831425816831967,0.20909728778135733,-2.799126784458536,-0.7689773069600184,0.43888486316006464,0.61018443935323,-0.02013943890838634,-0.6504812532011743,-1.0143095069274886,-0.4347015513594548
-1.5332796439869631,510,0,0,-0.5831425816831967,-1.8050886361891838,1.1291432322292305,0.18311589378555418,0.38884461885516824,0.21841960001914676,-1.880238374042524,0.3812509989966199,-0.6047436226908586,3.372955422750478
0.008035336301135934,415,0,0,-0.5831425816831967,0.9800951964074432,0.6816187999483457,-0.28122464264363883,1.1394482834286144,-0.9371882426396811,1.116587688118031,0.45240494742405374,0.6239540300190308,2.6114240279284915
-0.14356941585834926,415,0,0,-0.5831425816831967,0.07076034245371027,-0.11398019077322721,1.5702844711013382,-0.261678557108485,-1.884117326658244,0.6515629543344966,-0.7216352016286087,1.4430857984922902,-0.4347015513594548
-0.4720463788705671,415,0,0,-0.5831425816831967,0.17774091350709034,-0.9593041184148985,-0.3202448557889492,0.8392068175992359,1.0806959800609985,-0.898519491610618,0.13221217950060027,0.21438814578240092,1.0883612382845183
-0.1941043332448443,510,0,1,1.7923243094533214,0.7218662317958354,0.8307936107086407,-1.674246251931219,-1.9630468634749625,-0.16153323410888384,-0.7951806618809436,-0.2947115110640039,0.21438814578240092,0.32682984346253174
0.43758213408634394,510,0,0,-0.5831425816831967,0.4728597302060707,0.731343736868444,-0.312440813159887,1.8400117036971642,-0.4883320448096767,0.754901784064171,-1.1485588921932128,0.6239540300190308,-1.1962329461814414
-1.811221689612686,415,1,1,2.1634910111934027,1.022518526307922,0.03519461998706771,-0.3417059730188698,-1.0623224659868273,-1.2029583597758682,0.2898770502806366,-1.6110595569715345,1.0335199142556606,0.32682984346253174
0.1596400884606211,415,0,0,-0.5831425816831967,0.5042161044803377,-1.0587539922550953,1.2015434568781544,0.8392068175992359,-1.015934944013366,-1.6218912997183381,0.16778915371431719,-0.6047436226908586,-1.1962329461814414
-1.9880939004654188,408,0,0,-0.5831425816831967,0.5189720453152864,0.7810686737885423,0.19091993641461635,-0.06151757988889935,0.7342104940167836,-0.6401724172864321,-0.2235575626365701,0.21438814578240092,-1.1962329461814414
-0.6741860484165474,415,0,0,-0.5831425816831967,1.5260650073005575,0.6816187999483457,-0.03734831048544905,-0.21163831280358855,-0.6891361333125734,-0.5368335875567578,-1.2908667890480812,0.21438814578240092,1.0883612382845183
0.7155241797120667,415,0,0,-0.5831425816831967,0.34743423310900434,-0.46205474921391537,1.2464167019952617,0.28876413024537545,-1.7620599395290322,0.031529975956450816,-0.3658654594914384,-1.0143095069274886,0.32682984346253174
0.48811705147283896,415,0,0,-0.5831425816831967,-0.021464287764721108,-0.16370512769332554,-0.6343575716086975,0.6390458403796503,-1.5829111939038987,-0.3818253429622464,-0.3302884852777208,1.8526516827289201,-0.4347015513594548
0.4628495927795915,408,0,0,-0.5831425816831967,1.485486170004448,0.03519461998706771,1.0864338280994894,-1.6127651533406877,0.5550617483916502,-0.588503002421595,-0.08124966578170181,-1.0143095069274886,-0.4347015513594548
-1.4827447266004683,415,0,0,-0.5831425816831967,0.09104976110176506,-0.11398019077322721,-0.006132139969200866,-0.3617590457182778,1.5413641830970555,-0.4851641726919207,-0.508173356346306,-0.6047436226908586,0.32682984346253174
0.4123146753930964,408,0,1,0.9757575656251434,-0.48627642406561555,0.5821689261081491,1.2191025527935448,0.48892510746496104,-1.2974544014242904,-0.7951806618809436,0.594712844278922,1.0335199142556606,-0.4347015513594548
-0.7752558831895375,510,1,0,-0.5831425816831967,0.8694256401453256,-0.11398019077322721,0.532346801436082,0.7391263289894431,-2.5140909376477243,-0.3818253429622464,2.6226003744607937,-0.19517773845422887,0.32682984346253174
-0.6741860484165474,415,0,0,-0.5831425816831967,0.9468943295288084,-0.36260487537371877,0.43284525791554074,-1.1123627102917237,-0.8485982035942855,0.031529975956450816,-0.1879805884228532,-1.0143095069274886,1.0883612382845183
-1.1795352222814979,415,0,0,-0.5831425816831967,-1.1576717320557957,0.9302434845488372,-1.5162143886927122,1.1394482834286144,0.3266963144079637,0.031529975956450816,0.6302898184926389,-1.0143095069274886,-0.4347015513594548
-0.85105825926928,415,0,1,1.9407909901493539,-0.32949455269428224,0.6816187999483457,0.1323896166966508,0.7391263289894431,0.09439354535559258,0.7032323691993339,-0.3658654594914384,-0.19517773845422887,-1.1962329461814414
1.1703384361905225,510,0,1,1.8665576498013376,1.3268598060287455,0.33354424150765755,0.6494074408720132,0.48892510746496104,0.24598094549993665,-0.6918418321512693,0.061058231073166463,0.6239540300190308,1.0883612382845183
-1.3816748918274782,510,0,0,-0.5831425816831967,1.304725894776322,-0.014530316933030606,1.166425265047376,-0.511879778632967,-0.11625388081901471,0.18653822055096225,1.0927904832709607,-1.0143095069274886,0.32682984346253174
-0.7247209658030425,510,0,0,-0.5831425816831967,-0.7057710439854817,1.6263926014302135,-1.2859951311353808,-0.21163831280358855,0.5235630678421763,-0.1751476835028978,0.3456740247829024,-0.6047436226908586,0.32682984346253174
1.5998852339757303,510,0,0,-0.5831425816831967,-0.349783971342337,0.5324439891880508,-0.7338591151292394,1.2895690163433036,-0.2717786160320428,0.5998935394696595,-0.43701940791887217,-0.6047436226908586,-0.4347015513594548
0.13437262976737357,510,0,0,-0.5831425816831967,0.5724623308419767,-0.21343006461342384,0.9440100501191063,-0.7620810001574491,-0.18712591205533113,-0.6401724172864321,0.7725977153475072,-1.4238753911641184,0.32682984346253174
-1.1795352222814979,408,0,0,-0.5831425816831967,-0.8348855262912857,-1.3571036137756851,-0.884086935738684,-0.011477335584002954,-1.94514602022285,-1.6735607145831752,1.5908681222629986,-0.19517773845422887,1.0883612382845183
-1.280605057054488,408,0,0,-0.5831425816831967,-0.45860903500008615,0.08491955690716602,1.8961032508646796,0.38884461885516824,0.18298358440098828,-0.27848651323257206,0.31009705056918546,-0.6047436226908586,-1.1962329461814414
-1.3058725157477356,408,0,0,-0.5831425816831967,1.0520304079778198,-0.46205474921391537,0.391874034112965,2.2903739024412317,-1.0651516323719192,0.7032323691993339,-0.4725963821325891,-1.0143095069274886,-0.4347015513594548
-0.04249958108535913,408,0,0,-0.5831425816831967,-0.44754207937387397,-0.36260487537371877,1.265926808567917,-0.261678557108485,-1.0868069752496832,-1.7252301294480124,0.7725977153475072,-0.19517773845422887,-1.1962329461814414
-0.37097654409757697,510,0,0,-0.5831425816831967,-0.5360777243835683,-0.41232981229381704,-1.5708426870961465,-0.261678557108485,1.3838707803496855,-0.22681709836773498,-0.43701940791887217,-1.0143095069274886,-0.4347015513594548
-0.6994535071097949,415,0,0,-0.5831425816831967,0.3455897405046358,-0.31287993845362044,1.5312642579560278,0.03856290872089345,-1.0769636375779725,-0.6918418321512693,1.6264450964767163,1.4430857984922902,1.0883612382845183
-0.6236511310300523,408,0,0,-0.5831425816831967,-1.3328985294708153,1.9744671598709016,0.7293988778198993,1.6398507264775783,1.3956827855557385,0.8065711989290081,-0.08124966578170181,-0.6047436226908586,1.8498926331065049
-1.6343494787599533,510,0,1,1.2726909270172082,-0.4936543944830897,0.4827190522679525,0.8191453680541136,-1.662805397645584,-1.0533396271658666,-1.3635442253941523,-0.4014424337051553,-1.0143095069274886,-0.4347015513594548
1.5240828578959877,510,0,0,-0.5831425816831967,0.7772010099268943,-0.26315500153352217,-0.15245793926411474,-0.9122017330721383,-0.13397188862809395,0.6515629543344966,-1.326443763261798,-0.19517773845422887,1.0883612382845183
-2.240768487397894,415,0,0,-0.5831425816831967,0.46179277457985907,-0.11398019077322721,0.22798913890266131,-0.511879778632967,-0.3702119927491491,-0.27848651323257206,-0.15240361420913565,1.0335199142556606,0.32682984346253174
-0.5731162136435572,415,0,0,-0.5831425816831967,-1.2923196921747055,0.23409436766746095,1.6639329826500833,-0.511879778632967,0.9192652422449437,0.6515629543344966,-1.8956753506812707,1.8526516827289201,-0.4347015513594548
0.5639194275525815,408,0,0,-0.5831425816831967,0.5042161044803377,0.731343736868444,0.4601594071172581,-0.7120407558525527,-0.06900585999480356,-2.086916033501873,-0.6860582274148912,-1.0143095069274886,1.0883612382845183
-2.518710533023617,415,0,1,1.3469242673652244,-0.6080129359539448,-1.6057282983761765,-0.5465620920317492,-1.662805397645584,-0.5336113980995453,0.6515629543344966,-0.08124966578170181,-1.0143095069274886,-0.4347015513594548
0.1596400884606211,415,0,1,2.1634910111934027,-2.205343531337176,0.08491955690716602,-1.9239756160612052,-1.012282221681931,1.198816032121526,0.2898770502806366,0.31009705056918546,-0.6047436226908586,-1.1962329461814414
0.8923963905647994,415,0,0,-0.5831425816831967,1.302881402171953,1.0296933583890338,1.2932409577696347,0.8892470619041323,-0.9824675959295502,0.7032323691993339,0.9860595606298093,-1.0143095069274886,-0.4347015513594548
0.9176638492580469,415,0,0,-0.5831425816831967,0.9339828812982276,0.6318938630282475,0.3821189808266374,-1.0623224659868273,0.07470687001217131,0.5482241246048224,0.16778915371431719,1.0335199142556606,1.8498926331065049
0.5133845101660865,510,0,0,-0.5831425816831967,0.20540830257261974,0.13464449382726434,-0.33780395170433897,0.8392068175992359,0.3916623430412541,0.1348688056861251,-0.15240361420913565,-0.19517773845422887,1.0883612382845183
1.0187336840310373,415,0,0,-0.5831425816831967,-0.517632798339882,0.18436943074736264,0.80743930411052,0.6890860846845467,2.033531066682587,0.44488529487514805,0.2033661279280347,-1.0143095069274886,-0.4347015513594548
1.6504201513622254,510,0,0,-0.5831425816831967,-0.10446645496130934,0.13464449382726434,1.474684948895327,-0.8621614887672419,-0.1989379172613838,0.6515629543344966,1.8043299675453015,0.21438814578240092,-1.1962329461814414
1.347210647043255,408,0,1,2.0150243304973703,0.8196243398273729,0.08491955690716602,-0.17196804583676992,-0.06151757988889935,-0.7442588242741531,-0.02013943890838634,-0.2235575626365701,-1.0143095069274886,-1.1962329461814414
-0.9015931766557751,415,0,0,-0.5831425816831967,1.2198792349753649,1.9247422229508033,0.8015862721387238,0.6390458403796503,1.6614529026919258,0.8582406137938453,-2.1447141701772896,0.21438814578240092,1.8498926331065049
0.2859773819268588,408,0,1,1.643857628757289,-2.1942765757109646,0.6318938630282475,-0.6811818273830701,-0.21163831280358855,-1.340765087179817,-0.07180885377322349,1.0927904832709607,1.0335199142556606,-1.1962329461814414
0.26070992323361125,408,0,0,-0.5831425816831967,-0.6873261179417954,-1.2576537399354886,-1.5220674206645086,0.28876413024537545,0.5629364185290189,-0.33015592809740923,0.9149056122023754,1.8526516827289201,0.32682984346253174
-0.1941043332448443,408,0,0,-0.5831425816831967,-1.2037840471650114,-0.014530316933030606,0.3957760554274958,0.13864339733068626,-1.4687284769120554,-0.6401724172864321,0.23894310214175163,1.8526516827289201,-1.1962329461814414
0.008035336301135934,510,0,0,-0.5831425816831967,0.20540830257261974,-1.4068285506957834,0.15189972326930598,0.13864339733068626,0.056988862203092634,0.5482241246048224,-0.508173356346306,1.4430857984922902,-0.4347015513594548
-0.017232122392111596,415,0,1,1.2726909270172082,0.6702204388735142,-0.5117796861340137,1.1137479773012062,-0.4117992900231742,-0.4076166759016496,2.9250172083873314,0.48798192163777065,-0.19517773845422887,-0.4347015513594548
0.008035336301135934,415,0,1,1.569624288409273,-1.078358550067945,0.7810686737885423,-0.28122464264363883,-0.011477335584002954,0.8031138577187581,-1.3118748105293152,-0.045672691567984904,0.6239540300190308,-1.1962329461814414
-0.1941043332448443,408,1,0,-0.5831425816831967,2.4427778316717648,0.43299411534785415,-1.3933007172849843,-0.011477335584002954,0.3286649819423057,-1.3635442253941523,0.09663520528688338,-1.0143095069274886,-1.1962329461814414
0.26070992323361125,415,0,1,2.0892576708453863,-0.24649238549769398,-2.301877415257553,0.7411049417634928,0.43888486316006464,-1.8132452954219276,-0.4334947578270835,0.3456740247829024,-1.0143095069274886,1.0883612382845183
0.5386519688593341,415,0,0,-0.5831425816831967,-0.7039265513811133,1.3777679168297219,-1.061628905549846,-1.512684664730895,-1.5336945055453455,-1.3118748105293152,-0.7572121758423257,-0.19517773845422887,-1.1962329461814414
0.9176638492580469,415,0,0,-0.5831425816831967,1.1774559050748867,0.6816187999483457,-1.5532835911807568,0.48892510746496104,-0.7541021619458638,0.18653822055096225,0.7014437669200727,0.21438814578240092,-1.1962329461814414
-1.7859542309194385,510,0,0,-0.5831425816831967,-0.31842759706807006,-0.21343006461342384,0.8425574959412996,1.089408039123718,-0.4095853434359916,-0.588503002421595,-0.4014424337051553,-0.19517773845422887,0.32682984346253174
-0.2699067093245869,415,0,1,1.198457586669192,-1.9987603596478898,-0.9095791814948001,-0.37487315419238393,0.13864339733068626,-0.27571595110072683,0.5482241246048224,0.9504825864160924,-1.4238753911641184,-0.4347015513594548
0.008035336301135934,415,0,0,-0.5831425816831967,1.2733695205020552,0.08491955690716602,-0.5055908682291734,-0.3617590457182778,0.12392355837072448,-0.7435112470161065,-1.4687516601166664,-0.6047436226908586,1.0883612382845183
1.0945360601107799,415,0,0,-0.5831425816831967,-0.7371274182597487,-0.21343006461342384,-1.4947532714627911,-0.3617590457182778,-2.073109409955088,-1.3118748105293152,1.69759904490415,-0.19517773845422887,0.32682984346253174
-0.32044162671108195,415,0,0,-0.5831425816831967,-1.7313089320144388,0.5821689261081491,0.4055311087138234,-1.512684664730895,-0.20287525233006837,-1.3118748105293152,0.48798192163777065,-0.6047436226908586,1.8498926331065049
-1.4827447266004683,415,0,1,1.7923243094533214,-0.29076020800254065,-1.009029055334997,-0.4490115591684733,1.1394482834286144,-0.2068125873987524,0.2898770502806366,-0.7572121758423257,0.21438814578240092,-1.1962329461814414
0.08383771238087853,415,0,0,-0.5831425816831967,-1.2996976625921801,2.024192096791,-0.2675675680427804,1.9901324366118534,0.3089783065988845,-0.02013943890838634,-0.08124966578170181,-0.19517773845422887,1.0883612382845183
0.3870472166998489,510,1,1,1.569624288409273,-0.31842759706807006,-0.46205474921391537,1.5312642579560278,-1.0623224659868273,-0.16153323410888384,1.5816124219015655,0.5235588958514875,-1.0143095069274886,1.0883612382845183
0.48811705147283896,415,0,0,-0.5831425816831967,-0.5342332317791997,-0.7604043707345053,-1.5962058256405982,1.3896495049530964,0.6298711146966512,1.1682571029828681,-1.362020737475515,-1.0143095069274886,-0.4347015513594548
0.10910517107412605,510,0,0,-0.5831425816831967,-1.1115594169465801,-0.9095791814948001,-0.30658778118809077,0.5389653517698575,-0.8643475438690227,-1.3635442253941523,0.23894310214175163,-0.19517773845422887,0.32682984346253174
-0.017232122392111596,415,1,0,-0.5831425816831967,-0.36269541957291723,-0.31287993845362044,-0.4080403353658975,-0.261678557108485,-0.9155328997619179,0.08319939082128797,0.48798192163777065,-1.0143095069274886,0.32682984346253174
-0.1688368745515968,408,0,0,-0.5831425816831967,-0.10262196235694082,-0.7604043707345053,0.7859781868805995,0.6890860846845467,0.13573556357677768,-0.33015592809740923,-0.8283661242697595,-1.4238753911641184,-0.4347015513594548
-0.8257908005760325,415,0,1,1.198457586669192,-0.06573211026956827,0.8805185476287389,1.50395010875431,0.7891665732943395,-0.5158933902904665,-1.5185524699886637,1.5908681222629986,1.0335199142556606,-0.4347015513594548
1.5746177752824828,415,0,0,-0.5831425816831967,0.21647525819883193,-0.5615046230541121,-0.13489884334872496,-0.6620005115476563,1.3287480893881056,1.0649182732531939,0.9149056122023754,-0.19517773845422887,-0.4347015513594548
-2.215501028704647,415,0,0,-0.5831425816831967,2.280462482487325,1.6263926014302135,-0.5914353371488563,-0.7120407558525527,0.5255317353765183,-1.0535277362051294,0.45240494742405374,-0.6047436226908586,-1.1962329461814414
0.8165940144850569,408,0,1,2.3119576918894347,1.1128986639219849,0.33354424150765755,1.0337565403533207,-1.1624029545966201,-1.4214804560878447,-0.7951806618809436,-1.255289814834364,-0.6047436226908586,2.6114240279284915
0.6144543449390766,415,0,0,-0.5831425816831967,0.8362247732666906,0.08491955690716602,-1.1123551826387494,-0.6620005115476563,-0.039475846979671665,0.23820763541579942,-0.7927891500560426,-1.0143095069274886,-1.1962329461814414
0.6649892623255717,408,0,0,-0.5831425816831967,-1.4159006966674035,1.3777679168297219,-1.1143061932960154,-0.261678557108485,-0.18712591205533113,-0.1751476835028978,-0.08124966578170181,0.21438814578240092,-0.4347015513594548
-1.0026630114287651,415,1,1,1.569624288409273,-0.9473995751577724,0.9302434845488372,-0.5680232092616704,-0.8621614887672419,0.984231270878234,0.7032323691993339,0.5235588958514875,0.6239540300190308,1.0883612382845183
-0.4720463788705671,510,0,0,-0.5831425816831967,-0.6578142362718975,-1.9538028568168646,-0.11538873677606977,0.23872388594047905,-1.7974959551471905,-0.33015592809740923,0.31009705056918546,-1.0143095069274886,-0.4347015513594548
-1.1542677635882503,408,0,1,1.2726909270172082,-0.25755934112390566,1.1291432322292305,-1.2625830032481946,-0.261678557108485,-0.4962067149470453,-0.5368335875567578,0.27452007635546855,-1.0143095069274886,1.0883612382845183
-2.266035946091142,408,0,1,1.198457586669192,-0.8865313192136074,-0.11398019077322721,0.5733180252386578,0.5389653517698575,1.6299542221424512,-0.6918418321512693,-0.08124966578170181,-0.6047436226908586,0.32682984346253174
0.6649892623255717,510,0,0,-0.5831425816831967,1.2106567719535217,-0.46205474921391537,0.31968663979414047,-0.4117992900231742,0.8306752031995479,1.426604177307054,1.3062523285532628,0.6239540300190308,-1.1962329461814414
0.03330279499438346,510,0,0,-0.5831425816831967,-0.09339949933509768,-1.0587539922550953,0.7020847286181825,1.7899714593922678,1.3681214400749482,0.4965547097399852,-0.6149042789874574,0.21438814578240092,-1.1962329461814414
0.8923963905647994,415,0,1,2.0150243304973703,0.4783932080191768,-0.7106794338144069,1.905858304151007,0.9392873062090287,0.26173028577467333,0.18653822055096225,-1.18413586640693,-0.19517773845422887,-0.4347015513594548
0.36177975800660134,408,0,0,-0.5831425816831967,-0.01593080995161554,0.6816187999483457,1.3693303734029896,-0.21163831280358855,0.8857978941611278,-0.33015592809740923,2.1956766838961883,0.21438814578240092,0.32682984346253174
0.6144543449390766,415,0,0,-0.5831425816831967,-0.29076020800254065,-1.3571036137756851,1.0688747321840997,-0.7620810001574491,-0.15759589904019924,-0.27848651323257206,1.946637864400169,-0.19517773845422887,-1.1962329461814414
1.2208733535770175,408,0,1,1.4953909480612568,0.020959042135757007,-0.41232981229381704,-0.25391049344192146,-1.8129261305602733,1.2716567308921845,-2.4486019375557326,0.843751663774941,-0.6047436226908586,1.0883612382845183
-0.5225812962570623,510,0,0,-0.5831425816831967,0.4451923411405413,-0.41232981229381704,0.3040785545360167,-0.16159806849869215,-0.9194702348306025,-1.7768995443128495,-0.9350970469109109,0.21438814578240092,0.32682984346253174
-0.8763257179625276,510,0,0,-0.5831425816831967,0.5189720453152864,-0.7604043707345053,-0.08027054494529078,0.5890055960747539,1.1968473645871833,-0.898519491610618,-1.219712840620647,-0.6047436226908586,-0.4347015513594548
0.7660590970985618,510,1,1,1.3469242673652244,2.0904797442373564,0.03519461998706771,-0.021740225227325237,-0.16159806849869215,1.070852642389288,1.3749347624422168,1.270675354339546,1.0335199142556606,1.8498926331065049
-0.9521280940422702,415,0,0,-0.5831425816831967,-0.6836371327330584,-0.41232981229381704,0.14604669129750977,0.08860315302578986,0.5511244133229662,1.0132488583883568,-0.9706740211246278,-1.0143095069274886,0.32682984346253174
-0.5731162136435572,408,0,0,-0.5831425816831967,0.255209602890573,-0.06425525385312891,-1.637177049443174,-0.6119602672427599,0.8346125382682326,0.44488529487514805,-0.3302884852777208,-0.19517773845422887,0.32682984346253174
-0.7247209658030425,510,1,1,1.569624288409273,-0.7334384330510112,0.6816187999483457,-1.221611779445619,-0.4618395343280706,0.3955996781099381,-0.6401724172864321,-1.6822135053989684,0.6239540300190308,-1.1962329461814414
-0.6994535071097949,415,0,0,-0.5831425816831967,-0.414341212495239,0.43299411534785415,1.3264081389431484,-0.8621614887672419,-0.38202399795520176,-0.4851641726919207,-0.08124966578170181,1.4430857984922902,-1.1962329461814414
-0.32044162671108195,510,0,0,-0.5831425816831967,-2.170298171854172,-1.1084789291751935,1.2054454781926864,0.6890860846845467,0.2282629376908574,0.4965547097399852,-0.508173356346306,-1.0143095069274886,1.0883612382845183
-0.017232122392111596,415,0,1,1.4211576077132406,0.7772010099268943,-0.014530316933030606,0.6884276540173235,-1.512684664730895,-0.16153323410888384,-0.4851641726919207,-0.7927891500560426,-0.19517773845422887,-1.1962329461814414
0.7660590970985618,510,0,0,-0.5831425816831967,0.1537625096502985,0.4827190522679525,-0.006132139969200866,0.03856290872089345,0.033364851790986784,1.2715959327125426,-0.010095717354267989,2.67178345120218,0.32682984346253174
-0.5731162136435572,415,0,0,-0.5831425816831967,-1.6944190799270662,-1.3073786768555868,0.2728623840197685,-2.1131675963896517,0.0077721738445394786,2.4083230597389598,0.2033661279280347,0.6239540300190308,-0.4347015513594548
0.13437262976737357,510,0,0,-0.5831425816831967,-0.3682288973860233,-0.31287993845362044,1.4824889915243897,0.8892470619041323,0.4448163664684913,-1.8285689591776866,-0.508173356346306,-0.6047436226908586,-1.1962329461814414
0.4628495927795915,510,1,1,1.0499909059731596,-0.13766732183994485,0.9302434845488372,0.44455132185913376,1.6398507264775783,-1.0021542712729714,-0.33015592809740923,1.3062523285532628,6.357876409331848,-0.4347015513594548
-0.3962440027908245,415,0,0,-0.5831425816831967,-0.05835413985209366,1.0794182953091322,0.4699144604035857,1.1394482834286144,0.36803833262914826,-2.603610182150244,0.45240494742405374,-1.4238753911641184,-0.4347015513594548
-1.280605057054488,408,0,0,-0.5831425816831967,2.252795093421796,-0.9095791814948001,-0.657769699495884,0.8892470619041323,-2.533777612991146,-0.588503002421595,0.09663520528688338,0.6239540300190308,-0.4347015513594548
-1.230070139667993,415,0,0,-0.5831425816831967,-0.45307555718698006,0.4827190522679525,-1.3152602909943636,0.18868364163558266,-0.4883320448096767,-0.8468500767457807,-1.1485588921932128,-0.19517773845422887,1.8498926331065049
-0.1688368745515968,408,0,0,-0.5831425816831967,0.5060605970847063,0.43299411534785415,-0.6519166675240873,-1.012282221681931,0.7342104940167836,0.8582406137938453,-2.7139457575967625,0.6239540300190308,-0.4347015513594548
0.5639194275525815,510,0,1,1.7923243094533214,0.6038187051162437,-1.1582038660952918,0.9888832952362134,-1.1123627102917237,0.15345357138585639,-0.7951806618809436,-1.2908667890480812,-1.0143095069274886,1.0883612382845183
-0.5731162136435572,415,0,0,-0.5831425816831967,0.9487388221331768,0.731343736868444,0.5772200465531893,1.9901324366118534,1.190941361984157,1.0132488583883568,-0.25913453685028703,-0.6047436226908586,-0.4347015513594548
1.3219431883500075,415,0,0,-0.5831425816831967,0.9100044774414358,0.08491955690716602,-0.7826343815608774,1.7899714593922678,0.043208189462697416,0.44488529487514805,0.8081746895612241,-1.0143095069274886,-1.1962329461814414
0.4123146753930964,408,0,0,-0.5831425816831967,-1.1170928947596859,-0.9095791814948001,-0.2597635254137182,0.38884461885516824,-0.22846793027651568,-0.1751476835028978,0.45240494742405374,-0.6047436226908586,-0.4347015513594548
0.8418614731783043,415,0,1,2.4604243725854675,-0.32396107488117615,-0.9095791814948001,2.4170230963545727,-1.1624029545966201,-0.803318850304417,0.5998935394696595,0.594712844278922,0.21438814578240092,-1.1962329461814414
0.9176638492580469,510,0,0,-0.5831425816831967,-0.4438530941651369,-0.9593041184148985,-1.3211133229661602,-0.3117188014133814,1.0275419566337607,-1.2085359807996408,-0.4014424337051553,-1.0143095069274886,-0.4347015513594548
1.347210647043255,510,0,0,-0.5831425816831967,-0.4622980202088232,1.0794182953091322,0.26115632007617495,-1.4626444204259985,-0.4509273616571762,0.23820763541579942,0.6302898184926389,-1.0143095069274886,1.0883612382845183
0.9429313079512944,415,0,0,-0.5831425816831967,1.3176373430069024,0.9302434845488372,-2.138586788360412,-0.21163831280358855,-1.1557103389516574,-0.6918418321512693,1.270675354339546,-0.6047436226908586,1.0883612382845183
1.8020249035217104,408,0,1,2.905824414673565,1.7584710754510038,0.08491955690716602,-0.277322621329108,0.8892470619041323,0.8680798863520485,1.1682571029828681,-0.508173356346306,-1.0143095069274886,-0.4347015513594548
-0.4973138375638146,510,0,0,-0.5831425816831967,-0.6264578619976311,-2.0532527306570616,1.6990511744808616,1.5397702378677856,-0.3780866628865177,1.0649182732531939,-0.3658654594914384,-0.19517773845422887,0.32682984346253174
0.6649892623255717,510,0,1,0.827290884929111,-0.9197321860922429,0.731343736868444,-0.7806833709036114,0.03856290872089345,1.2618133932204738,-1.931907788907361,0.7014437669200727,-0.6047436226908586,0.32682984346253174
-0.85105825926928,408,0,0,-0.5831425816831967,1.4910196478175528,0.33354424150765755,0.1440956806402438,0.18868364163558266,0.1377042311111197,0.754901784064171,-0.08124966578170181,-1.0143095069274886,3.372955422750478
0.968198766644542,415,0,1,2.6088910532815,0.9487388221331768,-0.7604043707345053,0.4191881833146824,-0.9122017330721383,-1.041527621959814,0.23820763541579942,-0.6860582274148912,0.21438814578240092,0.32682984346253174
-0.1688368745515968,510,0,0,-0.5831425816831967,1.6902248490893648,0.23409436766746095,0.034839083833374904,0.23872388594047905,0.40741168331599076,-2.551940767285407,0.45240494742405374,-0.6047436226908586,1.0883612382845183
0.4123146753930964,408,0,1,0.38189084284101393,0.5171275527109179,-1.7549031091364715,-0.9387152341421188,-1.1624029545966201,0.6279024471623093,-0.27848651323257206,-0.1879805884228532,-0.6047436226908586,-0.4347015513594548
0.10910517107412605,415,0,0,-0.5831425816831967,1.4707302291694986,-0.21343006461342384,-0.49973783625737717,-0.16159806849869215,0.423161023590728,-3.3269819902579645,0.6302898184926389,0.21438814578240092,1.0883612382845183
0.13437262976737357,408,0,0,-0.5831425816831967,0.758756083883208,0.9799684214689356,1.3537222881448652,-0.261678557108485,-1.5612558510261354,0.6515629543344966,-0.5437503305600235,0.21438814578240092,-0.4347015513594548
-0.5731162136435572,415,0,0,-0.5831425816831967,0.22385322861630602,1.0794182953091322,0.7918312188523963,-0.6119602672427599,0.05108285960006603,-0.7435112470161065,-0.4014424337051553,0.21438814578240092,-0.4347015513594548
-0.6236511310300523,408,0,1,1.3469242673652244,0.6462420350167218,0.4827190522679525,0.08556536092227827,-0.6620005115476563,-1.305329071561659,2.0466371556850995,-0.7572121758423257,-1.0143095069274886,-0.4347015513594548
0.2859773819268588,510,0,0,-0.5831425816831967,1.1774559050748867,-1.1582038660952918,-0.36511810090605634,-0.16159806849869215,1.1476306762286304,-0.33015592809740923,0.9149056122023754,-1.0143095069274886,-0.4347015513594548
0.8418614731783043,408,0,0,-0.5831425816831967,1.1590109790312004,1.2783180429895253,-0.9348132128275874,0.7391263289894431,2.3111131890248275,0.754901784064171,0.5591358700652052,0.6239540300190308,-0.4347015513594548
-0.6741860484165474,408,0,0,-0.5831425816831967,-0.2630928189370112,0.9799684214689356,-0.04515235311451123,0.28876413024537545,0.14951623631717234,0.08319939082128797,-0.15240361420913565,-0.6047436226908586,-0.4347015513594548
-1.0784653875085077,415,0,1,1.0499909059731596,0.8214688324317414,1.3280429799096236,0.7411049417634928,-0.7620810001574491,-0.5257367279621772,-0.7435112470161065,0.45240494742405374,1.0335199142556606,0.32682984346253174
-0.8005233418827851,510,1,1,1.8665576498013376,1.695758326902471,-0.11398019077322721,1.0259524977242584,0.08860315302578986,-0.698979470984284,-0.7951806618809436,-0.7216352016286087,-1.0143095069274886,-0.4347015513594548
0.3870472166998489,510,0,0,-0.5831425816831967,0.9173824478589104,-0.36260487537371877,-0.3182938451316838,0.5389653517698575,-0.6438567800227047,-0.4851641726919207,-0.508173356346306,-0.6047436226908586,0.32682984346253174
0.9176638492580469,415,0,0,-0.5831425816831967,-0.7094600291942194,-0.46205474921391537,-1.0460208202917223,-0.011477335584002954,1.0590406371832346,-1.3118748105293152,-0.7927891500560426,1.0335199142556606,0.32682984346253174
-0.8257908005760325,415,1,1,1.198457586669192,-0.9935118902669878,-0.41232981229381704,1.4649298956089996,-0.11155782419379576,0.2676362883776999,0.3932158800103109,1.4129832511944136,0.6239540300190308,1.0883612382845183
0.33651229931335386,510,0,1,-0.2862092202911318,-0.7057710439854817,-0.21343006461342384,0.5772200465531893,-0.6119602672427599,0.4487537015371753,-0.7951806618809436,-0.2947115110640039,-0.6047436226908586,1.0883612382845183
-0.2699067093245869,408,0,0,-0.5831425816831967,-0.7260604626335371,-0.16370512769332554,0.2553032881043787,0.08860315302578986,-1.5927545315756093,1.3232653475773797,-1.112981917979496,-1.0143095069274886,-0.4347015513594548
0.9429313079512944,415,0,0,-0.5831425816831967,-0.8422634967087603,-0.6609544968943086,-0.6714267740967425,0.48892510746496104,-0.1457838938341466,1.9949677408202626,1.8399069417590184,-0.6047436226908586,-0.4347015513594548
-0.2699067093245869,415,0,0,-0.5831425816831967,-0.6264578619976311,0.13464449382726434,-0.07246650231622859,1.8400117036971642,1.842570315851401,-0.898519491610618,0.09663520528688338,-0.19517773845422887,-1.1962329461814414
-0.06776703977860665,415,0,0,-0.5831425816831967,-3.3120390939583526,-4.9870240089428615,-0.8040954987907979,1.4897299935628892,-0.665512122900468,-0.6401724172864321,-1.219712840620647,-1.4238753911641184,1.8498926331065049
1.0440011427242848,415,0,1,1.3469242673652244,0.755067098674471,-0.31287993845362044,0.7547620163643513,1.2895690163433036,1.0511659670458666,0.44488529487514805,-1.5399056085441003,1.8526516827289201,0.32682984346253174
0.48811705147283896,415,0,1,1.1242242463211758,0.7808899951356318,0.6816187999483457,1.05131563626871,-0.8121212444623455,0.9763566007408654,0.8582406137938453,-1.0774049437657789,0.21438814578240092,0.32682984346253174
-0.14356941585834926,415,0,0,-0.5831425816831967,0.2773435141429963,0.6816187999483457,0.6240443023275618,0.28876413024537545,-0.5414860682369139,-0.4334947578270835,-2.287022067032158,-1.0143095069274886,1.0883612382845183
-0.1941043332448443,510,0,0,-0.5831425816831967,0.20540830257261974,0.6816187999483457,0.33919674636679564,0.5389653517698575,-1.4037624482787654,1.0649182732531939,-0.7572121758423257,-0.6047436226908586,1.0883612382845183
-0.5983836723368048,510,0,0,-0.5831425816831967,-0.0749545732914114,-0.7106794338144069,0.08361435026501286,-1.1123627102917237,0.8720172214207325,-0.02013943890838634,2.6937543228882275,-0.6047436226908586,1.8498926331065049
2.004164573067691,510,0,0,-0.5831425816831967,-0.7481943738859604,-0.21343006461342384,0.4699144604035857,-1.8129261305602733,-0.5926714241298091,0.9099100286586824,1.946637864400169,0.21438814578240092,0.32682984346253174
0.43758213408634394,415,0,0,-0.5831425816831967,-0.8514859597306034,0.6318938630282475,-1.5571856124952879,-0.4117992900231742,1.0590406371832346,1.478273592171891,-1.5399056085441003,-0.19517773845422887,-0.4347015513594548
0.7155241797120667,510,0,0,-0.5831425816831967,-0.6615032214806351,0.6816187999483457,1.8922012295501487,-0.11155782419379576,0.23023160522519942,-0.7435112470161065,0.4168279732103368,1.4430857984922902,1.8498926331065049
0.3112448406201063,415,1,0,-0.5831425816831967,0.4562592967667535,-0.9095791814948001,-0.2344003868692663,0.7391263289894431,-1.2108330299132368,-0.1751476835028978,-0.3658654594914384,1.0335199142556606,-0.4347015513594548
0.7407916384053143,415,0,0,-0.5831425816831967,0.5079050896890748,-1.50627842453598,-0.01393618259826305,0.7391263289894431,-0.13200322109375195,-0.02013943890838634,0.7725977153475072,-1.0143095069274886,-0.4347015513594548
-0.6236511310300523,510,1,0,-0.5831425816831967,1.1331880825700396,0.9799684214689356,0.6045341957549066,-0.21163831280358855,0.3798503378352009,-1.7252301294480124,-0.11682663999541872,-1.4238753911641184,-0.4347015513594548
-1.5332796439869631,510,0,0,-0.5831425816831967,-1.294164184779074,0.33354424150765755,0.856214570542158,0.08860315302578986,1.4960848298071865,1.1682571029828681,-1.112981917979496,1.0335199142556606,-1.1962329461814414
-0.34570908540432943,510,0,1,2.3119576918894347,-1.7884882027498663,0.6318938630282475,0.4601594071172581,-1.8629663748651697,-0.7344154866024425,-0.6401724172864321,-0.25913453685028703,-1.4238753911641184,1.0883612382845183
1.9536296556811956,408,1,0,-0.5831425816831967,-1.0156458015194114,1.6761175383503117,-1.1630814597276533,-1.1123627102917237,1.3248107543194216,0.6515629543344966,0.4168279732103368,-1.0143095069274886,0.32682984346253174
0.05857025368763099,415,0,0,-0.5831425816831967,-0.08971051412636064,2.521441465991983,-1.0304127350335979,-2.2132480849994445,-0.6438567800227047,0.44488529487514805,1.9822148386138867,-0.6047436226908586,3.372955422750478
-1.0531979288152602,408,0,1,1.7923243094533214,0.5964407346987691,0.9799684214689356,0.04069211580517168,1.7899714593922678,0.24794961303427865,-0.27848651323257206,-0.508173356346306,0.21438814578240092,-0.4347015513594548
0.5133845101660865,415,1,1,2.683124393629516,1.3748166137423297,1.3280429799096236,-0.4021873033941013,0.38884461885516824,-0.09262987040690941,1.478273592171891,-0.5437503305600235,-0.19517773845422887,1.0883612382845183
1.29667572965676,510,0,0,-0.5831425816831967,0.8952485366064865,-0.36260487537371877,-1.256729971276398,0.28876413024537545,-0.07097452752914558,0.34154646514547377,-0.43701940791887217,-1.0143095069274886,-0.4347015513594548
-0.6741860484165474,415,0,0,-0.5831425816831967,-0.790617703786439,0.2838193045875593,0.5421018547224097,0.23872388594047905,1.2677193958235005,0.7032323691993339,-0.15240361420913565,-0.19517773845422887,-1.1962329461814414
0.03330279499438346,408,0,0,-0.5831425816831967,-0.09339949933509768,-1.3571036137756851,0.25140126678984737,0.6890860846845467,-0.7127601437246792,0.8065711989290081,0.025481256859449554,0.21438814578240092,1.8498926331065049
0.7155241797120667,415,0,0,-0.5831425816831967,-0.20591354820158383,0.8307936107086407,0.3177356291368751,1.4396897492579928,-2.348722864762986,-0.02013943890838634,0.5591358700652052,1.0335199142556606,-0.4347015513594548
0.7407916384053143,408,0,0,-0.5831425816831967,0.5835292864681884,0.9302434845488372,0.5908771211540477,0.9893275505139251,0.39363101057559613,-1.0535277362051294,-1.3975977116892322,1.8526516827289201,0.32682984346253174
-0.017232122392111596,408,0,0,-0.5831425816831967,-0.008552839534140927,1.1291432322292305,-0.08222155560255619,1.589810482172682,-0.27965328616941143,0.8065711989290081,-0.010095717354267989,2.26221756696555,-0.4347015513594548
0.4628495927795915,415,0,1,1.4211576077132406,0.7476891282569964,1.3777679168297219,1.3147020749995548,1.6398507264775783,-1.0710576349749459,-1.0535277362051294,0.31009705056918546,-0.6047436226908586,-1.1962329461814414
0.1596400884606211,510,0,0,-0.5831425816831967,0.18696337652893347,-1.20792880301539,-0.872380871795091,-1.762885886255377,0.8483932110086272,-0.4851641726919207,-0.6860582274148912,-0.6047436226908586,2.6114240279284915
-0.32044162671108195,408,0,0,-0.5831425816831967,-0.6891706105461645,0.33354424150765755,1.2015434568781544,-0.8121212444623455,-1.2147703649819213,-0.07180885377322349,-0.045672691567984904,0.21438814578240092,-0.4347015513594548
2.2315717013069185,415,0,1,2.2377243515414187,1.4227734214559138,-0.11398019077322721,-0.98163746860196,0.9893275505139251,-1.5336945055453455,-0.6918418321512693,0.4168279732103368,-0.6047436226908586,1.0883612382845183
2.8127232512516116,415,0,0,-0.5831425816831967,0.8565141919147454,1.3280429799096236,2.024869954244204,-0.8621614887672419,-0.38793000055822835,1.6332818367664026,0.843751663774941,-0.19517773845422887,0.32682984346253174
0.36177975800660134,415,0,0,-0.5831425816831967,-0.2409589076845879,0.5324439891880508,0.690378664674589,-0.11155782419379576,0.09242487782125057,-0.4334947578270835,1.911060890186452,-1.0143095069274886,-0.4347015513594548
-0.4720463788705671,415,0,0,-0.5831425816831967,-0.9141987082791369,0.4827190522679525,-0.3026857598735594,-0.6119602672427599,-0.43714668891678155,0.23820763541579942,-0.6860582274148912,-0.19517773845422887,-1.1962329461814414
-1.4574772679072208,415,0,0,-0.5831425816831967,-1.7589763210799683,1.6761175383503117,-2.3414918967160263,0.13864339733068626,-0.09459853794125143,-1.1051971510699665,0.2033661279280347,-1.0143095069274886,-0.4347015513594548
-1.6596169374532008,408,0,0,-0.5831425816831967,-0.7647948073252782,0.731343736868444,-0.8314096479925153,-0.9122017330721383,0.2912602987898052,0.9099100286586824,0.025481256859449554,-1.0143095069274886,2.6114240279284915
0.18490754715386862,408,0,0,-0.5831425816831967,0.3492787257133729,-0.06425525385312891,1.306898032370493,-2.013087107779859,3.031645506594045,-1.3118748105293152,-0.2947115110640039,-0.6047436226908586,-1.1962329461814414
1.1703384361905225,408,0,0,-0.5831425816831967,1.7418706420116867,-0.41232981229381704,0.6045341957549066,-0.9122017330721383,1.6279855546081097,-0.898519491610618,-1.4331746859029493,-1.4238753911641184,-1.1962329461814414
-2.1649661113181518,510,1,0,-0.5831425816831967,-0.7039265513811133,-1.009029055334997,-1.5006063034345878,-1.2124431989015165,2.413483900810618,-0.6401724172864321,-0.7572121758423257,-0.6047436226908586,0.32682984346253174
-1.2553375983612405,510,1,1,0.3076575024929977,-0.8072181372257563,-2.0035277937369633,-0.00418112931193546,1.6898909707824747,-0.16743923671190988,-0.12347826863806065,0.7370207411337902,1.0335199142556606,0.32682984346253174
0.2859773819268588,415,0,1,1.7180909691053052,0.8417582510797963,-0.5615046230541121,1.092286860071286,0.8392068175992359,0.9606072604661282,-0.6918418321512693,0.45240494742405374,-1.4238753911641184,1.8498926331065049
0.26070992323361125,415,0,1,0.9757575656251434,-0.9676889938058272,-0.31287993845362044,0.5362488227506135,0.7891665732943395,-0.6733867930378367,0.3932158800103109,-1.112981917979496,-0.6047436226908586,-0.4347015513594548
0.3112448406201063,415,0,0,-0.5831425816831967,0.6646869610604081,-0.21343006461342384,-0.14465389663505257,1.3396092606482,-1.8801799915895596,0.754901784064171,1.1639444316983945,-0.6047436226908586,-0.4347015513594548
-0.7752558831895375,415,0,0,-0.5831425816831967,0.6499310202254595,-0.6609544968943086,-1.3620845467687361,0.6890860846845467,0.3148843092019111,0.18653822055096225,-0.2947115110640039,-0.6047436226908586,1.0883612382845183
1.1198035188040274,415,0,0,-0.5831425816831967,1.221723727579734,0.7810686737885423,1.6756390465936757,-0.4618395343280706,0.7834271823753368,0.754901784064171,-0.43701940791887217,3.4909152196754394,-0.4347015513594548
-0.14356941585834926,510,0,1,1.4211576077132406,-0.92342117130098,0.2838193045875593,0.9381570181473101,-0.511879778632967,1.3208734192507376,0.754901784064171,0.594712844278922,-0.6047436226908586,-0.4347015513594548
-1.8364891483059336,415,0,0,-0.5831425816831967,-1.067291594441733,-2.600227036778143,-1.463537100946543,0.5890055960747539,1.194878697052842,1.116587688118031,-0.6860582274148912,-1.0143095069274886,3.372955422750478
0.6902567210188192,415,0,0,-0.5831425816831967,-0.5729675764709408,0.23409436766746095,0.8230473893686444,0.28876413024537545,1.0688839748549452,0.7032323691993339,-1.219712840620647,-1.0143095069274886,-0.4347015513594548
-0.2699067093245869,510,0,0,-0.5831425816831967,-0.9990453680800936,2.8695160244326714,1.3322611709149452,-0.8621614887672419,0.7420851641541523,0.1348688056861251,0.27452007635546855,1.0335199142556606,-0.4347015513594548
-0.34570908540432943,415,0,0,-0.5831425816831967,0.9063154922326982,-0.5117796861340137,-0.7377611364437702,-0.06151757988889935,-0.9214389023649445,-0.5368335875567578,0.5591358700652052,-0.6047436226908586,-0.4347015513594548
0.48811705147283896,415,0,0,-0.5831425816831967,1.3360822690505887,0.9799684214689356,-0.9874905005737568,0.28876413024537545,-0.9667182556548131,-0.22681709836773498,-0.2235575626365701,-1.4238753911641184,0.32682984346253174
0.6144543449390766,408,0,0,-0.5831425816831967,0.9173824478589104,0.13464449382726434,-0.45681560179753544,1.2895690163433036,-0.22846793027651568,-0.27848651323257206,0.6302898184926389,1.4430857984922902,-0.4347015513594548
0.03330279499438346,415,0,1,1.2726909270172082,-0.7777062555558584,-0.014530316933030606,-0.4704726763983944,-0.8621614887672419,-0.2501232731542795,-0.3818253429622464,-0.010095717354267989,0.6239540300190308,0.32682984346253174
-2.240768487397894,408,0,0,-0.5831425816831967,1.2918144465457415,0.8805185476287389,1.0064423911516032,0.9392873062090287,1.5610508584404768,-0.5368335875567578,0.5591358700652052,-0.6047436226908586,-0.4347015513594548
-0.24463925063133934,408,1,0,-0.5831425816831967,-0.5120993205267759,0.731343736868444,-1.896661466859488,0.7891665732943395,-0.8781282166094174,-0.7435112470161065,0.7014437669200727,-0.19517773845422887,-0.4347015513594548
1.2461408122702649,510,0,0,-0.5831425816831967,-0.987978412453882,-0.06425525385312891,0.7352519097916961,-1.3625639318162057,1.6575155676232416,-0.02013943890838634,-0.010095717354267989,0.6239540300190308,1.0883612382845183
-0.6489185897232999,510,0,1,1.4953909480612568,0.38801307040511396,-0.21343006461342384,-0.7163000192138496,0.5389653517698575,-0.6162954345419149,2.7183395489279825,-2.7495227318104796,0.21438814578240092,-0.4347015513594548
0.26070992323361125,415,0,0,-0.5831425816831967,-0.12475587360936413,-2.10297766757716,-0.3456079943334011,0.38884461885516824,-0.8289115282508642,0.18653822055096225,-0.8283661242697595,-0.6047436226908586,1.8498926331065049
2.004164573067691,415,0,0,-0.5831425816831967,-0.6651922066893722,1.0296933583890338,-0.2246453335829387,0.5389653517698575,-0.511956055221782,-0.9501889064754551,-0.508173356346306,0.21438814578240092,1.0883612382845183
1.4482804818162451,510,0,0,-0.5831425816831967,-0.06757660287393678,0.23409436766746095,-0.24415544015559387,-0.6119602672427599,-0.24815460561993696,-0.12347826863806065,0.27452007635546855,0.6239540300190308,-0.4347015513594548
0.2354424645403637,415,0,1,2.2377243515414187,1.0464969301647142,0.08491955690716602,-0.0958786302034146,0.5890055960747539,-0.34265064726835925,-0.9501889064754551,-0.1879805884228532,0.6239540300190308,-0.4347015513594548
-1.4069423505207257,510,0,0,-0.5831425816831967,-1.8622679069246115,0.2838193045875593,-0.26366554672824905,0.48892510746496104,-0.32886997452796457,0.5482241246048224,-1.0062509953383447,0.21438814578240092,-0.4347015513594548
-0.6489185897232999,415,1,0,-0.5831425816831967,0.790112458157475,-1.1084789291751935,2.4618963414716797,0.5389653517698575,0.1396728986454617,0.18653822055096225,-0.5437503305600235,1.8526516827289201,-0.4347015513594548
1.4482804818162451,510,0,0,-0.5831425816831967,0.7624450690919455,1.4274928537498202,0.80743930411052,0.38884461885516824,0.6377457848340199,-1.3118748105293152,-1.362020737475515,0.21438814578240092,-1.1962329461814414
1.0945360601107799,408,0,0,-0.5831425816831967,-2.1758316496672783,0.8307936107086407,-2.4136792910348506,-0.7620810001574491,-0.5493607383742825,-0.07180885377322349,-0.7216352016286087,1.0335199142556606,1.8498926331065049
-1.9880939004654188,510,0,1,1.1242242463211758,0.04678193859691789,-0.31287993845362044,-0.706544965927522,-2.0631273520847553,-1.419511788553502,0.08319939082128797,0.8793286379886579,-0.19517773845422887,1.0883612382845183
1.8020249035217104,415,0,0,-0.5831425816831967,-0.13028935142247022,-0.7604043707345053,1.0200994657524616,-1.4626444204259985,0.40741168331599076,0.6515629543344966,-1.5399056085441003,0.6239540300190308,-1.1962329461814414
2.5095137469326416,408,0,0,-0.5831425816831967,-0.9473995751577724,-0.6609544968943086,-1.319162312308895,0.23872388594047905,-0.4588020317945448,1.1682571029828681,0.3456740247829024,-1.0143095069274886,-0.4347015513594548
0.9934662253377895,415,0,0,-0.5831425816831967,-0.3774513604078664,0.18436943074736264,1.3459182455158036,0.28876413024537545,0.3837876729038855,0.8065711989290081,0.025481256859449554,-0.19517773845422887,-0.4347015513594548
0.5386519688593341,408,0,1,1.569624288409273,0.29209945497794554,-0.8598542445747018,1.3147020749995548,-0.3617590457182778,-0.6477941150913888,-0.27848651323257206,-0.6504812532011743,0.6239540300190308,1.0883612382845183
0.7660590970985618,415,0,0,-0.5831425816831967,-1.2314514362305409,1.6263926014302135,-0.02759325719912146,0.7891665732943395,-1.1458670012799468,0.23820763541579942,-0.045672691567984904,0.21438814578240092,-1.1962329461814414
-1.3564074331342306,408,0,1,1.4953909480612568,-1.2425183918567524,-1.50627842453598,-0.8977440103395424,0.28876413024537545,-0.6733867930378367,0.23820763541579942,0.13221217950060027,-1.0143095069274886,-1.1962329461814414
-0.2951741680178344,408,0,0,-0.5831425816831967,0.23123119903378064,-0.8598542445747018,-0.7260550725001772,-0.6119602672427599,-0.6143267670075729,1.9432983259554255,-1.4687516601166664,-0.6047436226908586,-1.1962329461814414
-1.331139974440983,415,0,1,1.9407909901493539,0.3400562626915297,-1.50627842453598,1.4220076611491583,1.0393677948188216,0.33457098454533235,-1.5185524699886637,-0.9350970469109109,-0.19517773845422887,-0.4347015513594548
0.968198766644542,415,0,0,-0.5831425816831967,-0.2686262967501173,1.5766676645101152,0.953765103405434,-0.7120407558525527,-0.6025147618015196,1.426604177307054,0.843751663774941,1.4430857984922902,-0.4347015513594548
0.8418614731783043,415,0,0,-0.5831425816831967,-0.2704707893544858,0.731343736868444,-1.4498800263456844,-0.21163831280358855,0.7401164966198103,1.2715959327125426,-0.08124966578170181,1.8526516827289201,0.32682984346253174
-0.6489185897232999,415,0,1,2.5346577129334835,1.2789029983151612,-0.36260487537371877,-0.5855823051770596,0.38884461885516824,-1.897897999398639,-0.4851641726919207,0.3456740247829024,1.4430857984922902,-0.4347015513594548
-0.2699067093245869,415,0,0,-0.5831425816831967,1.5168425442787143,1.3777679168297219,0.3860210021411682,0.18868364163558266,-1.2659557208748164,-0.4851641726919207,-0.2235575626365701,0.21438814578240092,-0.4347015513594548
0.36177975800660134,510,1,0,-0.5831425816831967,-1.061758116628627,0.4827190522679525,0.37821695951210604,-0.011477335584002954,-0.41746001357336027,1.2199265178477054,0.2033661279280347,-1.0143095069274886,0.32682984346253174
-0.6994535071097949,510,0,0,-0.5831425816831967,1.3858835693685414,-1.009029055334997,-2.1580968949330672,-1.0623224659868273,-0.9352195751053392,-2.086916033501873,0.13221217950060027,1.4430857984922902,-1.1962329461814414
1.39774556442975,408,0,1,1.4211576077132406,0.2349201842425182,1.8252923491106066,-0.01783820391279387,0.7391263289894431,0.8523305460773112,0.5998935394696595,1.6264450964767163,1.4430857984922902,-0.4347015513594548
-0.06776703977860665,408,0,0,-0.5831425816831967,-0.3424060009248624,0.8307936107086407,-0.19342916306669053,0.6390458403796503,0.5275004029108604,0.6515629543344966,0.6658667927063558,-0.19517773845422887,1.8498926331065049
-0.44677892017731957,415,0,1,1.2726909270172082,0.21647525819883193,-0.26315500153352217,0.9732752099780891,1.7899714593922678,0.9547012578631021,-0.7435112470161065,2.6226003744607937,0.21438814578240092,0.32682984346253174
-0.32044162671108195,415,1,0,-0.5831425816831967,1.0243630189122905,-0.11398019077322721,0.9947363272080102,-1.0623224659868273,1.6732649078979778,-1.260205395664478,-1.0774049437657789,-1.0143095069274886,1.8498926331065049
0.08383771238087853,510,0,0,-0.5831425816831967,1.0077625854729728,1.3777679168297219,1.8005037286586696,-0.4117992900231742,-0.3347759771309906,-1.1051971510699665,-0.15240361420913565,0.6239540300190308,-1.1962329461814414
2.3831764534664037,415,0,0,-0.5831425816831967,-2.14631976799738,0.3832691784277559,0.37821695951210604,-0.6119602672427599,-0.3328073095966486,-0.07180885377322349,-1.8245214022538367,-0.6047436226908586,-1.1962329461814414
0.6902567210188192,510,0,0,-0.5831425816831967,0.3640346665483221,-0.7106794338144069,-0.11733974743333518,0.08860315302578986,1.9154110146220595,-0.9501889064754551,1.4485602254081311,-1.0143095069274886,1.8498926331065049
-0.34570908540432943,415,0,0,-0.5831425816831967,-0.19300209997100368,0.23409436766746095,-0.6031414010924493,0.08860315302578986,0.8661112188177065,0.2898770502806366,-0.11682663999541872,2.26221756696555,1.0883612382845183
-0.06776703977860665,408,0,0,-0.5831425816831967,-0.9824449346407761,0.08491955690716602,-0.6636227314676802,-0.7620810001574491,-0.2579979432916476,1.788290081360914,-0.2947115110640039,-1.0143095069274886,1.0883612382845183
-0.32044162671108195,408,0,0,-0.5831425816831967,-0.49180990187872115,0.9302434845488372,-0.5777782625479979,0.33880437455027185,1.1043199904731038,0.2898770502806366,0.6302898184926389,0.21438814578240092,0.32682984346253174
-0.5731162136435572,415,0,0,-0.5831425816831967,-0.8994427674441876,-1.8046280460565698,0.44650233251639915,0.7891665732943395,0.529469070445203,0.3932158800103109,-0.08124966578170181,0.21438814578240092,-0.4347015513594548
0.4628495927795915,510,0,0,-0.5831425816831967,0.7974904285749496,1.0794182953091322,-0.7338591151292394,0.33880437455027185,-0.7934755126327063,0.5998935394696595,0.3456740247829024,0.6239540300190308,-0.4347015513594548
0.5639194275525815,510,0,1,1.1242242463211758,1.2069677867447848,-0.6112295599742104,1.2522697339670585,0.23872388594047905,0.7637405070319155,0.3932158800103109,1.6620220706904332,-0.6047436226908586,0.32682984346253174
-1.6343494787599533,408,0,0,-0.5831425816831967,-0.030686750786564247,1.4274928537498202,0.46406142843178894,-0.6620005115476563,2.074873084903772,0.08319939082128797,0.2033661279280347,0.6239540300190308,0.32682984346253174
0.2859773819268588,415,0,0,-0.5831425816831967,-1.176116658099482,0.3832691784277559,0.8289004213404412,0.5389653517698575,-0.320995304390596,-1.1568665659348036,1.0216365348435261,0.21438814578240092,-0.4347015513594548
-0.24463925063133934,415,0,1,1.9407909901493539,-0.07864355850014845,-0.21343006461342384,1.1995924462208896,1.089408039123718,-1.122242990867841,-1.260205395664478,-1.6466365311852516,2.67178345120218,-0.4347015513594548
-0.6741860484165474,415,0,1,1.2726909270172082,0.2773435141429963,-0.8101293076546036,-1.5786467297252085,0.13864339733068626,-0.5001440500157294,-1.3118748105293152,1.0216365348435261,-1.0143095069274886,0.32682984346253174
0.1596400884606211,408,0,0,-0.5831425816831967,-0.8404190041043917,0.18436943074736264,-0.5133949108582356,-0.3117188014133814,2.1693691265521946,-1.1051971510699665,-1.0418279695520618,-0.6047436226908586,1.0883612382845183
-0.37097654409757697,408,0,1,0.6045908638850624,-0.6246133693932625,-0.6112295599742104,-0.19147815240942512,1.4396897492579928,0.2873229637211212,-0.9501889064754551,0.3812509989966199,1.0335199142556606,-1.1962329461814414
-0.6741860484165474,415,0,0,-0.5831425816831967,2.4815121763635064,-0.7106794338144069,0.42113919397194777,-0.06151757988889935,1.1436933411599461,1.0649182732531939,0.7370207411337902,0.21438814578240092,1.0883612382845183
0.9176638492580469,510,0,0,-0.5831425816831967,1.1534775012180944,0.8805185476287389,-0.19147815240942512,-0.3617590457182778,0.348351657285727,-2.603610182150244,1.5908681222629986,-1.0143095069274886,1.0883612382845183
0.7407916384053143,415,0,0,-0.5831425816831967,-1.0894255056941564,1.3280429799096236,-0.21684129095387708,-2.41340906221903,1.3622154374719226,0.34154646514547377,1.4485602254081311,-1.0143095069274886,-0.4347015513594548
0.4123146753930964,408,0,0,-0.5831425816831967,-1.4251231596892466,-0.014530316933030606,-1.2801420991635846,0.18868364163558266,-0.02372650670493499,-0.3818253429622464,1.946637864400169,2.26221756696555,1.0883612382845183
0.48811705147283896,415,0,0,-0.5831425816831967,0.008047593905176825,-1.009029055334997,0.45625738580272673,-0.9122017330721383,1.2696880633578418,-0.4851641726919207,-1.9668292991087046,1.0335199142556606,1.0883612382845183
-0.21937179193809184,408,0,0,-0.5831425816831967,1.5869332632447224,-0.9095791814948001,-0.39243225010777366,-1.262483443206413,0.2007015922100675,0.6515629543344966,-0.5793273047737405,-1.0143095069274886,-0.4347015513594548
1.39774556442975,510,0,0,-0.5831425816831967,1.0723198266258747,1.0794182953091322,-0.3768241648496493,-0.4618395343280706,-0.2993399615128327,2.6150007191983082,-0.8995200726971936,-0.19517773845422887,-0.4347015513594548
-0.5731162136435572,510,0,1,1.7923243094533214,0.5669288530288712,0.7810686737885423,-0.16806602452223912,-0.8621614887672419,0.8897352292298117,-0.4334947578270835,0.2033661279280347,-0.19517773845422887,3.372955422750478
0.7155241797120667,408,0,0,-0.5831425816831967,0.5060605970847063,-0.46205474921391537,-0.8957929996822771,1.0393677948188216,0.8700485538863905,0.5998935394696595,1.1283674574846776,0.21438814578240092,1.0883612382845183
0.3870472166998489,408,0,0,-0.5831425816831967,-0.853330452334972,-0.31287993845362044,0.9166959009173895,1.2895690163433036,0.3562263274230956,-1.1568665659348036,0.3812509989966199,0.21438814578240092,2.6114240279284915
0.9429313079512944,415,0,0,-0.5831425816831967,0.9321383886938591,0.33354424150765755,0.21823408561633373,0.9893275505139251,-0.511956055221782,0.9615794435235195,1.0572135090572432,-0.19517773845422887,-0.4347015513594548
-1.2553375983612405,415,1,0,-0.5831425816831967,-0.47889845364814093,0.3832691784277559,0.6259953129848271,-0.7620810001574491,0.26173028577467333,-0.4334947578270835,1.3774062769806965,-0.19517773845422887,-1.1962329461814414
1.0440011427242848,415,0,1,1.643857628757289,-0.4715204832306663,-1.2576537399354886,-0.6831328380403354,-0.16159806849869215,1.3602467699375802,-0.898519491610618,0.2033661279280347,0.21438814578240092,-0.4347015513594548
-1.4827447266004683,415,0,0,-0.5831425816831967,2.2933739307179057,0.2838193045875593,0.6123382383839682,-2.3133285736092373,-1.0592456297688932,-1.260205395664478,-1.5754825827578174,-0.6047436226908586,-0.4347015513594548
1.2208733535770175,408,0,0,-0.5831425816831967,1.070475334021506,-1.0587539922550953,-0.16416400320770774,0.33880437455027185,0.12786089343940907,0.5482241246048224,-0.4014424337051553,1.8526516827289201,-1.1962329461814414
0.36177975800660134,510,0,1,0.45612418318903014,0.2349201842425182,-0.7106794338144069,-2.1873620547920503,-0.511879778632967,0.5609677509946769,1.0132488583883568,0.09663520528688338,-0.6047436226908586,0.32682984346253174
-0.06776703977860665,415,0,0,-0.5831425816831967,-0.3092051340462269,-1.7549031091364715,-0.30853879184535615,0.43888486316006464,0.36606966509480626,0.18653822055096225,-1.5043286343303832,-0.6047436226908586,0.32682984346253174
-1.760686772226191,415,0,0,-0.5831425816831967,-0.24833687810206248,0.23409436766746095,-2.370757056575009,-0.3617590457182778,0.2518869481029627,-0.12347826863806065,0.8793286379886579,-1.0143095069274886,-0.4347015513594548
0.10910517107412605,415,1,0,-0.5831425816831967,-0.5453001874054114,0.2838193045875593,1.814160803259528,1.1394482834286144,0.9802939358095494,-1.8285689591776866,0.025481256859449554,1.0335199142556606,1.0883612382845183
-0.34570908540432943,408,0,0,-0.5831425816831967,1.0630973636040315,1.1788681691493288,0.4250412152864786,-0.6620005115476563,-0.5434547357712559,-1.0018583213402923,0.27452007635546855,-0.6047436226908586,-0.4347015513594548
1.2208733535770175,415,0,0,-0.5831425816831967,-0.43463063114329376,-2.2024275414173564,-2.825342539717875,0.7891665732943395,-0.7403214892054686,0.18653822055096225,-0.4725963821325891,1.4430857984922902,-1.1962329461814414
1.4230130231229976,510,0,0,-0.5831425816831967,-0.2022245629928468,-1.4565534876158817,0.08361435026501286,-2.6135700394386157,-0.4942380474127027,-0.6401724172864321,-1.5399056085441003,-1.0143095069274886,1.0883612382845183
1.3724781057365025,408,0,1,1.643857628757289,-2.1758316496672783,0.13464449382726434,1.059119678897772,0.48892510746496104,0.4920643872927024,-0.22681709836773498,0.7725977153475072,0.21438814578240092,-0.4347015513594548
1.2208733535770175,415,0,0,-0.5831425816831967,-1.1134039095509485,-0.6112295599742104,-0.6343575716086975,0.48892510746496104,0.07470687001217131,0.9615794435235195,0.7014437669200727,0.6239540300190308,1.8498926331065049
-0.4720463788705671,408,0,0,-0.5831425816831967,-0.4715204832306663,0.33354424150765755,-2.0761544473279154,0.6890860846845467,1.7067322559817948,-0.27848651323257206,-0.045672691567984904,1.0335199142556606,-0.4347015513594548
0.21017500584711615,415,1,1,1.3469242673652244,0.6941988427303061,1.875017286030705,-1.079188001465236,0.5389653517698575,1.5708941961121874,-1.260205395664478,-0.3302884852777208,-0.6047436226908586,-1.1962329461814414
-0.6236511310300523,415,0,0,-0.5831425816831967,0.45441480416238444,-0.014530316933030606,1.7907486753723418,1.940092192306957,0.8542992136116538,0.23820763541579942,0.09663520528688338,-1.0143095069274886,-1.1962329461814414
-0.42151146148407204,408,0,1,2.2377243515414187,0.2478316324730984,0.2838193045875593,-0.921156138226729,0.28876413024537545,1.1712546866407356,-0.6918418321512693,-1.0062509953383447,0.21438814578240092,0.32682984346253174
0.6902567210188192,408,0,0,-0.5831425816831967,-0.382984838220972,-1.2576537399354886,1.2483677126525277,-0.4618395343280706,1.3602467699375802,-1.2085359807996408,-0.9350970469109109,1.0335199142556606,-0.4347015513594548
-0.14356941585834926,415,0,0,-0.5831425816831967,-2.031961226526525,-1.0587539922550953,-0.1953801737239559,0.43888486316006464,0.37394433523217485,0.08319939082128797,-0.4725963821325891,0.21438814578240092,-1.1962329461814414
-1.2553375983612405,415,0,0,-0.5831425816831967,0.017270056927019963,-0.6112295599742104,-1.289897152449912,0.08860315302578986,-0.5946400916641517,-0.1751476835028978,-0.08124966578170181,-0.6047436226908586,0.32682984346253174
0.05857025368763099,415,0,1,1.9407909901493539,-0.7518833590946974,-1.009029055334997,-1.1474733744695291,0.38884461885516824,-0.33674464466533266,-1.2085359807996408,0.5591358700652052,1.0335199142556606,-0.4347015513594548
-0.14356941585834926,510,0,0,-0.5831425816831967,0.08551628328865897,-0.26315500153352217,-0.37487315419238393,0.03856290872089345,-1.1320863285395517,0.6515629543344966,0.9149056122023754,-0.19517773845422887,0.32682984346253174
-1.861756606999181,408,0,0,-0.5831425816831967,-1.7884882027498663,0.23409436766746095,0.06215323303509227,-0.06151757988889935,0.45859703920888595,1.116587688118031,-0.4014424337051553,-0.19517773845422887,-0.4347015513594548
-0.14356941585834926,415,0,0,-0.5831425816831967,0.34743423310900434,0.6318938630282475,0.6845256327027928,2.190293413831439,2.4548259190318027,-0.07180885377322349,-0.045672691567984904,-0.6047436226908586,-1.1962329461814414
1.5746177752824828,408,0,0,-0.5831425816831967,0.32161133664784347,0.43299411534785415,0.034839083833374904,1.3896495049530964,0.1081742180959878,-1.0535277362051294,-0.4014424337051553,2.26221756696555,-0.4347015513594548
-0.1688368745515968,415,0,0,-0.5831425816831967,1.3471492246768002,0.18436943074736264,-0.6207004970078391,1.2395287720384072,-0.590702756595467,0.2898770502806366,0.31009705056918546,1.0335199142556606,0.32682984346253174
-0.9773955527355177,408,0,0,-0.5831425816831967,-0.12475587360936413,0.03519461998706771,0.07776131829321664,-0.16159806849869215,0.7853958499096794,-0.5368335875567578,-0.4014424337051553,1.4430857984922902,0.32682984346253174
-0.1941043332448443,415,0,0,-0.5831425816831967,0.19618583955077662,-1.6057282983761765,1.1976414355636238,-1.8129261305602733,-1.3958877781413968,-0.4334947578270835,-0.508173356346306,-0.19517773845422887,-1.1962329461814414
1.4735479405094927,415,0,0,-0.5831425816831967,1.7750715088903222,0.13464449382726434,-0.22074331226840788,0.38884461885516824,0.4526910366058599,-0.3818253429622464,-1.0062509953383447,0.21438814578240092,0.32682984346253174
0.9429313079512944,510,0,1,0.9757575656251434,-2.9523630361064703,2.4219915921517865,-1.1689344916994495,0.43888486316006464,-0.41746001357336027,0.5482241246048224,-0.8283661242697595,-1.4238753911641184,-1.1962329461814414
1.145070977497275,408,1,0,-0.5831425816831967,-0.35900643436418017,-1.854352982976668,0.14799770195477518,0.5890055960747539,-0.4588020317945448,-0.12347826863806065,-0.3658654594914384,-0.6047436226908586,0.32682984346253174
-0.11830195716510171,408,0,0,-0.5831425816831967,0.33452278487842363,-1.6057282983761765,0.9693731886635583,-2.3633688179141337,-0.38793000055822835,-1.7252301294480124,0.09663520528688338,-0.6047436226908586,1.0883612382845183
-0.04249958108535913,408,0,0,-0.5831425816831967,-0.8090626298301253,0.33354424150765755,0.14799770195477518,0.13864339733068626,0.15935957398888298,-0.27848651323257206,-0.508173356346306,-0.6047436226908586,4.134486817572465
0.3112448406201063,510,0,0,-0.5831425816831967,1.2125012645578908,0.3832691784277559,1.1527681904465166,1.9901324366118534,0.06683219987480327,0.754901784064171,0.16778915371431719,-1.0143095069274886,1.0883612382845183
-0.42151146148407204,408,1,0,-0.5831425816831967,2.210371763521317,-1.4565534876158817,-2.710232910939209,-0.6119602672427599,-0.0788491976665142,-0.588503002421595,-1.2908667890480812,1.0335199142556606,0.32682984346253174
1.2208733535770175,408,0,0,-0.5831425816831967,0.1482290318371924,-0.8598542445747018,0.01142695594618891,-0.9622419773770347,1.2460640529457365,-1.1051971510699665,-0.508173356346306,-1.4238753911641184,-0.4347015513594548
0.7407916384053143,415,0,0,-0.5831425816831967,-0.5379222169879367,0.9302434845488372,0.5791710572104546,-0.06151757988889935,-0.28752795630677946,-1.260205395664478,0.7370207411337902,-0.19517773845422887,-0.4347015513594548
-0.24463925063133934,510,0,1,1.4211576077132406,0.46179277457985907,-0.21343006461342384,-1.2645340139054602,-0.3617590457182778,0.18888958700401487,-0.9501889064754551,-1.2908667890480812,-1.0143095069274886,1.0883612382845183
-0.1941043332448443,415,0,0,-0.5831425816831967,-0.06388761766519975,0.13464449382726434,-0.021740225227325237,1.4897299935628892,1.24015805034271,-0.22681709836773498,-0.6149042789874574,0.6239540300190308,0.32682984346253174
1.0187336840310373,510,0,1,1.1242242463211758,-0.5508336652185175,0.5821689261081491,-0.7475161897300978,0.8892470619041323,0.3818190053695435,0.754901784064171,-0.9350970469109109,-1.0143095069274886,1.0883612382845183
0.968198766644542,415,0,0,-0.5831425816831967,0.24414264726436136,0.18436943074736264,0.65526047284381,-0.21163831280358855,0.04517685699703943,0.031529975956450816,0.9860595606298093,-0.6047436226908586,1.0883612382845183
-0.9773955527355177,408,0,0,-0.5831425816831967,0.05047092380565546,0.03519461998706771,2.485308469358866,-0.3617590457182778,0.8680798863520485,1.5816124219015655,0.3456740247829024,-1.4238753911641184,0.32682984346253174
0.13437262976737357,415,0,0,-0.5831425816831967,0.5300390009414986,-0.5615046230541121,-0.6128964543787769,-1.662805397645584,-1.947114687757192,-0.5368335875567578,2.017791812827604,-0.19517773845422887,1.0883612382845183
-0.34570908540432943,415,0,0,-0.5831425816831967,-0.14688978486178797,0.9302434845488372,0.08166333960774746,0.33880437455027185,-0.5966087591984937,0.7032323691993339,1.270675354339546,-0.19517773845422887,-1.1962329461814414
0.968198766644542,510,0,1,1.1242242463211758,-0.4051187494733958,1.4274928537498202,0.9010878156592651,-0.21163831280358855,1.1476306762286304,0.5998935394696595,1.2350983801258284,-1.0143095069274886,-1.1962329461814414
0.7913265557918093,510,0,0,-0.5831425816831967,-1.07098057965047,-0.6112295599742104,1.0181484550951962,1.1894885277335108,-0.10247320807862005,1.0132488583883568,0.16778915371431719,-0.19517773845422887,-0.4347015513594548
0.5386519688593341,415,0,1,1.9407909901493539,-0.6117019211626818,0.18436943074736264,-2.167851948219395,0.13864339733068626,0.37591300276651685,-0.4851641726919207,1.911060890186452,-0.19517773845422887,0.32682984346253174
-0.1941043332448443,415,0,1,1.7923243094533214,-1.1558272394514268,0.9799684214689356,0.6162402596984996,-0.16159806849869215,-1.4411671314312655,0.5998935394696595,0.27452007635546855,1.8526516827289201,-1.1962329461814414
1.2714082709635124,510,0,0,-0.5831425816831967,-0.4272526607258192,0.3832691784277559,0.6357503662711548,0.8892470619041323,-0.10247320807862005,2.0983065705499366,-0.8995200726971936,0.6239540300190308,1.8498926331065049
0.6144543449390766,408,0,0,-0.5831425816831967,-1.3550324407232388,-0.26315500153352217,-0.8431157119361083,0.6390458403796503,-0.16547056917756786,-1.6218912997183381,-0.7572121758423257,-0.6047436226908586,-0.4347015513594548
-0.9268606353490226,510,0,1,2.1634910111934027,-0.4604535276044547,-0.41232981229381704,-2.2907656196271224,0.13864339733068626,-0.6891361333125734,-0.07180885377322349,1.0927904832709607,-0.6047436226908586,-0.4347015513594548
0.6649892623255717,415,0,1,1.1242242463211758,0.04493744599254937,-1.009029055334997,0.2982255225642199,-0.7620810001574491,-0.8663162114033647,-0.9501889064754551,-0.15240361420913565,-0.19517773845422887,-0.4347015513594548
1.928362196987948,415,0,0,-0.5831425816831967,-0.07126558808267436,0.9799684214689356,-0.6285045396369013,-0.511879778632967,-0.039475846979671665,0.4965547097399852,1.5552911480492817,-0.19517773845422887,-0.4347015513594548
0.7913265557918093,415,0,0,-0.5831425816831967,-1.7737322619149172,0.4827190522679525,0.6123382383839682,1.8400117036971642,-1.067120299906262,0.7032323691993339,-0.9350970469109109,0.21438814578240092,-0.4347015513594548
-0.37097654409757697,510,0,0,-0.5831425816831967,-1.6003499571042663,-0.41232981229381704,-0.8040954987907979,-0.6620005115476563,-1.0277469492194193,0.754901784064171,-0.508173356346306,0.21438814578240092,-0.4347015513594548
0.8165940144850569,408,0,0,-0.5831425816831967,1.8027388979558516,1.875017286030705,0.5381998334078789,0.8392068175992359,-1.6459085550028467,0.1348688056861251,0.9149056122023754,-0.19517773845422887,0.32682984346253174
-1.1542677635882503,415,0,0,-0.5831425816831967,-0.8773088561917644,0.13464449382726434,1.5371172899278245,0.6890860846845467,-0.4115540109703337,-1.3635442253941523,1.1639444316983945,-0.19517773845422887,-1.1962329461814414
-0.4720463788705671,510,0,1,1.9407909901493539,0.9782507038030748,1.0296933583890338,-0.9289601808557912,0.7391263289894431,1.689014248172715,-1.2085359807996408,-1.9668292991087046,-0.6047436226908586,1.0883612382845183
0.6649892623255717,510,0,1,1.2726909270172082,0.4470368337449103,0.8805185476287389,1.2932409577696347,-2.6135700394386157,0.4763150470179652,0.23820763541579942,-1.0418279695520618,0.21438814578240092,-1.1962329461814414
2.3579089947731564,408,0,0,-0.5831425816831967,-0.31842759706807006,-0.6112295599742104,0.25140126678984737,0.8892470619041323,-0.17334523931493648,-1.0018583213402923,0.23894310214175163,-1.0143095069274886,-1.1962329461814414
-0.6741860484165474,408,0,0,-0.5831425816831967,-0.414341212495239,-0.26315500153352217,0.2396952028462543,-3.214052971097373,1.5649881935091607,-1.2085359807996408,-0.9350970469109109,-0.6047436226908586,0.32682984346253174
0.21017500584711615,415,1,0,-0.5831425816831967,1.638579056167043,-0.7604043707345053,-0.9796864579446946,1.5397702378677856,1.9095050120190329,-0.8468500767457807,-0.1879805884228532,1.4430857984922902,0.32682984346253174
0.48811705147283896,415,0,1,1.7180909691053052,-0.48074294625250946,-0.8598542445747018,0.35675584228218543,-0.21163831280358855,0.718461153742047,-1.260205395664478,0.4168279732103368,-0.19517773845422887,-1.1962329461814414
0.5639194275525815,408,0,0,-0.5831425816831967,-0.3700733899903918,-1.1582038660952918,2.00926186898608,-0.4117992900231742,0.5117510626361237,1.0132488583883568,0.6302898184926389,-0.19517773845422887,-1.1962329461814414
0.7660590970985618,415,0,1,1.643857628757289,-0.10262196235694082,0.8805185476287389,0.08751637157954424,-0.9622419773770347,0.3404769871483584,-0.5368335875567578,-1.255289814834364,-0.6047436226908586,-0.4347015513594548
-0.34570908540432943,510,0,0,-0.5831425816831967,1.4135509584340706,0.23409436766746095,-0.7826343815608774,0.08860315302578986,0.9547012578631021,-1.0535277362051294,-1.0062509953383447,-1.0143095069274886,1.8498926331065049
-2.1144311939316567,415,0,0,-0.5831425816831967,-0.33318353790301924,1.1291432322292305,0.26115632007617495,-0.9622419773770347,2.246147160391537,0.2898770502806366,-0.5793273047737405,0.21438814578240092,-0.4347015513594548
-0.6994535071097949,415,0,0,-0.5831425816831967,-0.07679906589577992,1.4772177906699187,0.9225489328891857,0.23872388594047905,-1.545506510751398,-0.7951806618809436,0.7014437669200727,-0.19517773845422887,-1.1962329461814414
-0.09303449847185417,415,0,0,-0.5831425816831967,-0.2022245629928468,-0.6609544968943086,1.1391111158456582,0.23872388594047905,1.5531761883031088,1.1682571029828681,-1.0418279695520618,-0.19517773845422887,-0.4347015513594548
2.054699490454186,415,0,0,-0.5831425816831967,-1.3771663519756623,0.5324439891880508,-0.04515235311451123,0.9893275505139251,1.127944000885209,-0.4851641726919207,-0.7927891500560426,0.21438814578240092,0.32682984346253174
-0.6489185897232999,415,0,0,-0.5831425816831967,-1.047002175793678,-0.5615046230541121,0.20457701101547532,0.18868364163558266,1.190941361984157,-0.4851641726919207,0.16778915371431719,-1.0143095069274886,0.32682984346253174
-0.06776703977860665,408,0,1,1.643857628757289,-1.2775637513397564,-1.4565534876158817,-0.3592650689342595,0.38884461885516824,-0.33674464466533266,-0.6401724172864321,0.27452007635546855,1.4430857984922902,0.32682984346253174
0.08383771238087853,415,0,0,-0.5831425816831967,1.557421381574824,0.3832691784277559,-1.33867241888155,-1.262483443206413,-0.45683336426020277,-0.4851641726919207,0.13221217950060027,1.4430857984922902,1.0883612382845183
1.4230130231229976,408,0,0,-0.5831425816831967,0.9266049108807535,-0.5117796861340137,-1.0323637456908634,1.0393677948188216,0.797207855115732,0.3932158800103109,-0.2235575626365701,1.0335199142556606,1.0883612382845183
0.3870472166998489,510,0,0,-0.5831425816831967,-0.7777062555558584,1.2783180429895253,-1.5766957190679431,-0.3117188014133814,-1.38998177553837,-1.880238374042524,0.7725977153475072,-1.0143095069274886,1.0883612382845183
-0.8763257179625276,415,0,1,0.6045908638850624,-0.08971051412636064,-0.41232981229381704,0.6103872277267028,0.23872388594047905,2.0571550770946923,-0.12347826863806065,-0.4725963821325891,-1.0143095069274886,-0.4347015513594548
0.1596400884606211,415,0,0,-0.5831425816831967,0.9376718665069652,-1.7549031091364715,1.1039929240148787,-1.012282221681931,-1.8427753084370595,-0.6401724172864321,-0.6149042789874574,-0.6047436226908586,-0.4347015513594548
-2.316570863477637,408,0,1,1.7180909691053052,0.2625875733080476,1.4772177906699187,0.034839083833374904,-0.11155782419379576,-0.19106324712401573,0.08319939082128797,1.0927904832709607,-1.0143095069274886,-0.4347015513594548
1.928362196987948,408,0,0,-0.5831425816831967,-0.07679906589577992,-0.06425525385312891,-0.8879889570532149,-0.8621614887672419,-0.4233660161763863,-0.7435112470161065,0.45240494742405374,-0.6047436226908586,-0.4347015513594548
-0.1688368745515968,415,0,0,-0.5831425816831967,-1.3199870812402348,-1.0587539922550953,0.8015862721387238,2.59061536827061,1.0078552812903394,-0.4334947578270835,0.061058231073166463,-0.6047436226908586,1.0883612382845183
0.5133845101660865,510,0,1,1.4953909480612568,-1.2830972291528624,-0.31287993845362044,-1.1572284277558567,-1.2124431989015165,0.716492486207705,-0.6918418321512693,-1.362020737475515,-0.6047436226908586,0.32682984346253174
1.0692686014175323,408,0,0,-0.5831425816831967,-0.4438530941651369,0.03519461998706771,0.2455482348180511,-0.5619200229378634,0.7283044914137576,-2.0352466186370357,-0.9350970469109109,2.67178345120218,-0.4347015513594548
0.9176638492580469,510,0,0,-0.5831425816831967,-1.2867862143615996,0.9799684214689356,0.5791710572104546,-0.7120407558525527,1.0806959800609985,0.1348688056861251,0.594712844278922,0.6239540300190308,-0.4347015513594548
0.6902567210188192,415,0,0,-0.5831425816831967,0.6720649314778827,0.5324439891880508,-0.9192051275694636,0.7391263289894431,0.5137197301704657,-1.3635442253941523,0.8793286379886579,-0.19517773845422887,-0.4347015513594548
1.29667572965676,415,0,0,-0.5831425816831967,2.5497584027251454,-2.0035277937369633,-0.9348132128275874,-0.011477335584002954,-1.5258198354079768,-1.931907788907361,0.061058231073166463,1.0335199142556606,-0.4347015513594548
1.4988153992027402,415,0,1,1.569624288409273,-0.2760042671675919,1.0296933583890338,1.2093474995072173,0.38884461885516824,-1.5179451652706086,1.5816124219015655,1.7687529933315838,-0.19517773845422887,-0.4347015513594548
-0.24463925063133934,408,0,1,1.7180909691053052,1.7234257159680004,-1.1084789291751935,0.2865194586206269,-0.11155782419379576,-1.8939606643299547,0.7032323691993339,-0.2235575626365701,-1.0143095069274886,-0.4347015513594548
-0.8005233418827851,510,0,0,-0.5831425816831967,0.2699655437255217,1.0794182953091322,0.8054882934532547,-0.9622419773770347,0.2932289663241478,-1.0535277362051294,-0.1879805884228532,-0.6047436226908586,0.32682984346253174
0.6397218036323241,408,0,0,-0.5831425816831967,2.6143156438780473,-0.06425525385312891,-0.6421616142377596,-0.3617590457182778,-0.1438152262998046,0.2898770502806366,-0.7927891500560426,-0.19517773845422887,-0.4347015513594548
2.2315717013069185,510,0,0,-0.5831425816831967,0.7440001430482593,-1.009029055334997,-1.122110235925077,0.8392068175992359,-1.3840757729353441,-1.6218912997183381,0.5235588958514875,1.0335199142556606,-0.4347015513594548
-0.6489185897232999,415,0,0,-0.5831425816831967,2.49073463938535,0.08491955690716602,-0.6050924117497147,-0.7120407558525527,1.6575155676232416,-0.02013943890838634,-1.6110595569715345,-0.6047436226908586,0.32682984346253174
0.3112448406201063,415,0,0,-0.5831425816831967,0.5503284195895535,2.521441465991983,2.85795150489658,0.6390458403796503,0.8877665616954697,0.8065711989290081,-1.0062509953383447,-1.0143095069274886,-0.4347015513594548
-0.14356941585834926,415,1,0,-0.5831425816831967,-0.2594038337282742,-0.8101293076546036,1.6658839933073482,0.5890055960747539,-0.039475846979671665,-0.588503002421595,0.45240494742405374,-1.0143095069274886,-0.4347015513594548
0.2354424645403637,408,0,0,-0.5831425816831967,0.24045366205562377,0.08491955690716602,-0.4275504419385527,0.8892470619041323,0.2696049559120419,-1.3635442253941523,-0.2947115110640039,-0.19517773845422887,-0.4347015513594548
0.33651229931335386,408,0,1,0.827290884929111,-0.4604535276044547,-0.014530316933030606,0.795733240166927,0.43888486316006464,-0.805287517838759,0.5998935394696595,0.843751663774941,-1.4238753911641184,1.0883612382845183
0.48811705147283896,510,0,1,1.4211576077132406,-0.48074294625250946,-0.8101293076546036,-0.13294783269145957,-1.3625639318162057,1.0944766528013932,-0.33015592809740923,-0.010095717354267989,1.0335199142556606,2.6114240279284915
-1.1795352222814979,408,0,0,-0.5831425816831967,-0.3645399121772857,-0.06425525385312891,1.2327596273944033,-1.8129261305602733,-1.6774072355523206,-1.570221884853501,-0.1879805884228532,1.0335199142556606,0.32682984346253174
0.008035336301135934,415,0,0,-0.5831425816831967,0.49868262666723157,0.23409436766746095,0.4699144604035857,0.8392068175992359,0.9645445955348128,-0.02013943890838634,1.5552911480492817,-0.6047436226908586,-1.1962329461814414
0.8923963905647994,415,0,1,1.7180909691053052,-0.6725701771068467,-0.6112295599742104,0.6981827073036512,-1.762885886255377,0.529469070445203,1.0132488583883568,0.4168279732103368,0.21438814578240092,0.32682984346253174
0.26070992323361125,510,0,0,-0.5831425816831967,-0.05835413985209366,-1.9040779198967663,0.003622913317126725,1.1894885277335108,-0.994279601135603,1.9432983259554255,0.3456740247829024,-1.0143095069274886,-1.1962329461814414
1.4988153992027402,408,0,0,-0.5831425816831967,-0.23542542987148177,0.43299411534785415,0.6864766433600581,0.8392068175992359,2.10046576285022,-1.2085359807996408,-0.3302884852777208,-1.4238753911641184,-0.4347015513594548
-0.11830195716510171,415,0,1,2.3861910322374515,-1.3089201256140233,-0.5117796861340137,0.10897748880946483,2.690695856880403,-1.4687284769120554,0.9099100286586824,1.1283674574846776,-0.19517773845422887,-1.1962329461814414
0.03330279499438346,415,0,0,-0.5831425816831967,-0.6485917732500543,-0.6609544968943086,1.2815348938260411,1.3896495049530964,0.3286649819423057,-2.13858544836671,-1.112981917979496,1.0335199142556606,-1.1962329461814414
0.7660590970985618,415,0,1,1.198457586669192,-0.8053736446213877,-2.0035277937369633,0.6318483449566235,-1.1123627102917237,0.1908582545383569,1.0649182732531939,-0.2947115110640039,-0.19517773845422887,-0.4347015513594548
1.9788971143744432,510,0,0,-0.5831425816831967,-1.1705831802863762,0.03519461998706771,0.019230998575251092,-0.06151757988889935,-0.37414932781783317,0.1348688056861251,0.48798192163777065,0.21438814578240092,-1.1962329461814414
0.9176638492580469,415,1,0,-0.5831425816831967,-0.820129585456337,-0.26315500153352217,-1.3016032163935052,0.08860315302578986,0.4369416963311227,-1.0018583213402923,0.7370207411337902,-1.0143095069274886,0.32682984346253174
-0.11830195716510171,415,0,1,1.8665576498013376,0.06891584984934175,0.731343736868444,0.01142695594618891,-0.6620005115476563,-0.4627393668632288,-0.8468500767457807,0.061058231073166463,4.310046988148699,1.0883612382845183
-0.6741860484165474,510,1,0,-0.5831425816831967,-0.9916673976626192,0.13464449382726434,0.13434062735391622,-0.21163831280358855,0.12786089343940907,2.201645400279611,1.3774062769806965,-0.19517773845422887,-0.4347015513594548
0.1596400884606211,510,0,1,1.643857628757289,0.3566566961308475,-0.6609544968943086,0.12068355275305782,-0.511879778632967,-0.809224852907443,-1.260205395664478,0.843751663774941,-0.19517773845422887,1.0883612382845183
-0.9773955527355177,415,0,0,-0.5831425816831967,1.8709851243174906,-1.7051781722163732,-0.7845853922181427,0.38884461885516824,-2.4215635635336445,-1.3635442253941523,-3.6389470871534053,-1.833441275400748,-0.4347015513594548
-2.4681756156371217,415,0,0,-0.5831425816831967,0.1002722241236082,0.9799684214689356,0.056300201063295495,1.4396897492579928,-0.5985774267328356,-0.588503002421595,1.3774062769806965,-0.6047436226908586,1.0883612382845183
-1.0531979288152602,510,0,1,1.569624288409273,-0.8570194375437095,0.6816187999483457,0.3977270660847612,-0.9122017330721383,-1.3643890975919228,0.1348688056861251,-1.219712840620647,-0.6047436226908586,-0.4347015513594548
1.145070977497275,408,0,1,0.827290884929111,-0.05466515464335661,-0.6112295599742104,-0.7436141684155669,-1.7128456419504805,0.2873229637211212,-0.12347826863806065,1.5552911480492817,0.6239540300190308,-0.4347015513594548
0.36177975800660134,408,0,0,-0.5831425816831967,1.631201085749569,0.731343736868444,-0.921156138226729,0.28876413024537545,0.6180591094905986,-1.8285689591776866,2.409138529178491,-1.4238753911641184,1.0883612382845183
0.8923963905647994,510,0,0,-0.5831425816831967,-1.294164184779074,-0.46205474921391537,0.1304386060393854,0.5389653517698575,-1.2974544014242904,0.34154646514547377,0.48798192163777065,0.21438814578240092,-1.1962329461814414
-1.0784653875085077,510,0,0,-0.5831425816831967,1.018829541099185,-0.5615046230541121,-1.8342291258269916,1.5397702378677856,-0.44108402398546553,1.116587688118031,-0.11682663999541872,0.6239540300190308,-1.1962329461814414
-0.04249958108535913,415,0,0,-0.5831425816831967,-0.6061684433495763,-1.8046280460565698,1.427860693120955,-0.06151757988889935,2.3701732150550914,-0.12347826863806065,-0.4725963821325891,-1.4238753911641184,1.0883612382845183
-1.4069423505207257,408,0,0,-0.5831425816831967,0.5171275527109179,-1.4565534876158817,-0.9387152341421188,-0.3117188014133814,0.3326023170109903,1.2715959327125426,0.7725977153475072,3.4909152196754394,-0.4347015513594548
-1.0784653875085077,408,0,1,0.9015242252771272,0.27549902153862776,0.4827190522679525,0.25140126678984737,-0.5619200229378634,0.7027118134673097,-0.4334947578270835,-0.25913453685028703,-1.0143095069274886,-0.4347015513594548
0.33651229931335386,408,0,0,-0.5831425816831967,0.2478316324730984,0.03519461998706771,0.9596181353772307,-0.9622419773770347,-1.3309217495081063,-1.1051971510699665,-0.2235575626365701,-1.0143095069274886,0.32682984346253174
-0.8005233418827851,415,0,0,-0.5831425816831967,0.07076034245371027,-0.7604043707345053,0.7176928138763063,-0.011477335584002954,0.533406405513887,-0.33015592809740923,-0.43701940791887217,0.21438814578240092,1.0883612382845183
-1.7859542309194385,415,0,1,1.643857628757289,0.6978878279390436,-1.3073786768555868,0.2533522774471133,-0.7120407558525527,0.5176570652391498,0.18653822055096225,-1.2908667890480812,-0.6047436226908586,-1.1962329461814414
-1.4322098092139732,510,0,0,-0.5831425816831967,2.0019440992276634,0.5821689261081491,1.1156989879584722,-0.4117992900231742,-0.16743923671190988,-0.5368335875567578,-0.010095717354267989,-0.19517773845422887,1.0883612382845183
-0.4973138375638146,415,0,0,-0.5831425816831967,-0.9160432008835053,1.0296933583890338,0.5713670145813925,0.23872388594047905,-1.1891776870354736,1.1682571029828681,1.0927904832709607,-0.6047436226908586,-1.1962329461814414
-1.4827447266004683,415,0,0,-0.5831425816831967,-1.611416912730478,0.3832691784277559,0.20262600035820935,0.9893275505139251,-1.413605785950476,-1.4152136402589894,1.0216365348435261,0.6239540300190308,-0.4347015513594548
0.6144543449390766,415,0,0,-0.5831425816831967,-0.8809978414005013,-0.16370512769332554,-1.2508769393046018,-0.011477335584002954,2.112277768056272,0.9615794435235195,-0.8995200726971936,0.6239540300190308,0.32682984346253174
0.7155241797120667,415,0,0,-0.5831425816831967,0.6720649314778827,-0.7604043707345053,-0.27146958935731125,0.6890860846845467,0.1928269220726989,0.44488529487514805,-1.8956753506812707,2.26221756696555,0.32682984346253174
-1.2048026809747454,415,0,0,-0.5831425816831967,0.47101523760170216,-0.7106794338144069,-0.7865364028754082,-0.261678557108485,-1.011997608944682,2.1499759854147737,0.16778915371431719,-1.0143095069274886,1.0883612382845183
-0.9268606353490226,510,0,0,-0.5831425816831967,0.7310886948176786,-1.3571036137756851,-0.6597207101531495,-1.762885886255377,-0.777726172357969,0.9615794435235195,-0.08124966578170181,0.21438814578240092,-0.4347015513594548
-0.24463925063133934,510,0,0,-0.5831425816831967,-1.2867862143615996,-0.014530316933030606,-0.21879230161114246,0.18868364163558266,0.11408022069901384,-0.7951806618809436,0.31009705056918546,-0.6047436226908586,-0.4347015513594548
-1.0784653875085077,408,0,0,-0.5831425816831967,-0.2612483263326427,-0.014530316933030606,-1.6605891773303603,-0.6620005115476563,-0.13987789123112002,0.9099100286586824,0.9149056122023754,0.21438814578240092,0.32682984346253174
0.18490754715386862,415,0,0,-0.5831425816831967,-1.4122117114586663,1.4274928537498202,0.809390314767786,0.13864339733068626,-0.6044834293358623,-0.588503002421595,-0.8283661242697595,-0.6047436226908586,-0.4347015513594548
-0.9521280940422702,415,0,0,-0.5831425816831967,0.5945962420944005,-0.8101293076546036,0.5869750998395168,1.8400117036971642,0.3188216442705951,-0.07180885377322349,0.16778915371431719,1.8526516827289201,1.0883612382845183
-0.11830195716510171,415,0,0,-0.5831425816831967,-0.35716194175981164,0.8307936107086407,1.3010450003986964,-1.662805397645584,0.5432497431855976,-1.6735607145831752,-0.3302884852777208,0.21438814578240092,0.32682984346253174
-0.5225812962570623,510,0,0,-0.5831425816831967,0.42121393728374945,0.8805185476287389,1.1586212224183134,-1.662805397645584,-0.4627393668632288,0.5998935394696595,-0.3658654594914384,0.21438814578240092,1.0883612382845183
-2.1144311939316567,408,0,1,2.0150243304973703,0.3492787257133729,1.1291432322292305,1.3615263307739278,-1.3125236875113093,0.17707758179796224,1.5299430070367284,-0.7572121758423257,2.26221756696555,-0.4347015513594548
0.968198766644542,510,0,0,-0.5831425816831967,1.0520304079778198,0.43299411534785415,-0.6031414010924493,0.33880437455027185,0.22432560262217338,0.9099100286586824,0.31009705056918546,-1.0143095069274886,-0.4347015513594548
0.8671289318715518,415,0,0,-0.5831425816831967,-0.5139438131311449,-0.9095791814948001,-1.5962058256405982,0.23872388594047905,-0.4115540109703337,-0.02013943890838634,0.09663520528688338,0.6239540300190308,-1.1962329461814414
-0.6741860484165474,415,0,0,-0.5831425816831967,-0.13766732183994485,0.23409436766746095,0.21238105364453694,-0.06151757988889935,-0.3682433252148071,0.23820763541579942,0.48798192163777065,0.6239540300190308,-0.4347015513594548
0.9176638492580469,415,0,1,1.0499909059731596,0.18511888392456496,-2.8985766582987327,-0.4255994312812873,1.8400117036971642,-0.41942868110770226,1.3232653475773797,0.4168279732103368,0.21438814578240092,0.32682984346253174
0.2859773819268588,510,0,0,-0.5831425816831967,0.1814298987158279,-0.8598542445747018,0.35480483162492005,-0.5619200229378634,-0.6477941150913888,0.8065711989290081,-1.112981917979496,1.4430857984922902,1.0883612382845183
-0.85105825926928,510,0,0,-0.5831425816831967,-0.49918787229619577,1.526942727590017,1.0064423911516032,0.33880437455027185,-0.30524596411585875,0.18653822055096225,-1.8956753506812707,-0.6047436226908586,0.32682984346253174
-0.1688368745515968,415,0,0,-0.5831425816831967,0.19987482475951418,-0.46205474921391537,-2.122978703102288,0.33880437455027185,0.47040904441493914,0.3932158800103109,1.1995214059121113,5.129178756621958,0.32682984346253174
0.008035336301135934,510,0,0,-0.5831425816831967,-1.58190503106058,1.3280429799096236,-0.9913925218882875,0.18868364163558266,0.7913018525127055,0.8065711989290081,0.16778915371431719,-1.0143095069274886,-0.4347015513594548
1.8525598209082055,408,0,1,1.8665576498013376,-0.21698050382779552,-0.46205474921391537,0.08751637157954424,-0.4618395343280706,-1.3958877781413968,1.6332818367664026,1.5197141738355648,-0.19517773845422887,1.8498926331065049
-0.34570908540432943,510,0,0,-0.5831425816831967,0.18327439132019643,0.6318938630282475,0.07971232895048205,-0.011477335584002954,0.4093803508503328,-0.3818253429622464,1.1283674574846776,-0.6047436226908586,-0.4347015513594548
-1.4069423505207257,510,0,0,-0.5831425816831967,-0.3645399121772857,-0.46205474921391537,-1.568891676438881,-0.7120407558525527,-0.7462274918084951,-0.3818253429622464,0.13221217950060027,-0.6047436226908586,0.32682984346253174
-0.24463925063133934,415,0,1,0.9015242252771272,-0.6172353989757879,-0.11398019077322721,1.4941950554679821,0.18868364163558266,-1.2443003779970532,-0.02013943890838634,-1.4331746859029493,-0.6047436226908586,-0.4347015513594548
-1.1542677635882503,408,0,0,-0.5831425816831967,1.9576762767228157,1.1788681691493288,0.5869750998395168,0.28876413024537545,0.5865604289411241,2.0466371556850995,1.6264450964767163,1.0335199142556606,-1.1962329461814414
-0.34570908540432943,510,0,0,-0.5831425816831967,-1.1834946285169563,-0.5117796861340137,1.2054454781926864,-1.6127651533406877,0.8818605590924431,-1.6218912997183381,1.0216365348435261,0.21438814578240092,0.32682984346253174
-0.2951741680178344,408,0,0,-0.5831425816831967,0.323455829252212,0.4827190522679525,-0.6811818273830701,0.7391263289894431,0.5196257327734923,0.2898770502806366,0.9149056122023754,-0.6047436226908586,-0.4347015513594548
-1.1542677635882503,415,0,0,-0.5831425816831967,1.216190249766628,1.4772177906699187,-0.15831097123591154,-2.3133285736092373,-1.165553676623368,-0.898519491610618,-0.4014424337051553,-0.19517773845422887,-0.4347015513594548
1.1703384361905225,408,0,0,-0.5831425816831967,-0.2022245629928468,-0.41232981229381704,-0.2558615040991874,0.33880437455027185,0.30700963906454243,-0.27848651323257206,1.484137199621848,1.4430857984922902,0.32682984346253174
-0.9268606353490226,415,0,0,-0.5831425816831967,0.491304656249757,-1.20792880301539,0.6162402596984996,-1.2124431989015165,0.9980119436186287,-0.22681709836773498,1.1995214059121113,-1.0143095069274886,-0.4347015513594548
-0.5983836723368048,415,0,0,-0.5831425816831967,-0.6873261179417954,0.5821689261081491,2.0580371354177176,0.5389653517698575,-0.08672386780388282,-0.9501889064754551,-0.11682663999541872,-1.4238753911641184,-0.4347015513594548
0.008035336301135934,415,0,0,-0.5831425816831967,1.6625574600238355,-0.7604043707345053,0.1323896166966508,-0.7120407558525527,0.26173028577467333,0.34154646514547377,-2.037983247536139,4.310046988148699,1.0883612382845183
0.5386519688593341,510,1,0,-0.5831425816831967,-0.7297494478422741,0.03519461998706771,-0.086123576917087,-1.1624029545966201,-1.5907858640412673,1.6849512516312397,-0.1879805884228532,-0.19517773845422887,1.8498926331065049
2.635851040398879,510,0,1,1.198457586669192,-0.06942109547830531,1.9247422229508033,-0.8938419890250117,-0.11155782419379576,-0.397773338229939,-1.880238374042524,-0.8639430984834767,0.21438814578240092,0.32682984346253174
-0.2951741680178344,415,0,1,2.0150243304973703,-0.0952439919394662,0.3832691784277559,-0.08027054494529078,-0.011477335584002954,-1.447073134034292,-1.3635442253941523,0.5591358700652052,-0.6047436226908586,-0.4347015513594548
-1.0279304701220127,415,1,0,-0.5831425816831967,0.06338237203623565,0.4827190522679525,0.11483052078126105,-0.3617590457182778,0.056988862203092634,0.9615794435235195,0.31009705056918546,0.6239540300190308,-0.4347015513594548
0.5133845101660865,408,1,0,-0.5831425816831967,-0.21882499643216455,-0.31287993845362044,-2.0898115219287745,1.0393677948188216,0.79523918758139,0.754901784064171,1.1283674574846776,-1.4238753911641184,1.0883612382845183
-1.6596169374532008,415,0,0,-0.5831425816831967,1.498397618235028,-0.6609544968943086,1.1176499986157382,-1.1123627102917237,-1.3702951001949488,1.1682571029828681,-1.5754825827578174,-1.0143095069274886,-0.4347015513594548
1.145070977497275,415,0,0,-0.5831425816831967,0.49314914885412603,2.521441465991983,-1.018706671090005,-0.5619200229378634,-0.663543455366126,-0.4851641726919207,-1.4687516601166664,-0.6047436226908586,-0.4347015513594548
1.19560589488377,415,0,0,-0.5831425816831967,-0.02330878036908963,-0.11398019077322721,1.59564760964579,0.48892510746496104,-0.3918673356269124,-0.12347826863806065,0.4168279732103368,-0.19517773845422887,-0.4347015513594548
0.18490754715386862,415,0,1,2.0150243304973703,-0.18009065174042296,1.7755674121905083,-0.5290029961163599,0.03856290872089345,0.2696049559120419,0.23820763541579942,-0.25913453685028703,1.0335199142556606,0.32682984346253174
-0.5225812962570623,415,0,0,-0.5831425816831967,-1.2240734658130663,-0.7106794338144069,-0.29878373855902857,-0.16159806849869215,0.716492486207705,2.3049842300092855,-0.25913453685028703,0.21438814578240092,-0.4347015513594548
0.5386519688593341,415,0,1,2.1634910111934027,-0.30551614883748984,0.33354424150765755,2.1848528281399764,0.8892470619041323,-0.01782050410190839,-0.7951806618809436,0.48798192163777065,0.21438814578240092,-0.4347015513594548
-0.09303449847185417,415,0,1,2.6088910532815,-1.078358550067945,0.23409436766746095,1.1586212224183134,0.7391263289894431,0.423161023590728,-0.02013943890838634,-0.6860582274148912,0.21438814578240092,1.0883612382845183
0.7407916384053143,415,0,0,-0.5831425816831967,0.06338237203623565,0.5821689261081491,-2.495621738640002,-0.06151757988889935,-0.37611799535217516,-1.1568665659348036,-0.25913453685028703,5.948310525095218,-1.1962329461814414
0.21017500584711615,415,0,0,-0.5831425816831967,0.08367179068429045,2.123641970631197,0.21238105364453694,0.23872388594047905,0.8287065356652059,0.8065711989290081,-0.11682663999541872,-1.0143095069274886,-0.4347015513594548
-0.6741860484165474,415,0,0,-0.5831425816831967,0.7661340543006826,1.1788681691493288,-1.7561886995363707,-0.3117188014133814,0.7716151771692842,0.5998935394696595,0.13221217950060027,-0.6047436226908586,-1.1962329461814414
-0.4973138375638146,408,0,0,-0.5831425816831967,-1.1853391211213251,-0.06425525385312891,0.4660124390890544,0.8392068175992359,-0.9529375829144184,-0.12347826863806065,2.764908271315661,-1.0143095069274886,-0.4347015513594548
-0.7752558831895375,510,0,0,-0.5831425816831967,-0.9160432008835053,0.08491955690716602,0.1538507339265714,1.6398507264775783,0.6003411016815193,-0.3818253429622464,1.4485602254081311,-0.6047436226908586,-0.4347015513594548
-0.6994535071097949,415,0,0,-0.5831425816831967,0.6407085572036163,2.2230918444713934,1.3205551069713515,1.7399312150873711,0.7932705200470475,-0.4334947578270835,0.2033661279280347,3.4909152196754394,-0.4347015513594548
1.0187336840310373,415,1,1,2.1634910111934027,1.4578187809389185,-0.8101293076546036,0.41333515134288557,0.5389653517698575,2.470575259306539,-0.1751476835028978,0.3456740247829024,0.21438814578240092,-1.1962329461814414
-0.34570908540432943,415,0,0,-0.5831425816831967,0.3455897405046358,-1.009029055334997,-0.2695185787000458,-0.5619200229378634,-1.3269844144394223,-0.22681709836773498,2.2668306323236234,-0.19517773845422887,0.32682984346253174
-1.2048026809747454,415,0,1,1.198457586669192,-0.6246133693932625,2.2728167813914917,0.3840699914839028,1.7899714593922678,0.9645445955348128,-0.22681709836773498,1.0216365348435261,0.21438814578240092,1.0883612382845183
0.36177975800660134,408,0,0,-0.5831425816831967,-0.9566220381796152,-1.655453235296275,-0.34951001564793194,-0.511879778632967,-0.5513294059086246,-0.4334947578270835,0.13221217950060027,1.0335199142556606,-0.4347015513594548
0.08383771238087853,408,0,0,-0.5831425816831967,0.38063509998763934,-0.41232981229381704,-1.6020588576123946,-0.6620005115476563,0.7027118134673097,-1.8285689591776866,-1.5043286343303832,0.6239540300190308,0.32682984346253174
0.4123146753930964,510,1,0,-0.5831425816831967,-2.3123241023905567,-0.014530316933030606,1.9975558050424862,-0.8121212444623455,-0.5729847487863878,-0.8468500767457807,-0.5793273047737405,-1.0143095069274886,-0.4347015513594548
-0.5731162136435572,408,0,0,-0.5831425816831967,-1.3089201256140233,0.3832691784277559,0.17726286181375794,1.2895690163433036,0.42709835865941204,0.8582406137938453,-0.8283661242697595,0.21438814578240092,-0.4347015513594548
0.7155241797120667,415,1,0,-0.5831425816831967,1.6201341301233567,-1.1084789291751935,0.06605525434962309,-0.7620810001574491,-1.7561539369260057,2.3566536448741227,-1.5399056085441003,-0.19517773845422887,-0.4347015513594548
0.1596400884606211,415,0,0,-0.5831425816831967,0.45994828197549054,0.3832691784277559,-0.7494672003873631,0.48892510746496104,-0.9037208945558652,0.08319939082128797,1.1283674574846776,-1.4238753911641184,1.0883612382845183
-1.6090820200667058,415,0,0,-0.5831425816831967,0.48761567104101994,-0.5615046230541121,-0.289028685272701,-0.6119602672427599,2.0906224251785095,-0.7435112470161065,-0.6504812532011743,2.67178345120218,-1.1962329461814414
-1.760686772226191,415,0,1,1.7180909691053052,-1.4657019969853566,-2.301877415257553,0.8874307410584067,-0.16159806849869215,1.0649466397862613,1.5816124219015655,-1.5399056085441003,-0.6047436226908586,-1.1962329461814414
-0.017232122392111596,408,0,1,1.2726909270172082,1.2364796684146826,-0.31287993845362044,-1.159179438413122,0.5890055960747539,-0.21862459260480505,0.44488529487514805,0.9860595606298093,0.21438814578240092,-0.4347015513594548
0.2354424645403637,415,0,0,-0.5831425816831967,-0.5120993205267759,0.2838193045875593,-1.2255138007601498,1.2895690163433036,0.6416831199027039,0.5998935394696595,0.3456740247829024,1.4430857984922902,1.0883612382845183
-1.280605057054488,415,0,0,-0.5831425816831967,2.1347475667422042,1.3280429799096236,-1.4323209304302946,-0.011477335584002954,-0.6714181255034941,0.23820763541579942,-0.2235575626365701,0.6239540300190308,-0.4347015513594548
0.8923963905647994,415,1,1,1.8665576498013376,0.44888132634927885,0.2838193045875593,-0.25781251475645284,-0.06151757988889935,-1.9530206903602183,0.34154646514547377,0.09663520528688338,0.6239540300190308,1.0883612382845183
0.7660590970985618,415,0,1,1.2726909270172082,0.2422981546599923,-0.7604043707345053,0.4894245669762409,0.23872388594047905,1.049197299511524,-2.13858544836671,0.23894310214175163,0.6239540300190308,0.32682984346253174
-0.14356941585834926,415,0,1,2.3119576918894347,1.498397618235028,1.4772177906699187,0.2455482348180511,0.5389653517698575,-0.10444187561296206,-0.1751476835028978,-0.045672691567984904,0.21438814578240092,-0.4347015513594548
0.13437262976737357,510,0,0,-0.5831425816831967,1.7492486124291606,0.9799684214689356,-0.04320134245724583,-0.9122017330721383,-0.7895381775640217,-1.9835772037721981,-1.5043286343303832,-0.6047436226908586,-0.4347015513594548
2.3073740773866613,415,0,0,-0.5831425816831967,0.7753565173225258,0.03519461998706771,1.6463738867346929,-2.513489550828823,-0.6596061202974415,-0.898519491610618,0.8793286379886579,0.6239540300190308,1.8498926331065049
1.3724781057365025,415,1,1,1.3469242673652244,0.5927517494900315,1.0296933583890338,-1.2021016728729637,1.1394482834286144,-1.067120299906262,-0.588503002421595,0.31009705056918546,-0.6047436226908586,-0.4347015513594548
1.726222527441968,415,1,0,-0.5831425816831967,-2.2588338168638664,-0.11398019077322721,-0.021740225227325237,-1.1123627102917237,1.45277414405166,0.1348688056861251,-1.326443763261798,0.6239540300190308,1.0883612382845183
0.18490754715386862,510,0,0,-0.5831425816831967,1.229101697997208,0.08491955690716602,0.03093706251884409,1.6898909707824747,-0.4095853434359916,-0.27848651323257206,-0.2947115110640039,0.21438814578240092,-0.4347015513594548
0.18490754715386862,408,0,1,1.7923243094533214,0.552172912193922,0.3832691784277559,-1.779600827423557,-1.8129261305602733,-0.22059326013914762,2.3049842300092855,-0.4014424337051553,0.6239540300190308,3.372955422750478
-0.21937179193809184,415,1,0,-0.5831425816831967,-0.9012872600485566,0.6318938630282475,1.166425265047376,1.089408039123718,0.8523305460773112,-0.12347826863806065,-0.2947115110640039,-1.0143095069274886,0.32682984346253174
0.2859773819268588,510,0,0,-0.5831425816831967,0.27365452893425923,0.03519461998706771,-0.20513522701028353,-0.9122017330721383,-0.34461931480270125,0.34154646514547377,0.4168279732103368,-1.0143095069274886,-1.1962329461814414
1.4230130231229976,415,0,0,-0.5831425816831967,-0.4954988870874587,0.23409436766746095,1.1059439346721445,-1.012282221681931,-0.0552251872544089,-0.3818253429622464,-0.2947115110640039,-0.19517773845422887,-0.4347015513594548
-0.34570908540432943,408,0,1,1.4953909480612568,-0.5194772909442504,-0.26315500153352217,-0.944568266113915,-0.16159806849869215,0.9684819306034967,0.44488529487514805,-3.6389470871534053,-1.833441275400748,-0.4347015513594548
0.13437262976737357,408,1,0,-0.5831425816831967,-0.8459524819174978,-2.749401847538438,-0.25391049344192146,0.33880437455027185,-0.37414932781783317,-0.588503002421595,0.16778915371431719,-1.0143095069274886,-0.4347015513594548
-0.09303449847185417,415,0,0,-0.5831425816831967,0.6591534832473025,-2.10297766757716,0.8113413254250514,-0.4618395343280706,1.5531761883031088,0.23820763541579942,0.6658667927063558,1.8526516827289201,-1.1962329461814414
-0.34570908540432943,415,0,0,-0.5831425816831967,0.4728597302060707,0.2838193045875593,-1.9766529038073744,1.089408039123718,-0.22453059520783167,-1.3118748105293152,1.1283674574846776,-0.6047436226908586,-0.4347015513594548
-0.6994535071097949,408,0,1,1.3469242673652244,-0.8920647970267135,-0.11398019077322721,-1.840082157798788,-0.16159806849869215,0.4093803508503328,-0.22681709836773498,-0.010095717354267989,0.6239540300190308,0.32682984346253174
-0.4973138375638146,415,0,1,1.4953909480612568,-0.215136011223427,2.32254171831159,-0.19733118438122188,0.23872388594047905,-0.15562723150585725,0.1348688056861251,-0.3658654594914384,0.6239540300190308,1.8498926331065049
0.21017500584711615,510,1,0,-0.5831425816831967,0.5447949417764474,2.024192096791,0.08166333960774746,-0.3617590457182778,-1.604566536781662,0.5482241246048224,-0.8639430984834767,-0.6047436226908586,0.32682984346253174
-0.14356941585834926,415,0,0,-0.5831425816831967,-0.5600561282403606,-0.21343006461342384,1.168376275704641,0.7891665732943395,0.0018661712415128757,1.0132488583883568,-0.7572121758423257,-1.0143095069274886,-0.4347015513594548
3.14120021426383,415,0,0,-0.5831425816831967,0.057848894223129554,2.0739170337110986,0.8913327623729376,-1.8629663748651697,0.33653965207967435,0.1348688056861251,-0.508173356346306,-1.0143095069274886,-0.4347015513594548
0.08383771238087853,408,0,0,-0.5831425816831967,-0.22066948903653308,0.7810686737885423,0.35870685293945087,0.5890055960747539,0.2951976338584898,-0.33015592809740923,0.5235588958514875,-1.0143095069274886,1.8498926331065049
0.5639194275525815,415,1,0,-0.5831425816831967,-0.9972008754757251,0.2838193045875593,-1.4030557705713118,-0.21163831280358855,1.0039179462216554,1.478273592171891,-1.3975977116892322,0.6239540300190308,1.8498926331065049
-0.74998842449629,415,0,0,-0.5831425816831967,0.5060605970847063,0.5821689261081491,-0.527051985459094,-0.21163831280358855,-0.4430526915198076,-2.0352466186370357,0.6658667927063558,-0.6047436226908586,-0.4347015513594548
0.7660590970985618,415,0,1,1.9407909901493539,-0.4235636755170821,1.6761175383503117,-2.532690941128047,-0.261678557108485,1.1968473645871833,1.0132488583883568,1.1283674574846776,2.26221756696555,-0.4347015513594548
0.6649892623255717,510,1,0,-0.5831425816831967,1.1553219938224628,0.08491955690716602,0.4933265882907717,-1.012282221681931,1.0058866137559974,-0.22681709836773498,1.3062523285532628,0.21438814578240092,0.32682984346253174
0.589186886245829,415,0,0,-0.5831425816831967,1.3268598060287455,-0.7604043707345053,0.26115632007617495,-0.11155782419379576,-0.29146529137546406,-1.5185524699886637,0.31009705056918546,0.6239540300190308,1.0883612382845183
1.4988153992027402,408,0,0,-0.5831425816831967,-0.2428034002889564,0.8307936107086407,2.2667952757451277,1.4396897492579928,-0.7974128477013903,1.0649182732531939,-0.08124966578170181,-1.0143095069274886,-0.4347015513594548
0.2354424645403637,415,0,0,-0.5831425816831967,-0.5748120690753094,-0.26315500153352217,-0.13684985400599037,-0.11155782419379576,0.10029954795861919,0.2898770502806366,-1.18413586640693,0.6239540300190308,-1.1962329461814414
0.10910517107412605,510,0,0,-0.5831425816831967,-0.7186824922160625,0.43299411534785415,-0.43340347391034945,-2.4634493065239265,0.31685297673625307,-0.898519491610618,-1.219712840620647,-0.6047436226908586,0.32682984346253174
0.6397218036323241,415,0,1,1.643857628757289,-0.482587438856878,-0.5117796861340137,-0.9640783726865702,-0.16159806849869215,-0.9273449049679705,-0.1751476835028978,0.9149056122023754,-0.19517773845422887,1.8498926331065049
0.08383771238087853,408,0,0,-0.5831425816831967,-0.7537278516990665,0.33354424150765755,1.094237870728551,0.6390458403796503,0.6692444653834938,-1.3635442253941523,-0.08124966578170181,-0.6047436226908586,-1.1962329461814414
0.21017500584711615,415,0,0,-0.5831425816831967,0.7919569507618435,-1.3073786768555868,-0.6070434224069807,-1.262483443206413,1.2480327204800792,-0.33015592809740923,-0.43701940791887217,-0.6047436226908586,0.32682984346253174
0.10910517107412605,415,0,1,1.7180909691053052,-1.290475199570337,0.3832691784277559,0.9459610607763723,0.9392873062090287,2.3682045475207487,0.031529975956450816,-0.6860582274148912,-0.19517773845422887,1.8498926331065049
0.9176638492580469,415,0,1,0.827290884929111,-0.07864355850014845,-0.21343006461342384,0.7898802081951308,2.2903739024412317,0.20660759481309413,0.44488529487514805,-0.8639430984834767,-1.0143095069274886,-1.1962329461814414
1.0945360601107799,415,0,0,-0.5831425816831967,0.3972355334269571,-0.06425525385312891,2.003408837014283,-1.3125236875113093,0.4546597041402019,0.9615794435235195,1.0572135090572432,-1.0143095069274886,-0.4347015513594548
-0.7247209658030425,408,0,0,-0.5831425816831967,-0.6006349655364702,-1.0587539922550953,-0.7514182110446286,0.13864339733068626,-0.7481961593428371,-1.0535277362051294,0.09663520528688338,-0.19517773845422887,-0.4347015513594548
-0.34570908540432943,415,0,0,-0.5831425816831967,-0.6135464137670503,0.3832691784277559,-0.5660721986044044,0.08860315302578986,-0.6576374527630995,-1.7768995443128495,-1.7533674538264026,1.8526516827289201,-0.4347015513594548
0.43758213408634394,510,0,0,-0.5831425816831967,-1.2277624510218035,-1.009029055334997,-0.9894415112310222,-0.6620005115476563,0.06683219987480327,0.754901784064171,0.2033661279280347,-0.19517773845422887,0.32682984346253174
-0.24463925063133934,510,0,0,-0.5831425816831967,0.4341253855143296,0.2838193045875593,0.18116488312828877,0.6390458403796503,-0.10444187561296206,1.478273592171891,0.6302898184926389,-0.6047436226908586,1.0883612382845183
0.03330279499438346,510,0,0,-0.5831425816831967,1.1553219938224628,-0.6112295599742104,0.6318483449566235,-0.5619200229378634,-0.24421727055125292,1.0649182732531939,-1.4331746859029493,0.6239540300190308,1.0883612382845183
-0.6741860484165474,510,0,0,-0.5831425816831967,-0.5729675764709408,0.5324439891880508,-1.0596778948925807,-2.9138115052679945,1.7382309365312683,-0.898519491610618,-0.11682663999541872,0.6239540300190308,1.0883612382845183
1.5240828578959877,415,1,0,-0.5831425816831967,0.18511888392456496,-1.1084789291751935,1.2990939897414304,0.8392068175992359,-0.322963971924938,1.8916289110905884,-3.1764464223750837,0.6239540300190308,-0.4347015513594548
0.8418614731783043,415,0,1,3.128524435717613,0.5392614639633417,1.4772177906699187,-1.3250153442806911,0.18868364163558266,-1.2639870533404745,0.34154646514547377,0.31009705056918546,-0.19517773845422887,0.32682984346253174
-2.3923732395573793,408,0,0,-0.5831425816831967,0.8657366549365886,-0.36260487537371877,-0.9504212980857119,1.089408039123718,-0.7186661463277052,-0.12347826863806065,-0.2947115110640039,-0.19517773845422887,1.0883612382845183
-0.1941043332448443,510,1,1,2.2377243515414187,0.8509807141016393,0.8307936107086407,-1.5844997616970051,1.089408039123718,-0.1516898964371732,1.2715959327125426,1.3418293027669796,1.0335199142556606,-0.4347015513594548
-0.017232122392111596,510,0,0,-0.5831425816831967,1.8156503461864317,-1.20792880301539,-0.4704726763983944,-1.3125236875113093,0.36606966509480626,1.3232653475773797,-0.6860582274148912,-0.19517773845422887,-1.1962329461814414
0.18490754715386862,415,1,1,2.5346577129334835,-0.9123542156747684,-0.5117796861340137,-0.6597207101531495,1.3896495049530964,0.8621738837490218,-1.0535277362051294,1.1995214059121113,0.21438814578240092,1.0883612382845183
1.1198035188040274,408,0,0,-0.5831425816831967,-2.583464515232745,-1.1084789291751935,1.2386126593662001,0.28876413024537545,-0.2973712939784901,-0.5368335875567578,-0.08124966578170181,0.6239540300190308,-1.1962329461814414
-1.7859542309194385,408,0,0,-0.5831425816831967,-2.316013087599294,-1.6057282983761765,-0.4197463993094905,-0.21163831280358855,0.911390572107575,0.031529975956450816,-0.010095717354267989,1.4430857984922902,-0.4347015513594548
-0.37097654409757697,510,0,0,-0.5831425816831967,-1.023023771936886,-0.9095791814948001,0.034839083833374904,0.9893275505139251,1.7461056066686373,0.9615794435235195,-1.255289814834364,1.4430857984922902,1.0883612382845183
0.589186886245829,510,1,0,-0.5831425816831967,-0.40142976426465826,-1.4565534876158817,0.0465451477769679,0.6890860846845467,-0.6340134423509941,-0.9501889064754551,-0.08124966578170181,-1.0143095069274886,1.0883612382845183
0.8671289318715518,408,0,0,-0.5831425816831967,-0.449386571978243,-0.014530316933030606,-1.2664850245627255,-0.8121212444623455,-0.320995304390596,-0.9501889064754551,-2.287022067032158,1.8526516827289201,1.0883612382845183
-0.14356941585834926,408,1,1,2.1634910111934027,0.7495336208613649,0.43299411534785415,-0.3026857598735594,-0.06151757988889935,0.08258154014953993,-0.9501889064754551,-2.180291144391007,-1.0143095069274886,-1.1962329461814414
1.3724781057365025,415,0,0,-0.5831425816831967,0.03387049036633771,0.5324439891880508,-0.6460636355522911,-0.4117992900231742,-0.6379507774196782,1.116587688118031,0.3812509989966199,-0.6047436226908586,1.0883612382845183
-0.8763257179625276,510,0,1,1.8665576498013376,-1.6741296612790113,0.18436943074736264,-1.779600827423557,-0.3117188014133814,-0.5552667409773091,0.34154646514547377,-1.112981917979496,1.8526516827289201,1.0883612382845183
0.968198766644542,415,0,0,-0.5831425816831967,1.69760281950684,1.4772177906699187,-0.8743318824523565,1.5397702378677856,-1.2718617234778424,0.3932158800103109,0.48798192163777065,1.8526516827289201,0.32682984346253174
0.8671289318715518,510,0,0,-0.5831425816831967,-0.6541252510631604,0.731343736868444,0.9557161140626999,-1.6127651533406877,0.20660759481309413,-0.9501889064754551,1.1995214059121113,-0.6047436226908586,-0.4347015513594548
0.13437262976737357,408,0,0,-0.5831425816831967,-0.38482933082534104,-1.3073786768555868,-2.6634086551648366,1.940092192306957,-0.04735051711704028,0.1348688056861251,-0.010095717354267989,-0.19517773845422887,-0.4347015513594548
-1.331139974440983,510,0,0,-0.5831425816831967,-0.5600561282403606,2.2728167813914917,-0.7592222536736908,0.43888486316006464,-0.05916252232309293,0.44488529487514805,-0.6860582274148912,-1.0143095069274886,1.0883612382845183
-0.9015931766557751,415,0,0,-0.5831425816831967,-1.3624104111407134,-0.26315500153352217,-1.1513753957840598,-0.011477335584002954,-0.40171067329862303,0.23820763541579942,-1.2908667890480812,3.0813493354388095,0.32682984346253174
-0.34570908540432943,510,0,0,-0.5831425816831967,-0.4844319314612465,0.2838193045875593,0.46211041777452355,0.8392068175992359,1.427181466105212,2.6666701340631453,-0.4725963821325891,0.21438814578240092,0.32682984346253174
-0.7752558831895375,415,0,1,1.198457586669192,1.289969953941373,0.03519461998706771,1.1488661691319857,-0.11155782419379576,0.42906702619375403,-1.6735607145831752,-0.15240361420913565,-0.19517773845422887,-0.4347015513594548
0.3870472166998489,415,1,0,-0.5831425816831967,0.6609979758516711,0.18436943074736264,0.07776131829321664,-1.0623224659868273,1.5275835103566608,0.44488529487514805,0.843751663774941,0.21438814578240092,1.0883612382845183
-0.74998842449629,510,0,1,1.1242242463211758,-0.07126558808267436,-0.9095791814948001,1.1332580838738613,1.7899714593922678,1.3287480893881056,2.7700089637928196,1.3774062769806965,1.0335199142556606,-0.4347015513594548
-1.0026630114287651,510,1,0,-0.5831425816831967,-1.8696458773420859,0.13464449382726434,-0.0958786302034146,2.440494635355921,-1.8289946356966644,-0.02013943890838634,-0.045672691567984904,0.6239540300190308,0.32682984346253174
-0.2699067093245869,408,0,1,1.643857628757289,0.07813831287118488,-1.20792880301539,0.5635629719523303,-0.261678557108485,-1.118305655799157,1.2199265178477054,-0.8995200726971936,-0.6047436226908586,-0.4347015513594548
0.36177975800660134,510,0,0,-0.5831425816831967,-1.2886307069659682,2.3722666552316882,0.44845334317366514,-0.6620005115476563,0.7755525122379687,-0.22681709836773498,1.8399069417590184,1.4430857984922902,1.0883612382845183
-0.2951741680178344,415,1,1,0.827290884929111,-1.235140421439278,0.6816187999483457,1.187886382277296,1.589810482172682,-1.5238511678736348,0.8065711989290081,0.31009705056918546,-1.0143095069274886,-1.1962329461814414
0.589186886245829,415,0,0,-0.5831425816831967,-0.5268552613617251,-0.11398019077322721,-1.56498965512435,0.9392873062090287,-0.9470315803113918,-1.0018583213402923,-0.3658654594914384,-1.0143095069274886,0.32682984346253174
-0.3962440027908245,408,0,1,2.1634910111934027,0.922915925672016,1.1291432322292305,-1.336721408224284,-0.511879778632967,0.21645093248480474,-1.260205395664478,-0.25913453685028703,1.4430857984922902,0.32682984346253174
-0.8005233418827851,415,0,0,-0.5831425816831967,-0.4770539610437724,0.43299411534785415,-0.13294783269145957,0.23872388594047905,1.086601982664025,0.7032323691993339,1.3774062769806965,0.6239540300190308,-0.4347015513594548
2.534781205625889,415,0,0,-0.5831425816831967,0.854669699310377,0.4827190522679525,1.9175643680946006,-0.7120407558525527,0.9921059410156027,-1.0018583213402923,0.3456740247829024,-0.19517773845422887,-0.4347015513594548
-0.14356941585834926,408,0,0,-0.5831425816831967,-0.3608509269685487,1.6263926014302135,0.28261743730609606,-0.11155782419379576,-0.2363426004138843,-0.6918418321512693,-0.4014424337051553,-0.19517773845422887,-1.1962329461814414
-0.1688368745515968,408,0,0,-0.5831425816831967,-0.39958527166028973,0.23409436766746095,-0.8938419890250117,0.03856290872089345,-0.22256192767348965,-0.8468500767457807,-0.7927891500560426,0.21438814578240092,1.8498926331065049
-1.0531979288152602,408,0,0,-0.5831425816831967,-0.5416112021966744,-1.50627842453598,-0.2948817172444978,-0.11155782419379576,0.2282629376908574,1.426604177307054,0.6658667927063558,-1.0143095069274886,-0.4347015513594548
-0.04249958108535913,415,0,0,-0.5831425816831967,-2.1518532458104858,-0.9593041184148985,0.5889261104967822,-1.8129261305602733,-0.6300761072823096,1.0649182732531939,-0.6149042789874574,0.21438814578240092,-0.4347015513594548
2.3326415360799087,408,0,1,0.6788242042330785,-1.0248682645412546,0.08491955690716602,0.04069211580517168,-0.9622419773770347,0.08258154014953993,1.478273592171891,0.7370207411337902,-0.6047436226908586,-0.4347015513594548
1.928362196987948,415,0,0,-0.5831425816831967,0.9819396890118124,0.2838193045875593,-0.49973783625737717,-0.16159806849869215,0.2223569350878308,-1.2085359807996408,0.8081746895612241,1.0335199142556606,0.32682984346253174
-1.5080121852937156,415,0,0,-0.5831425816831967,0.5595508826113965,0.23409436766746095,-1.5396265165798981,0.23872388594047905,1.0393539618398133,0.18653822055096225,-0.2235575626365701,-0.19517773845422887,-0.4347015513594548
-1.280605057054488,415,0,0,-0.5831425816831967,-0.414341212495239,-0.5117796861340137,0.43869828988733756,-1.4126041761211021,-0.3839926654895438,0.5482241246048224,-1.4687516601166664,-1.0143095069274886,-0.4347015513594548
0.36177975800660134,415,0,0,-0.5831425816831967,0.38063509998763934,-0.41232981229381704,0.8601165918566894,0.33880437455027185,-0.19696924972704177,-0.22681709836773498,-0.508173356346306,-0.6047436226908586,-0.4347015513594548
0.4123146753930964,415,0,0,-0.5831425816831967,0.03571498297070624,-0.26315500153352217,0.08361435026501286,-0.6119602672427599,0.060926197271776665,-0.9501889064754551,1.5908681222629986,1.8526516827289201,0.32682984346253174
-0.8763257179625276,415,0,0,-0.5831425816831967,0.47101523760170216,0.08491955690716602,0.6220932916702958,0.43888486316006464,1.161411348969025,-0.27848651323257206,-0.3658654594914384,0.6239540300190308,0.32682984346253174
-0.5983836723368048,415,0,0,-0.5831425816831967,0.7790455025312634,-0.8101293076546036,-0.6792308167258047,1.2395287720384072,0.18298358440098828,-1.4668830551238266,1.0572135090572432,-0.19517773845422887,-0.4347015513594548
-0.06776703977860665,408,0,0,-0.5831425816831967,-0.2686262967501173,1.4274928537498202,0.034839083833374904,0.6390458403796503,-0.5631414111146772,-0.33015592809740923,0.8081746895612241,1.0335199142556606,-0.4347015513594548
-0.32044162671108195,415,1,1,1.2726909270172082,2.0093220696451373,0.6816187999483457,0.050447169091499273,-1.3125236875113093,0.5412810756512556,0.8582406137938453,0.9860595606298093,0.21438814578240092,-0.4347015513594548
0.7913265557918093,408,0,0,-0.5831425816831967,0.491304656249757,-0.014530316933030606,0.20262600035820935,0.8892470619041323,-0.09262987040690941,1.116587688118031,-0.010095717354267989,0.6239540300190308,-0.4347015513594548
0.21017500584711615,415,0,0,-0.5831425816831967,-0.7850842259733329,1.3777679168297219,0.31578461847960965,0.7891665732943395,-0.3702119927491491,-0.7435112470161065,-0.08124966578170181,0.21438814578240092,0.32682984346253174
1.5240828578959877,510,0,0,-0.5831425816831967,2.182704374455788,2.024192096791,0.7274478671626339,0.33880437455027185,0.7794898473066527,-0.3818253429622464,-0.4725963821325891,0.21438814578240092,-0.4347015513594548
0.13437262976737357,510,0,1,1.8665576498013376,-1.8069331287935526,0.9799684214689356,0.678672600730996,-0.7620810001574491,-0.9844362634638923,0.6515629543344966,-0.11682663999541872,-0.19517773845422887,-0.4347015513594548
-0.24463925063133934,408,1,0,-0.5831425816831967,1.2327906832059456,0.4827190522679525,-0.3670691115633217,-0.11155782419379576,-0.85253553866297,0.2898770502806366,0.6658667927063558,-1.0143095069274886,0.32682984346253174
0.2859773819268588,415,0,0,-0.5831425816831967,0.6499310202254595,0.5821689261081491,0.1733608404992266,0.18868364163558266,-0.7186661463277052,-0.1751476835028978,-0.2947115110640039,0.21438814578240092,1.0883612382845183
-0.8257908005760325,415,0,0,-0.5831425816831967,-0.3221165822768076,-0.7106794338144069,-0.8938419890250117,-0.7120407558525527,-0.22059326013914762,-0.6918418321512693,0.27452007635546855,1.8526516827289201,2.6114240279284915
-1.2553375983612405,408,0,0,-0.5831425816831967,0.3363672774827927,-2.0035277937369633,0.3938250447702304,-1.8129261305602733,-0.6359821098853362,1.7366206664960768,-0.4725963821325891,0.21438814578240092,-0.4347015513594548
1.2714082709635124,408,0,0,-0.5831425816831967,-0.8311965410825486,-0.6112295599742104,-1.1260122572396085,0.5890055960747539,0.4526910366058599,-2.0352466186370357,1.8399069417590184,-1.4238753911641184,-0.4347015513594548
0.8671289318715518,510,1,1,1.198457586669192,-0.9566220381796152,-2.301877415257553,0.2767644053342993,0.23872388594047905,0.6574324601774412,-0.8468500767457807,-1.5754825827578174,-0.19517773845422887,0.32682984346253174
-0.42151146148407204,510,0,0,-0.5831425816831967,0.21094178038572584,-0.6112295599742104,2.3019134675759076,0.9392873062090287,0.9133592396419176,-1.1051971510699665,-1.326443763261798,-0.19517773845422887,-1.1962329461814414
-0.5731162136435572,415,0,0,-0.5831425816831967,-0.45307555718698006,0.2838193045875593,-0.4977868256001112,0.03856290872089345,-0.8919088893498126,1.2715959327125426,0.5591358700652052,0.21438814578240092,0.32682984346253174
1.19560589488377,408,0,0,-0.5831425816831967,-2.9874083955894744,1.0296933583890338,-0.7631242749882221,1.2395287720384072,0.043208189462697416,-0.9501889064754551,0.13221217950060027,0.6239540300190308,-0.4347015513594548
0.5639194275525815,415,0,1,1.8665576498013376,-0.6080129359539448,-0.6609544968943086,-1.67814827324575,-2.0631273520847553,0.3837876729038855,-0.07180885377322349,-2.6072148349556112,1.0335199142556606,-1.1962329461814414
0.05857025368763099,510,1,0,-0.5831425816831967,1.408017480620965,1.3777679168297219,-1.1689344916994495,-0.4117992900231742,2.1260584407966667,1.5299430070367284,0.6658667927063558,-1.0143095069274886,-0.4347015513594548
0.008035336301135934,415,1,0,-0.5831425816831967,-0.8496414671262349,-2.451052226017848,0.366510895568513,-0.21163831280358855,0.17904624933230423,-1.3635442253941523,0.5235588958514875,-0.19517773845422887,-0.4347015513594548
0.43758213408634394,408,1,0,-0.5831425816831967,-0.3608509269685487,1.1291432322292305,-0.49583581494284584,-0.21163831280358855,-0.3170579693219114,-0.07180885377322349,-0.11682663999541872,-0.6047436226908586,0.32682984346253174
-1.0026630114287651,408,0,1,1.2726909270172082,-0.2926047006069097,-1.1084789291751935,-1.7093644437619981,0.5890055960747539,-1.3151724092333696,0.9099100286586824,-0.11682663999541872,-0.6047436226908586,1.0883612382845183
0.9934662253377895,415,0,0,-0.5831425816831967,-1.0931144909028938,0.3832691784277559,0.7723211122797411,-0.8121212444623455,0.30504097153020043,-1.3635442253941523,-0.8995200726971936,-0.6047436226908586,1.8498926331065049
-0.7752558831895375,415,0,0,-0.5831425816831967,-3.166324178213231,-0.014530316933030606,-1.256729971276398,-0.8621614887672419,-0.8722222140063913,-0.588503002421595,0.6658667927063558,-1.4238753911641184,-1.1962329461814414
1.4230130231229976,510,0,1,1.643857628757289,0.27181003632989076,0.33354424150765755,0.8269494106831752,0.38884461885516824,2.38789122286417,0.7032323691993339,-1.112981917979496,0.21438814578240092,-0.4347015513594548
-0.32044162671108195,415,0,1,0.6788242042330785,0.7366221726307847,-1.1084789291751935,0.415286162000151,-0.3117188014133814,-0.24815460561993696,-0.4334947578270835,2.0889457612550384,0.21438814578240092,-0.4347015513594548
0.589186886245829,510,0,0,-0.5831425816831967,0.2478316324730984,-0.16370512769332554,-2.1659009375621294,-0.06151757988889935,-0.5532980734429666,0.18653822055096225,1.8043299675453015,-0.6047436226908586,-0.4347015513594548
-0.32044162671108195,415,0,0,-0.5831425816831967,0.07260483505807878,-0.36260487537371877,-0.5914353371488563,-1.012282221681931,-0.13987789123112002,-0.6401724172864321,-0.6860582274148912,0.21438814578240092,1.0883612382845183
0.3112448406201063,415,0,0,-0.5831425816831967,1.1092096787132473,-2.6499519736982413,1.6015006416175857,0.48892510746496104,0.7381478290854683,-0.6401724172864321,-0.5437503305600235,-0.6047436226908586,0.32682984346253174
1.5240828578959877,415,0,0,-0.5831425816831967,-1.3679438889538191,-1.50627842453598,0.2728623840197685,1.089408039123718,0.4467850340028333,1.3232653475773797,-0.8639430984834767,0.21438814578240092,-1.1962329461814414
-0.6489185897232999,415,0,0,-0.5831425816831967,-1.2517408548785955,1.0296933583890338,0.7118397819045101,0.9392873062090287,1.0354166267711293,0.4965547097399852,1.0216365348435261,0.6239540300190308,-0.4347015513594548
-0.9521280940422702,408,0,1,1.2726909270172082,0.19249685434203956,1.8252923491106066,-1.6430300814149708,-1.2124431989015165,-1.1694910116920523,0.4965547097399852,0.7014437669200727,-1.0143095069274886,-0.4347015513594548
0.7913265557918093,415,0,1,0.5303575235370462,-0.4604535276044547,1.3777679168297219,0.8737736664575477,0.28876413024537545,-1.0297156167537613,-0.5368335875567578,-0.4014424337051553,-0.19517773845422887,-0.4347015513594548
0.8671289318715518,415,0,1,1.0499909059731596,0.323455829252212,0.6318938630282475,1.143013137160189,-0.261678557108485,-1.303360404027317,1.788290081360914,1.5552911480492817,0.21438814578240092,0.32682984346253174
-0.09303449847185417,408,0,1,1.7923243094533214,-0.20591354820158383,1.4274928537498202,0.4894245669762409,-0.16159806849869215,-0.17925124191796252,-0.27848651323257206,-0.6149042789874574,1.0335199142556606,-1.1962329461814414
2.2568391600001663,415,1,0,-0.5831425816831967,-1.2480518696698584,-2.2521524783374547,0.43284525791554074,1.1894885277335108,0.8326438707338899,-1.0018583213402923,-0.08124966578170181,1.0335199142556606,1.0883612382845183
-0.21937179193809184,415,1,0,-0.5831425816831967,1.5629548593879299,-0.46205474921391537,-0.778732360246346,0.7391263289894431,-0.045381849582698267,-1.4152136402589894,-0.3302884852777208,0.21438814578240092,-1.1962329461814414
1.2208733535770175,415,1,0,-0.5831425816831967,-0.062043125060831227,-0.6609544968943086,-1.0889430547515635,-0.9622419773770347,0.9566699253974441,-0.4334947578270835,-1.6110595569715345,-0.19517773845422887,-1.1962329461814414
0.008035336301135934,415,0,0,-0.5831425816831967,-1.0101123237063054,-1.7051781722163732,1.1000909027003478,-0.7620810001574491,-0.1516898964371732,0.754901784064171,1.1283674574846776,-0.19517773845422887,-1.1962329461814414
0.05857025368763099,415,0,0,-0.5831425816831967,-0.9271101565097171,0.13464449382726434,0.038741105147906275,-0.5619200229378634,0.6318397822309932,1.3232653475773797,0.9504825864160924,-1.0143095069274886,0.32682984346253174
1.8020249035217104,415,0,0,-0.5831425816831967,0.5927517494900315,-0.014530316933030606,-0.041250331799980416,0.03856290872089345,1.984314378324034,1.8399594962257513,-1.326443763261798,1.8526516827289201,-0.4347015513594548
-1.6343494787599533,415,0,0,-0.5831425816831967,-0.4051187494733958,0.8307936107086407,-0.32219586644621456,-2.1131675963896517,0.7775211797723107,-0.07180885377322349,0.594712844278922,-1.4238753911641184,-1.1962329461814414
0.9176638492580469,510,0,0,-0.5831425816831967,-1.2738747661310192,-1.0587539922550953,0.43674727923007156,0.5389653517698575,-0.6182641020762569,-1.880238374042524,0.09663520528688338,-0.6047436226908586,1.0883612382845183
0.26070992323361125,510,0,1,1.198457586669192,0.4783932080191768,0.6816187999483457,0.3606578635967168,-0.06151757988889935,0.2951976338584898,-0.27848651323257206,1.3418293027669796,-0.19517773845422887,-0.4347015513594548
-1.5080121852937156,408,0,1,2.1634910111934027,1.1110541713176163,0.4827190522679525,0.4113841406856202,0.7391263289894431,-0.23240526534520028,-0.02013943890838634,-1.0418279695520618,-1.4238753911641184,0.32682984346253174
-0.017232122392111596,415,0,0,-0.5831425816831967,-0.8939092896310821,0.3832691784277559,-0.480227729684722,-0.9622419773770347,-2.1892607944812736,-1.0018583213402923,-2.109137195963573,-0.19517773845422887,-0.4347015513594548
-0.7247209658030425,415,0,0,-0.5831425816831967,-1.1318488355946348,0.2838193045875593,-0.6558186888386186,1.7899714593922678,0.26173028577467333,0.2898770502806366,0.7014437669200727,-0.6047436226908586,1.0883612382845183
0.1596400884606211,408,0,0,-0.5831425816831967,-1.711019513366384,-0.26315500153352217,-1.8088659872825399,-0.7620810001574491,0.06683219987480327,-0.6918418321512693,1.0572135090572432,-0.6047436226908586,-0.4347015513594548
1.1198035188040274,415,0,0,-0.5831425816831967,-0.06942109547830531,-0.5615046230541121,1.4337137250927519,0.9392873062090287,0.5058450600330971,-1.6218912997183381,0.7725977153475072,-0.19517773845422887,-0.4347015513594548
0.10910517107412605,510,0,1,2.5346577129334835,-1.432501130106721,-1.0587539922550953,0.4347962685728062,-0.16159806849869215,0.8011451901844161,-1.2085359807996408,0.9504825864160924,-1.0143095069274886,-1.1962329461814414
-0.42151146148407204,510,0,0,-0.5831425816831967,0.8731146253540633,2.173366907551295,0.015328977260719724,1.089408039123718,-1.3919504430727128,1.0649182732531939,1.0572135090572432,0.21438814578240092,0.32682984346253174
0.9934662253377895,415,0,0,-0.5831425816831967,-0.9215766786966114,-1.0587539922550953,0.8854797304011408,-0.06151757988889935,-0.5670787461833617,1.2199265178477054,-0.2947115110640039,2.26221756696555,1.0883612382845183
-1.3816748918274782,408,0,0,-0.5831425816831967,0.5650843604245022,-0.41232981229381704,0.5167387161779583,-1.1624029545966201,-0.015851836567566373,0.8065711989290081,1.0216365348435261,1.0335199142556606,-0.4347015513594548
-0.1688368745515968,415,0,0,-0.5831425816831967,-1.7276199468057014,0.6318938630282475,0.5050326522343647,-0.4618395343280706,1.5492388532344248,0.4965547097399852,1.911060890186452,4.719612872385329,-1.1962329461814414
0.9429313079512944,510,0,0,-0.5831425816831967,-0.9676889938058272,0.08491955690716602,0.9147448902601235,0.28876413024537545,0.1337668960424351,-1.3118748105293152,-1.8600983764675536,-0.6047436226908586,1.0883612382845183
-2.3418383221708843,415,0,1,2.0892576708453863,1.1682334420530436,-1.655453235296275,-0.5836312945197941,-2.0631273520847553,-0.46470803439757086,1.5299430070367284,-1.9312523248949878,3.0813493354388095,-0.4347015513594548
0.8165940144850569,510,0,0,-0.5831425816831967,0.40830248905316874,-0.7604043707345053,-0.6128964543787769,0.7891665732943395,1.6811395780353469,-1.0535277362051294,-1.5043286343303832,-0.19517773845422887,-1.1962329461814414
0.5133845101660865,415,0,0,-0.5831425816831967,-0.0030193617210348355,-1.50627842453598,-1.1279632678968738,-0.3617590457182778,-1.665595230346268,0.6515629543344966,0.3456740247829024,0.21438814578240092,-0.4347015513594548
-1.9628264417721712,510,0,0,-0.5831425816831967,2.6198491216911535,0.33354424150765755,0.9908343058934789,0.7391263289894431,-1.1773656818294207,2.9766866232521685,0.3812509989966199,-0.6047436226908586,0.32682984346253174
0.7407916384053143,510,0,0,-0.5831425816831967,-0.4678314980219293,0.9302434845488372,-1.7678947634799638,-0.11155782419379576,0.5215944003078343,0.8582406137938453,-0.3658654594914384,0.21438814578240092,0.32682984346253174
-0.7752558831895375,408,0,0,-0.5831425816831967,0.3511232183177414,0.5324439891880508,0.2553032881043787,0.7391263289894431,-0.584796753992441,0.23820763541579942,0.13221217950060027,0.6239540300190308,0.32682984346253174
-0.2951741680178344,408,0,0,-0.5831425816831967,-1.358721425931976,2.521441465991983,-0.21879230161114246,2.090212925221646,-0.590702756595467,-1.7252301294480124,0.8793286379886579,1.0335199142556606,-1.1962329461814414
-0.017232122392111596,510,0,1,1.643857628757289,-2.2274774425896,0.18436943074736264,0.36455988491124763,0.33880437455027185,-0.9568749179831024,0.9099100286586824,-1.112981917979496,-0.6047436226908586,-1.1962329461814414
-0.5478487549503097,415,0,1,1.9407909901493539,-1.3993002632280858,-0.014530316933030606,0.692329675331855,-1.1123627102917237,1.0964453203357356,0.08319939082128797,1.6264450964767163,-0.19517773845422887,0.32682984346253174
0.6649892623255717,510,0,1,1.4211576077132406,-3.2640822862447685,0.6318938630282475,1.0376585616678515,0.08860315302578986,0.8228005330621794,2.873347793522494,-0.3658654594914384,0.21438814578240092,1.0883612382845183
-1.230070139667993,510,0,1,0.9757575656251434,0.2976329327910511,0.9302434845488372,-1.8459351897705845,-0.261678557108485,-0.8564728737316541,-0.33015592809740923,-1.7533674538264026,-0.6047436226908586,0.32682984346253174
-1.7354193135329434,510,0,1,1.3469242673652244,1.1793003976792553,1.8252923491106066,0.7020847286181825,0.38884461885516824,-0.5434547357712559,2.511661889468634,-0.43701940791887217,1.8526516827289201,-0.4347015513594548
0.21017500584711615,415,0,0,-0.5831425816831967,0.25889858809931005,-2.10297766757716,-1.0167556604327395,0.7391263289894431,1.606330211730346,0.23820763541579942,1.0216365348435261,-1.4238753911641184,0.32682984346253174
-1.1290003048950028,408,0,0,-0.5831425816831967,0.7808899951356318,0.5821689261081491,1.5098031407261066,1.089408039123718,1.7165755936535054,-0.7951806618809436,-1.112981917979496,0.21438814578240092,-1.1962329461814414
0.13437262976737357,408,0,0,-0.5831425816831967,0.25889858809931005,-1.7051781722163732,0.7293988778198993,-0.9122017330721383,-0.4824260422066501,0.34154646514547377,0.9504825864160924,-0.6047436226908586,-1.1962329461814414
-1.0279304701220127,408,0,0,-0.5831425816831967,1.3489937172811688,-0.16370512769332554,0.3957760554274958,1.0393677948188216,-1.791589952544164,-0.02013943890838634,0.7725977153475072,-0.19517773845422887,0.32682984346253174
-0.5225812962570623,415,0,0,-0.5831425816831967,0.37325712957016527,1.875017286030705,-0.657769699495884,-0.4618395343280706,1.3956827855557385,-0.33015592809740923,-1.6822135053989684,-0.19517773845422887,-0.4347015513594548
0.6397218036323241,415,1,1,1.9407909901493539,1.2051232941404162,0.8805185476287389,0.366510895568513,0.23872388594047905,0.19479558960704146,1.8399594962257513,-0.1879805884228532,0.6239540300190308,1.8498926331065049
1.0692686014175323,510,0,0,-0.5831425816831967,-0.44569758676950544,0.5821689261081491,1.7575814941988273,-0.4117992900231742,0.5412810756512556,-0.4851641726919207,1.3062523285532628,0.21438814578240092,-0.4347015513594548
0.7407916384053143,510,0,1,1.3469242673652244,1.431995884477757,0.3832691784277559,0.45820839645999273,1.089408039123718,0.060926197271776665,0.9099100286586824,0.843751663774941,-0.19517773845422887,-0.4347015513594548
-0.2951741680178344,415,0,0,-0.5831425816831967,2.706540274096479,0.5821689261081491,-0.6967899126411944,0.48892510746496104,-0.7481961593428371,-0.1751476835028978,-0.9706740211246278,-1.4238753911641184,-0.4347015513594548
1.8525598209082055,415,0,0,-0.5831425816831967,0.19803033215514568,-0.11398019077322721,1.0122954231233994,-1.512684664730895,0.38772500797256954,-0.1751476835028978,-1.0774049437657789,1.8526516827289201,0.32682984346253174
0.4123146753930964,510,0,0,-0.5831425816831967,0.6425530498079848,-0.31287993845362044,-1.2255138007601498,2.440494635355921,-1.0277469492194193,0.08319939082128797,-0.11682663999541872,-1.4238753911641184,0.32682984346253174
-0.6489185897232999,510,1,0,-0.5831425816831967,-0.48627642406561555,-1.1084789291751935,0.19482195772914773,-0.06151757988889935,-0.9332509075709972,-0.02013943890838634,-0.8639430984834767,-0.6047436226908586,-0.4347015513594548
-1.1037328462017553,415,0,1,1.643857628757289,-0.0067083469297724045,0.23409436766746095,1.6073536735893825,-0.8621614887672419,0.535375073048229,-1.2085359807996408,1.5908681222629986,0.21438814578240092,-0.4347015513594548
0.7660590970985618,415,0,1,1.4953909480612568,1.2918144465457415,-0.6609544968943086,0.5147877055206923,1.8900519480020606,0.7676778421006001,-0.4334947578270835,-0.9350970469109109,-0.6047436226908586,1.0883612382845183
1.9788971143744432,510,0,0,-0.5831425816831967,1.9871881583927142,1.1291432322292305,1.7010021851381276,0.6890860846845467,1.281500068563895,0.5998935394696595,0.09663520528688338,-0.19517773845422887,-1.1962329461814414
-0.6236511310300523,510,0,0,-0.5831425816831967,-1.6427732870047447,2.0739170337110986,0.21238105364453694,-1.262483443206413,-0.11822254835335673,-1.260205395664478,-0.3302884852777208,-1.0143095069274886,-0.4347015513594548
0.10910517107412605,415,0,0,-0.5831425816831967,1.328704298633114,-0.6112295599742104,-0.5016888469146425,0.13864339733068626,-0.32493263945927997,0.5998935394696595,-1.7177904796126855,0.21438814578240092,-0.4347015513594548
-0.21937179193809184,415,0,0,-0.5831425816831967,-0.40327425686902735,0.03519461998706771,1.907809314808273,-0.011477335584002954,0.3148843092019111,-0.07180885377322349,1.270675354339546,-0.6047436226908586,-0.4347015513594548
-1.4827447266004683,408,0,0,-0.5831425816831967,1.1368770677787767,1.6761175383503117,-1.644981092072236,0.6890860846845467,-0.958843585517445,-0.4851641726919207,0.13221217950060027,-0.19517773845422887,-1.1962329461814414
0.6397218036323241,510,0,0,-0.5831425816831967,-1.0543801462111524,-0.6112295599742104,-1.1123551826387494,0.5389653517698575,-0.8643475438690227,0.2898770502806366,0.45240494742405374,-0.6047436226908586,-0.4347015513594548
0.48811705147283896,408,0,1,1.4953909480612568,0.6683759462691456,1.1291432322292305,1.6463738867346929,-1.2124431989015165,-0.17334523931493648,-1.1568665659348036,-1.18413586640693,-0.6047436226908586,-0.4347015513594548
-1.2048026809747454,415,0,0,-0.5831425816831967,-1.1041814465291053,0.6318938630282475,-0.21684129095387708,-0.8121212444623455,1.0885706501983665,0.3932158800103109,0.9504825864160924,1.0335199142556606,0.32682984346253174
1.4482804818162451,510,0,0,-0.5831425816831967,0.4728597302060707,-0.16370512769332554,0.7762231335942719,-1.1624029545966201,-2.386127547915486,0.3932158800103109,1.484137199621848,3.0813493354388095,-1.1962329461814414
1.19560589488377,415,1,0,-0.5831425816831967,0.9948511372423925,-0.9593041184148985,-0.2558615040991874,-1.4626444204259985,-1.5474751782857405,-0.1751476835028978,-0.2235575626365701,-1.0143095069274886,-1.1962329461814414
0.5639194275525815,408,0,0,-0.5831425816831967,-1.3753218593712937,2.4717165290718848,0.9908343058934789,-0.511879778632967,1.124006665816525,-0.3818253429622464,1.6620220706904332,0.21438814578240092,-1.1962329461814414
-0.017232122392111596,415,0,0,-0.5831425816831967,0.16482946527651016,2.5711664029120813,-1.0245597030618012,0.7391263289894431,-0.41549134603901766,-0.6401724172864321,1.7687529933315838,0.21438814578240092,0.32682984346253174
-1.9122915243856762,408,0,0,-0.5831425816831967,-0.014086317347246495,-0.5117796861340137,-1.1630814597276533,-1.4126041761211021,0.0412395219283554,-0.07180885377322349,-0.6504812532011743,0.21438814578240092,0.32682984346253174
0.7407916384053143,415,0,1,0.3076575024929977,-0.6947040883592701,-0.41232981229381704,0.5479548866942064,0.08860315302578986,-0.1142852132846727,0.031529975956450816,-0.5437503305600235,0.21438814578240092,-1.1962329461814414
1.3724781057365025,510,0,0,-0.5831425816831967,-0.2612483263326427,0.3832691784277559,-0.33390193038980814,0.13864339733068626,-2.376284210243776,0.3932158800103109,-0.4725963821325891,-0.19517773845422887,1.0883612382845183
-0.9268606353490226,408,0,0,-0.5831425816831967,0.7384666652351533,1.2783180429895253,1.9995068156997522,-0.011477335584002954,-0.9135642322275759,-1.8285689591776866,-0.1879805884228532,0.21438814578240092,-0.4347015513594548
-0.24463925063133934,510,0,0,-0.5831425816831967,0.7071102909608867,-1.4565534876158817,0.5713670145813925,0.7891665732943395,0.6141217744219141,0.4965547097399852,0.13221217950060027,-1.0143095069274886,-0.4347015513594548
0.08383771238087853,415,0,0,-0.5831425816831967,-0.7537278516990665,-0.014530316933030606,0.2845684479633615,-2.1131675963896517,-0.7206348138620473,-0.12347826863806065,-1.8956753506812707,-0.19517773845422887,0.32682984346253174
-0.04249958108535913,415,0,0,-0.5831425816831967,-1.181650135912588,-1.2576537399354886,0.33724573570953026,0.5389653517698575,1.0629779722519193,-0.12347826863806065,0.45240494742405374,1.0335199142556606,4.134486817572465
-1.4574772679072208,415,0,0,-0.5831425816831967,-0.004863854325403358,-0.16370512769332554,1.0122954231233994,1.2895690163433036,0.5235630678421763,0.7032323691993339,-0.7927891500560426,0.21438814578240092,-1.1962329461814414
0.3112448406201063,408,0,0,-0.5831425816831967,0.2625875733080476,-0.06425525385312891,0.4016290873992926,1.2395287720384072,-0.5631414111146772,-1.7252301294480124,0.13221217950060027,0.6239540300190308,-0.4347015513594548
-0.85105825926928,415,0,0,-0.5831425816831967,-0.14504529225741947,-1.009029055334997,-1.7639927421654327,-0.9622419773770347,-0.10837921068164609,0.5482241246048224,0.594712844278922,-0.19517773845422887,0.32682984346253174
-0.8257908005760325,415,0,0,-0.5831425816831967,0.9745617185943377,-1.20792880301539,-0.9270091701985252,0.13864339733068626,0.2696049559120419,0.34154646514547377,0.09663520528688338,-1.0143095069274886,-0.4347015513594548
-2.266035946091142,415,0,1,1.4953909480612568,0.20356380996825124,-0.7106794338144069,0.3762659488548406,1.089408039123718,-0.4056480083673071,-1.0535277362051294,-1.5043286343303832,-0.6047436226908586,1.0883612382845183
-0.2951741680178344,415,0,0,-0.5831425816831967,-1.661218213048431,-1.7051781722163732,-0.4197463993094905,0.18868364163558266,0.4763150470179652,0.8065711989290081,0.7370207411337902,-1.4238753911641184,1.0883612382845183
1.347210647043255,408,0,1,2.0150243304973703,-2.1149633937231136,-1.20792880301539,-0.32609788776074594,-0.4618395343280706,-0.9706555907234976,-1.3118748105293152,1.5552911480492817,-1.4238753911641184,-0.4347015513594548
-0.017232122392111596,408,0,0,-0.5831425816831967,0.7237107244002045,1.228593106069427,-1.0245597030618012,0.08860315302578986,1.5138028376162662,-0.1751476835028978,-0.1879805884228532,0.6239540300190308,-0.4347015513594548
0.2859773819268588,408,0,0,-0.5831425816831967,-1.4472570709416703,0.9302434845488372,0.2650583413907063,-1.662805397645584,-0.4213973486420443,0.5998935394696595,0.025481256859449554,0.21438814578240092,0.32682984346253174
0.13437262976737357,408,0,0,-0.5831425816831967,-2.3492139544779294,0.2838193045875593,0.3762659488548406,0.6390458403796503,-1.744341931719953,-0.27848651323257206,0.4168279732103368,-1.0143095069274886,0.32682984346253174
1.8525598209082055,415,0,0,-0.5831425816831967,-1.0193347867281486,-1.20792880301539,1.4883420234961866,0.5890055960747539,0.9802939358095494,0.754901784064171,1.8754839159727352,0.21438814578240092,1.0883612382845183
-0.09303449847185417,408,0,0,-0.5831425816831967,1.4172399436428078,1.228593106069427,1.4259096824636892,-0.011477335584002954,0.42906702619375403,0.031529975956450816,0.31009705056918546,-1.4238753911641184,-0.4347015513594548
-0.5478487549503097,415,0,1,0.6788242042330785,1.0538749005821884,-0.26315500153352217,1.2230045741080757,-2.2132480849994445,1.1555053463659994,0.34154646514547377,0.6302898184926389,-0.19517773845422887,-0.4347015513594548
0.10910517107412605,415,0,1,1.198457586669192,1.7547820902422668,-0.06425525385312891,-0.14270288597778716,0.8892470619041323,1.94297236010285,0.44488529487514805,0.2033661279280347,-0.6047436226908586,1.0883612382845183
-0.06776703977860665,415,0,0,-0.5831425816831967,-1.9692484779779917,0.33354424150765755,-0.28122464264363883,0.13864339733068626,-0.5040813850844134,0.4965547097399852,0.09663520528688338,-0.19517773845422887,1.0883612382845183
-1.280605057054488,408,0,1,1.7180909691053052,2.2712400194654823,-0.36260487537371877,0.7742721229370064,0.9392873062090287,-0.137909223696778,0.1348688056861251,1.1995214059121113,3.900481103912069,1.0883612382845183
-0.5478487549503097,408,0,0,-0.5831425816831967,0.48208219322791385,1.1291432322292305,0.2670093520479717,0.38884461885516824,0.49600172236138645,0.2898770502806366,-1.255289814834364,5.538744640858588,-0.4347015513594548
1.827292362214958,510,0,1,0.9757575656251434,0.9745617185943377,-0.21343006461342384,0.21628307495906832,0.8892470619041323,1.419306795967844,0.08319939082128797,-1.8600983764675536,0.21438814578240092,1.0883612382845183
0.21017500584711615,415,0,0,-0.5831425816831967,0.08182729807992192,0.9799684214689356,-1.568891676438881,0.9392873062090287,-0.9293135725023131,-0.7435112470161065,0.27452007635546855,-0.6047436226908586,-1.1962329461814414
-1.3564074331342306,408,0,1,1.4953909480612568,-0.7057710439854817,-0.31287993845362044,-0.6402106035804943,0.38884461885516824,-1.7207179213078476,-0.8468500767457807,-0.8639430984834767,-1.0143095069274886,-0.4347015513594548
-0.5225812962570623,510,0,0,-0.5831425816831967,-1.4472570709416703,1.0296933583890338,1.2171515421362789,0.48892510746496104,-1.2443003779970532,-1.3635442253941523,-1.0418279695520618,0.21438814578240092,-1.1962329461814414
0.5639194275525815,408,0,1,2.3119576918894347,1.6754689082544156,-0.06425525385312891,0.8640186131712202,0.48892510746496104,-1.8112766278875854,0.6515629543344966,1.8399069417590184,1.0335199142556606,-0.4347015513594548
-0.8763257179625276,415,0,1,1.569624288409273,0.9192269404632789,0.18436943074736264,1.1039929240148787,-0.8121212444623455,0.6023097692158614,0.9615794435235195,-0.7927891500560426,-1.4238753911641184,0.32682984346253174
0.008035336301135934,510,0,0,-0.5831425816831967,0.7513781134657339,1.1788681691493288,-0.23830240818379766,0.03856290872089345,1.5256148428223184,-0.12347826863806065,0.13221217950060027,-0.19517773845422887,-0.4347015513594548
-0.8763257179625276,415,0,0,-0.5831425816831967,-0.22620296684963864,-0.46205474921391537,0.5694160039241271,-1.6127651533406877,-0.1812199094523051,0.9099100286586824,0.13221217950060027,0.21438814578240092,-0.4347015513594548
0.26070992323361125,415,0,1,2.0892576708453863,-1.5265702529295213,1.1291432322292305,-0.5894843264915909,0.23872388594047905,-0.6871674657782314,-0.7951806618809436,1.1283674574846776,-0.19517773845422887,0.32682984346253174
1.1198035188040274,415,0,0,-0.5831425816831967,-0.9252656639053485,-0.16370512769332554,-0.300734749216294,0.03856290872089345,0.07470687001217131,0.2898770502806366,-3.247600370802518,-1.0143095069274886,0.32682984346253174
0.6902567210188192,415,0,0,-0.5831425816831967,1.0760088118346123,1.228593106069427,0.9127938796028582,-0.3617590457182778,0.15739090645454096,-1.6735607145831752,1.3062523285532628,-0.19517773845422887,-0.4347015513594548
-0.7247209658030425,415,0,1,0.9757575656251434,-0.7647948073252782,0.6318938630282475,1.1566702117610486,-0.8621614887672419,-1.2895797312869217,0.9099100286586824,-0.7216352016286087,-1.0143095069274886,0.32682984346253174
1.675687610055473,415,0,0,-0.5831425816831967,-0.19115760736663515,1.1788681691493288,-0.5368070387454216,0.38884461885516824,0.30700963906454243,-1.880238374042524,0.7725977153475072,-0.19517773845422887,1.8498926331065049
0.7155241797120667,415,0,0,-0.5831425816831967,-0.3774513604078664,-0.014530316933030606,0.0328880731761095,-0.511879778632967,0.6338084497653353,-0.22681709836773498,0.45240494742405374,0.6239540300190308,0.32682984346253174
0.05857025368763099,415,0,0,-0.5831425816831967,0.46732625239296516,0.33354424150765755,-1.2801420991635846,0.08860315302578986,0.14361023371414575,0.2898770502806366,0.061058231073166463,-0.6047436226908586,2.6114240279284915
1.29667572965676,415,0,0,-0.5831425816831967,0.323455829252212,1.2783180429895253,-1.3796436426841259,-1.2124431989015165,-2.4176262284649606,-0.02013943890838634,-1.0062509953383447,-0.19517773845422887,1.0883612382845183
0.2354424645403637,510,0,0,-0.5831425816831967,-0.8791533487961328,-0.36260487537371877,1.402497554576503,0.28876413024537545,-0.15956456657454127,0.23820763541579942,-1.112981917979496,-0.19517773845422887,-0.4347015513594548
1.827292362214958,510,0,0,-0.5831425816831967,2.0701903255893024,2.123641970631197,0.2631073307334409,1.6898909707824747,-0.9785302608608663,0.9615794435235195,-0.11682663999541872,-1.0143095069274886,-1.1962329461814414
0.7913265557918093,415,0,0,-0.5831425816831967,-0.052820662038988095,1.5766676645101152,0.844508506598565,-1.012282221681931,-0.48439470974099214,1.0132488583883568,-0.4014424337051553,-0.19517773845422887,0.32682984346253174
1.5493503165892353,408,0,0,-0.5831425816831967,-0.04544269162151348,1.526942727590017,-1.6800992839030156,1.089408039123718,-0.9312822400366552,-0.6401724172864321,-1.326443763261798,0.6239540300190308,1.0883612382845183
0.33651229931335386,415,0,0,-0.5831425816831967,-0.18377963694916052,-0.7604043707345053,-2.7687632306571746,-0.7120407558525527,-0.4253346837107283,1.2199265178477054,-1.0062509953383447,1.4430857984922902,-0.4347015513594548
-0.6236511310300523,415,0,0,-0.5831425816831967,1.5463544259486117,2.3722666552316882,0.5752690358959238,-1.5627249090357913,-0.5966087591984937,0.031529975956450816,0.4168279732103368,0.21438814578240092,-0.4347015513594548
-0.5983836723368048,415,0,0,-0.5831425816831967,-0.30551614883748984,0.5821689261081491,0.35675584228218543,-0.5619200229378634,0.6397144523683619,-1.7768995443128495,-1.255289814834364,-0.6047436226908586,0.32682984346253174
0.8923963905647994,510,0,0,-0.5831425816831967,0.45994828197549054,-1.854352982976668,0.15580174458383736,-0.261678557108485,0.4546597041402019,0.9615794435235195,-0.15240361420913565,-1.0143095069274886,-1.1962329461814414
-0.7752558831895375,415,0,0,-0.5831425816831967,-0.07679906589577992,1.4772177906699187,-0.8060465094480633,1.4897299935628892,1.1751920217094207,-0.22681709836773498,0.48798192163777065,-0.19517773845422887,-1.1962329461814414
-0.4973138375638146,510,0,0,-0.5831425816831967,0.44150335593180423,-0.5615046230541121,1.7322183556543764,-1.5627249090357913,0.23613760782822601,-1.5185524699886637,-0.5437503305600235,-0.6047436226908586,1.0883612382845183
-1.5080121852937156,408,0,1,1.0499909059731596,0.6314860941817731,0.08491955690716602,-1.1513753957840598,-0.7120407558525527,-1.1557103389516574,1.1682571029828681,-1.0774049437657789,-0.6047436226908586,-1.1962329461814414
-0.09303449847185417,415,0,1,1.198457586669192,-0.855174944939341,1.72584247527041,0.31968663979414047,-2.1131675963896517,-2.5652762935406197,-1.1051971510699665,0.27452007635546855,-0.6047436226908586,-0.4347015513594548
0.18490754715386862,415,0,0,-0.5831425816831967,0.3972355334269571,0.03519461998706771,-0.5875333158343256,-0.7120407558525527,0.718461153742047,0.6515629543344966,0.48798192163777065,-0.6047436226908586,1.0883612382845183
-0.3962440027908245,510,1,0,-0.5831425816831967,0.6720649314778827,-1.3571036137756851,-0.24610645081285984,0.8392068175992359,-1.0592456297688932,-0.12347826863806065,-2.358176015459592,1.0335199142556606,0.32682984346253174
0.3870472166998489,415,0,1,1.4211576077132406,0.46363726718422754,0.8805185476287389,0.16750780852743036,-0.4618395343280706,0.23613760782822601,-1.7252301294480124,-1.1485588921932128,-1.0143095069274886,0.32682984346253174
-0.017232122392111596,415,0,0,-0.5831425816831967,-0.3553174491554426,1.875017286030705,0.39967807674202716,-0.4117992900231742,-0.994279601135603,1.0132488583883568,0.3456740247829024,-1.0143095069274886,-1.1962329461814414
0.8671289318715518,415,0,0,-0.5831425816831967,0.28103249935173386,-0.16370512769332554,0.6728195687591997,0.8892470619041323,-0.5217993928934926,1.3232653475773797,0.27452007635546855,-0.6047436226908586,-0.4347015513594548
-2.089163735238409,408,0,0,-0.5831425816831967,0.32161133664784347,-0.16370512769332554,0.056300201063295495,0.33880437455027185,0.02155284658493414,0.23820763541579942,-0.5437503305600235,-0.6047436226908586,1.0883612382845183
0.008035336301135934,415,0,0,-0.5831425816831967,-1.1244708651771604,-0.5615046230541121,-0.023691235884590645,-0.16159806849869215,-2.905855776981807,-2.0352466186370357,0.45240494742405374,0.21438814578240092,-0.4347015513594548
0.2859773819268588,415,0,0,-0.5831425816831967,2.8762335936983923,-1.1582038660952918,0.22798913890266131,0.43888486316006464,1.2618133932204738,1.6332818367664026,0.8793286379886579,1.4430857984922902,0.32682984346253174
0.18490754715386862,415,0,0,-0.5831425816831967,2.066501340380565,-0.06425525385312891,0.3957760554274958,-0.3617590457182778,0.5570304159259922,0.4965547097399852,1.3418293027669796,1.8526516827289201,0.32682984346253174
-0.11830195716510171,510,0,1,0.7530575445810948,-0.1266003662137332,-0.7106794338144069,-1.3152602909943636,0.6390458403796503,1.1535366788316568,-1.570221884853501,-0.15240361420913565,-0.6047436226908586,-0.4347015513594548
-0.5983836723368048,408,0,1,0.6788242042330785,0.46732625239296516,-0.8101293076546036,0.003622913317126725,0.08860315302578986,0.37000700016349025,-0.1751476835028978,0.3812509989966199,0.21438814578240092,-1.1962329461814414
1.2208733535770175,510,0,0,-0.5831425816831967,-0.23911441508021936,-1.9538028568168646,0.3509028103103892,0.33880437455027185,0.14557890124848832,1.5816124219015655,-0.7216352016286087,0.6239540300190308,4.134486817572465
-0.5478487549503097,415,0,1,0.6788242042330785,-0.215136011223427,0.6816187999483457,0.8367044639695028,-0.3617590457182778,0.21645093248480474,0.7032323691993339,-0.4014424337051553,-1.0143095069274886,-0.4347015513594548
-0.32044162671108195,408,0,0,-0.5831425816831967,-2.10574093070127,-0.16370512769332554,-0.6363085822659634,-1.2124431989015165,0.6908998082612571,0.6515629543344966,1.270675354339546,-1.4238753911641184,0.32682984346253174
0.6144543449390766,510,0,0,-0.5831425816831967,-0.2022245629928468,-0.06425525385312891,-0.491933793628315,0.33880437455027185,0.8346125382682326,-0.4334947578270835,0.23894310214175163,1.0335199142556606,-1.1962329461814414
-1.4574772679072208,408,0,1,2.0150243304973703,0.38063509998763934,0.23409436766746095,0.8503615385703618,-0.6119602672427599,0.12392355837072448,-0.1751476835028978,0.48798192163777065,-0.19517773845422887,1.0883612382845183
-0.14356941585834926,408,0,0,-0.5831425816831967,0.19618583955077662,0.9302434845488372,-0.8528707652224359,-1.512684664730895,-0.38202399795520176,1.0132488583883568,1.3418293027669796,0.6239540300190308,-1.1962329461814414
0.10910517107412605,415,0,0,-0.5831425816831967,0.5816847938638199,-0.06425525385312891,-0.4704726763983944,-1.7128456419504805,0.40544301578164876,-0.22681709836773498,1.5908681222629986,1.0335199142556606,1.8498926331065049
1.2461408122702649,415,0,1,2.0150243304973703,-0.7371274182597487,-1.4068285506957834,2.57505495959308,3.4913397657587453,0.25385561563730524,0.23820763541579942,-0.508173356346306,-1.0143095069274886,0.32682984346253174
-0.6236511310300523,510,0,0,-0.5831425816831967,0.120561642771663,-0.21343006461342384,0.21043004298727155,-0.011477335584002954,0.5845917614067822,-0.02013943890838634,-0.7927891500560426,-0.19517773845422887,-1.1962329461814414
0.48811705147283896,408,1,0,-0.5831425816831967,0.006203101300808302,-1.4068285506957834,-0.601190390435184,-0.11155782419379576,-0.20287525233006837,-0.588503002421595,1.270675354339546,-1.0143095069274886,-0.4347015513594548
-0.5478487549503097,408,1,0,-0.5831425816831967,-1.4029892484368232,1.6761175383503117,2.311668520862235,0.5389653517698575,0.7676778421006001,1.2199265178477054,-0.6504812532011743,-0.19517773845422887,0.32682984346253174
-0.6994535071097949,510,0,1,1.4953909480612568,0.3437452479002668,0.33354424150765755,-1.2040526835302292,1.1394482834286144,-0.035538511910987634,1.9949677408202626,-0.508173356346306,-1.4238753911641184,0.32682984346253174
-0.2951741680178344,415,0,0,-0.5831425816831967,0.6167301533468239,-1.854352982976668,-0.47242368705565985,-1.4626444204259985,1.2145653723962633,1.3232653475773797,-0.4014424337051553,-1.4238753911641184,-0.4347015513594548
-2.038628817851914,415,0,0,-0.5831425816831967,0.19249685434203956,0.43299411534785415,1.1196010092730029,-0.8121212444623455,-0.38202399795520176,0.08319939082128797,-1.3975977116892322,0.6239540300190308,-1.1962329461814414
0.008035336301135934,415,0,1,1.8665576498013376,0.3787906073832708,0.3832691784277559,-0.23244937621200087,1.089408039123718,0.08258154014953993,-0.5368335875567578,1.8754839159727352,-0.19517773845422887,-1.1962329461814414
0.5386519688593341,415,1,0,-0.5831425816831967,0.9468943295288084,1.5766676645101152,0.8269494106831752,-0.06151757988889935,-0.3643059901461225,-2.241924278096384,0.27452007635546855,-1.0143095069274886,-1.1962329461814414
-0.5225812962570623,510,0,0,-0.5831425816831967,0.49314914885412603,-0.16370512769332554,-0.8957929996822771,-0.11155782419379576,1.2342520477396846,-0.9501889064754551,0.7725977153475072,3.0813493354388095,-1.1962329461814414
-0.7752558831895375,415,0,0,-0.5831425816831967,0.9819396890118124,-0.26315500153352217,2.001457826357017,0.5389653517698575,1.0767586449923139,0.18653822055096225,0.9504825864160924,1.0335199142556606,-1.1962329461814414
-1.5332796439869631,510,1,0,-0.5831425816831967,0.7606005764875771,-0.014530316933030606,1.265926808567917,0.28876413024537545,0.234168940293884,-0.33015592809740923,-1.362020737475515,-0.6047436226908586,-1.1962329461814414
0.33651229931335386,415,0,0,-0.5831425816831967,-0.19115760736663515,-0.21343006461342384,-0.993343532545553,-0.8621614887672419,-0.0788491976665142,0.9615794435235195,-2.0024062733224217,-0.19517773845422887,0.32682984346253174
0.43758213408634394,415,0,0,-0.5831425816831967,1.627512100540832,2.2230918444713934,2.2550892118015344,1.0393677948188216,0.15148490385151436,-0.4851641726919207,1.484137199621848,2.67178345120218,2.6114240279284915
0.589186886245829,510,0,0,-0.5831425816831967,-0.40696324207776435,-1.50627842453598,-1.3679375787405328,-1.0623224659868273,-0.14775256136848863,-0.12347826863806065,-0.2235575626365701,-0.19517773845422887,1.0883612382845183
-0.2951741680178344,510,0,0,-0.5831425816831967,-0.7684837925340152,-0.21343006461342384,-0.16026198189317692,-1.8629663748651697,1.0787273125266559,1.2715959327125426,0.27452007635546855,0.21438814578240092,-0.4347015513594548
-0.74998842449629,415,0,0,-0.5831425816831967,0.5835292864681884,-1.50627842453598,1.0122954231233994,1.089408039123718,0.4900957197583604,0.18653822055096225,0.7370207411337902,-0.6047436226908586,-1.1962329461814414
-1.331139974440983,510,0,0,-0.5831425816831967,2.2288166895650035,-0.31287993845362044,-1.319162312308895,0.13864339733068626,-0.06900585999480356,-0.33015592809740923,-1.0774049437657789,0.21438814578240092,0.32682984346253174
0.7660590970985618,415,0,1,1.1242242463211758,-0.1616457256967367,2.2230918444713934,0.7001337179609165,-0.3617590457182778,1.842570315851401,-0.02013943890838634,0.8793286379886579,-1.4238753911641184,-0.4347015513594548
-0.9268606353490226,415,0,1,1.4211576077132406,0.40092451863569467,0.03519461998706771,-1.1123551826387494,-0.5619200229378634,-0.9982169362042875,1.3749347624422168,0.7370207411337902,-0.6047436226908586,-0.4347015513594548
0.4123146753930964,415,1,1,1.0499909059731596,0.30316641060415717,-0.9095791814948001,2.378002883209262,-0.9122017330721383,0.4861583846896758,1.0132488583883568,-2.322599041245875,0.21438814578240092,-0.4347015513594548
-0.8763257179625276,415,1,0,-0.5831425816831967,0.5374169713589727,-0.8101293076546036,-0.5368070387454216,-0.6119602672427599,1.2559073906174472,0.34154646514547377,-0.6860582274148912,-0.6047436226908586,1.0883612382845183
-0.06776703977860665,415,0,0,-0.5831425816831967,0.6941988427303061,1.0296933583890338,2.001457826357017,-1.3625639318162057,-0.07491186259783017,-1.5185524699886637,0.7725977153475072,-1.0143095069274886,-1.1962329461814414
1.0945360601107799,415,0,0,-0.5831425816831967,-0.853330452334972,0.03519461998706771,1.0669237215268341,1.3396092606482,0.5452184107199396,-1.6735607145831752,0.48798192163777065,-1.0143095069274886,-1.1962329461814414
-0.04249958108535913,510,0,0,-0.5831425816831967,-0.6873261179417954,-0.5615046230541121,0.07190828632141986,-0.261678557108485,0.043208189462697416,0.7032323691993339,-0.4014424337051553,-1.4238753911641184,-1.1962329461814414
-0.6489185897232999,415,0,0,-0.5831425816831967,2.31550784197033,0.2838193045875593,-0.25000847212739064,0.7391263289894431,0.6790878030552044,0.8065711989290081,-0.6149042789874574,0.21438814578240092,-1.1962329461814414
-0.04249958108535913,408,0,1,0.827290884929111,-1.6944190799270662,0.13464449382726434,0.43284525791554074,-0.7120407558525527,-0.3662746576804645,0.5998935394696595,-1.0418279695520618,-0.19517773845422887,0.32682984346253174
-0.9521280940422702,408,1,1,0.9757575656251434,-0.517632798339882,-0.06425525385312891,-1.0343147563481287,-0.5619200229378634,0.18692091946967285,0.7032323691993339,-0.08124966578170181,-0.19517773845422887,-0.4347015513594548
0.36177975800660134,510,1,0,-0.5831425816831967,3.056993868926518,-0.9593041184148985,0.050447169091499273,0.28876413024537545,0.3266963144079637,0.34154646514547377,0.5591358700652052,1.4430857984922902,-0.4347015513594548
-1.9628264417721712,510,0,0,-0.5831425816831967,-1.225917958417435,-1.3073786768555868,-0.6246025183223699,-0.261678557108485,1.2204713749992888,1.3232653475773797,-1.18413586640693,-1.0143095069274886,-0.4347015513594548
1.5493503165892353,408,0,0,-0.5831425816831967,0.09104976110176506,0.8805185476287389,0.45235536448819597,-0.261678557108485,-0.40171067329862303,-0.9501889064754551,0.48798192163777065,-0.6047436226908586,-0.4347015513594548
-1.230070139667993,510,0,1,0.9015242252771272,-0.853330452334972,-1.854352982976668,-0.32609788776074594,1.1394482834286144,1.4173381284335014,0.34154646514547377,1.1639444316983945,-1.0143095069274886,-0.4347015513594548
3.5960144707422854,510,0,0,-0.5831425816831967,-1.5505486567863134,-0.41232981229381704,-0.7241040618429118,-1.8629663748651697,1.2460640529457365,0.9099100286586824,-1.2908667890480812,0.6239540300190308,0.32682984346253174
-1.5585471026802107,408,0,0,-0.5831425816831967,0.1408510614197178,0.4827190522679525,-1.6800992839030156,0.7891665732943395,-1.8939606643299547,-0.898519491610618,1.0572135090572432,0.21438814578240092,-0.4347015513594548
0.4628495927795915,415,0,0,-0.5831425816831967,-0.8514859597306034,0.08491955690716602,0.07385929697868528,-1.4626444204259985,-0.0788491976665142,0.1348688056861251,0.31009705056918546,1.0335199142556606,-0.4347015513594548
1.7514899861352156,510,1,0,-0.5831425816831967,1.4817971847957097,-1.6057282983761765,0.8620676025139548,1.089408039123718,-1.309266406630343,1.0649182732531939,-0.6504812532011743,-0.6047436226908586,1.0883612382845183
-0.1941043332448443,510,1,0,-0.5831425816831967,-0.20591354820158383,0.6816187999483457,1.4668809062662655,1.3396092606482,-0.09262987040690941,-2.7069490118799187,0.4168279732103368,-0.6047436226908586,-0.4347015513594548
0.5639194275525815,415,0,1,1.4211576077132406,0.7218662317958354,-1.0587539922550953,-0.729957093814708,-1.1123627102917237,-0.5336113980995453,0.8065711989290081,1.69759904490415,-1.4238753911641184,-1.1962329461814414
0.9176638492580469,415,0,0,-0.5831425816831967,-1.1908725989344309,1.4772177906699187,-1.2294158220746805,-0.8621614887672419,0.4546597041402019,-2.0352466186370357,-1.0418279695520618,-0.19517773845422887,1.0883612382845183
0.13437262976737357,415,0,0,-0.5831425816831967,0.13900656881534929,0.18436943074736264,0.9635201566917615,0.8392068175992359,-1.1025563155244198,-1.0018583213402923,0.27452007635546855,-0.6047436226908586,-0.4347015513594548
-0.24463925063133934,408,0,0,-0.5831425816831967,-0.8459524819174978,-1.2576537399354886,-0.1075846941470076,-0.6620005115476563,1.5669568610435034,-0.588503002421595,-1.5399056085441003,-1.0143095069274886,-1.1962329461814414
-1.1037328462017553,510,0,0,-0.5831425816831967,-0.5582116356359915,-0.014530316933030606,-0.011985171940997644,0.48892510746496104,0.6062471042845454,0.031529975956450816,0.594712844278922,-0.6047436226908586,0.32682984346253174
-2.1144311939316567,415,1,0,-0.5831425816831967,-0.3092051340462269,0.8805185476287389,0.5616119612950649,-0.4618395343280706,2.594601313970093,-0.33015592809740923,1.1995214059121113,-0.6047436226908586,-1.1962329461814414
-0.5731162136435572,408,0,0,-0.5831425816831967,-1.928669640681882,0.7810686737885423,0.9342549968327787,-0.6620005115476563,-0.49030071234401873,-0.898519491610618,-0.25913453685028703,0.6239540300190308,1.0883612382845183
0.08383771238087853,415,0,1,0.7530575445810948,0.04678193859691789,-1.7051781722163732,0.2494502561325819,-1.762885886255377,-0.15562723150585725,0.3932158800103109,1.1283674574846776,1.8526516827289201,0.32682984346253174
-1.3564074331342306,415,0,1,2.1634910111934027,-0.29629368581564675,-1.1582038660952918,0.0445941371197025,0.08860315302578986,0.6121531068875721,-0.6918418321512693,-0.8639430984834767,-0.19517773845422887,0.32682984346253174
1.3724781057365025,408,0,1,1.643857628757289,-0.9418660973446663,-0.7106794338144069,-0.24220442949832846,-0.4618395343280706,1.0531346345802086,-0.7951806618809436,-1.219712840620647,0.6239540300190308,-0.4347015513594548
1.0187336840310373,415,0,0,-0.5831425816831967,-0.9713779790145642,-0.11398019077322721,-0.40608932470863207,-1.913006619170066,-1.183271684432447,1.426604177307054,-0.7927891500560426,-1.0143095069274886,-0.4347015513594548
0.3112448406201063,510,0,0,-0.5831425816831967,0.5097495822934434,0.6318938630282475,1.0766787748131619,-1.012282221681931,0.1987329246757255,-0.6918418321512693,-0.11682663999541872,-1.4238753911641184,-0.4347015513594548
-0.017232122392111596,510,0,0,-0.5831425816831967,-1.338432007283921,-1.854352982976668,-1.8556902430569122,-1.662805397645584,0.8306752031995479,-1.3635442253941523,0.9149056122023754,-0.6047436226908586,1.8498926331065049
1.8020249035217104,408,0,0,-0.5831425816831967,0.44888132634927885,0.43299411534785415,0.6474564302147477,1.1394482834286144,-0.7915068450983642,-1.8285689591776866,2.6937543228882275,-0.19517773845422887,1.8498926331065049
-0.9773955527355177,415,1,0,-0.5831425816831967,-0.3663844047816548,-0.7106794338144069,-0.06466245968716641,-1.2124431989015165,-1.5612558510261354,0.23820763541579942,1.3062523285532628,0.6239540300190308,-1.1962329461814414
0.48811705147283896,415,0,0,-0.5831425816831967,-0.7795507481602268,-0.014530316933030606,0.22213610693086455,1.4396897492579928,-0.9490002478457343,-0.4334947578270835,0.09663520528688338,-1.0143095069274886,-0.4347015513594548
-0.9773955527355177,415,0,0,-0.5831425816831967,-1.0857365204854192,-1.50627842453598,2.075596231333107,-1.2124431989015165,0.0412395219283554,-0.07180885377322349,1.0216365348435261,0.6239540300190308,1.8498926331065049
-0.06776703977860665,510,0,0,-0.5831425816831967,1.693913834298102,0.9302434845488372,-0.20318421635301812,0.08860315302578986,1.6496408974858725,0.9099100286586824,0.31009705056918546,0.6239540300190308,1.8498926331065049
1.0187336840310373,408,0,0,-0.5831425816831967,-2.354747432291035,0.3832691784277559,-0.7572712430164253,-0.8621614887672419,0.4448163664684913,0.754901784064171,-0.045672691567984904,-0.6047436226908586,1.0883612382845183
0.6397218036323241,415,0,0,-0.5831425816831967,-1.3993002632280858,-0.36260487537371877,-1.4401249730593568,0.33880437455027185,2.527666617802461,-1.7768995443128495,1.484137199621848,-1.4238753911641184,-1.1962329461814414
0.968198766644542,415,0,0,-0.5831425816831967,-0.7647948073252782,0.13464449382726434,-0.7084959765847875,-0.011477335584002954,-1.2994230689586324,-1.931907788907361,-0.6860582274148912,-1.0143095069274886,-0.4347015513594548
1.5998852339757303,415,0,0,-0.5831425816831967,-1.037779712771835,-1.1084789291751935,-0.601190390435184,-0.7620810001574491,-0.6891361333125734,-1.1568665659348036,0.8793286379886579,-1.0143095069274886,-0.4347015513594548
1.0187336840310373,415,0,0,-0.5831425816831967,0.6923543501259375,0.4827190522679525,0.7937822295096616,0.5389653517698575,1.0354166267711293,0.1348688056861251,0.6302898184926389,0.6239540300190308,-1.1962329461814414
1.6504201513622254,408,0,0,-0.5831425816831967,0.03387049036633771,0.3832691784277559,1.0337565403533207,-2.3133285736092373,-1.744341931719953,-0.33015592809740923,0.48798192163777065,0.6239540300190308,-0.4347015513594548
1.5746177752824828,408,0,0,-0.5831425816831967,1.2567690870627375,-1.1582038660952918,1.3400652135440068,0.38884461885516824,-0.6615747878317835,-0.9501889064754551,-0.2235575626365701,1.0335199142556606,-1.1962329461814414
0.4628495927795915,408,0,1,1.198457586669192,0.6941988427303061,-0.31287993845362044,-1.2118567261592914,-2.41340906221903,-1.2128016974475788,-0.7951806618809436,0.3812509989966199,-0.19517773845422887,-1.1962329461814414
0.6397218036323241,415,0,0,-0.5831425816831967,-2.2385443982158115,-0.31287993845362044,-1.2118567261592914,0.8892470619041323,-1.2620183858061318,-0.4851641726919207,0.594712844278922,-1.4238753911641184,2.6114240279284915
-0.1941043332448443,415,1,1,0.9015242252771272,0.14638453923282388,0.4827190522679525,-0.6050924117497147,-0.3117188014133814,-0.5040813850844134,1.3749347624422168,0.6658667927063558,-0.19517773845422887,-0.4347015513594548
0.008035336301135934,510,0,0,-0.5831425816831967,-3.3120390939583526,-4.9870240089428615,-0.17001703517950453,0.9392873062090287,-0.6320447748166516,-0.27848651323257206,-1.0774049437657789,-0.19517773845422887,-0.4347015513594548
-0.37097654409757697,415,0,0,-0.5831425816831967,-0.7961511815995446,0.18436943074736264,0.0328880731761095,0.48892510746496104,0.5865604289411241,-0.7435112470161065,0.45240494742405374,-1.4238753911641184,1.0883612382845183
-1.5332796439869631,510,0,0,-0.5831425816831967,-0.181935144344792,0.731343736868444,-1.159179438413122,1.1394482834286144,1.0255732890994187,0.754901784064171,0.09663520528688338,-0.6047436226908586,1.8498926331065049
-1.6090820200667058,510,1,0,-0.5831425816831967,-0.12291138100499562,0.9302434845488372,-0.34755900499066655,-0.7120407558525527,0.501907724964413,-0.02013943890838634,-0.15240361420913565,-1.4238753911641184,-1.1962329461814414
0.05857025368763099,510,0,0,-0.5831425816831967,0.4968381340628631,1.228593106069427,-0.4021873033941013,0.6390458403796503,0.38772500797256954,-0.27848651323257206,0.7014437669200727,-0.19517773845422887,1.0883612382845183
1.4988153992027402,415,0,0,-0.5831425816831967,-0.09708848454383473,0.23409436766746095,-0.5758272518907319,0.33880437455027185,0.3916623430412541,1.5816124219015655,-0.6860582274148912,-1.0143095069274886,-1.1962329461814414
0.968198766644542,415,1,0,-0.5831425816831967,-0.33318353790301924,1.0296933583890338,-0.15440894992138016,1.8400117036971642,-0.6418881124883622,-0.22681709836773498,0.3456740247829024,3.4909152196754394,-1.1962329461814414
0.8165940144850569,510,0,0,-0.5831425816831967,1.221723727579734,0.08491955690716602,1.2464167019952617,-0.511879778632967,-1.7561539369260057,0.1348688056861251,0.3456740247829024,1.0335199142556606,-1.1962329461814414
1.0945360601107799,510,0,1,2.2377243515414187,-1.3753218593712937,-0.7106794338144069,-1.5415775272371637,1.1394482834286144,0.40544301578164876,1.116587688118031,-2.322599041245875,-0.19517773845422887,-1.1962329461814414
-0.5731162136435572,408,0,0,-0.5831425816831967,-1.7073305281576467,0.08491955690716602,-0.14075187532052175,-1.8129261305602733,0.09636221288993516,1.0132488583883568,0.27452007635546855,0.21438814578240092,-1.1962329461814414
0.43758213408634394,408,0,0,-0.5831425816831967,0.17036294308961625,-2.0035277937369633,0.32358866110867185,-1.8129261305602733,0.3778816703008589,-0.02013943890838634,-0.7216352016286087,1.0335199142556606,1.8498926331065049
1.9030947382947005,415,0,0,-0.5831425816831967,1.3157928504025338,0.3832691784277559,-0.5738762412334666,-0.011477335584002954,-1.0297156167537613,-0.7951806618809436,-0.2235575626365701,0.6239540300190308,0.32682984346253174
0.4628495927795915,415,0,1,1.569624288409273,-1.1392268060121093,-1.7051781722163732,1.092286860071286,0.6890860846845467,-1.0494022920971826,-1.260205395664478,-0.9350970469109109,-0.6047436226908586,1.0883612382845183
-0.5478487549503097,415,0,0,-0.5831425816831967,-0.41803019770397604,0.43299411534785415,-1.5337734846081017,-0.6620005115476563,-0.23240526534520028,0.1348688056861251,0.3812509989966199,0.21438814578240092,1.0883612382845183
0.7913265557918093,510,0,0,-0.5831425816831967,-1.4767689526115682,0.4827190522679525,-1.399153749256781,-1.012282221681931,-1.492352487324161,1.2199265178477054,-0.1879805884228532,-0.6047436226908586,-1.1962329461814414
0.48811705147283896,510,0,0,-0.5831425816831967,-0.8256630632694425,-0.31287993845362044,0.06410424369235769,0.28876413024537545,0.7381478290854683,0.44488529487514805,-1.255289814834364,1.4430857984922902,-0.4347015513594548
-0.34570908540432943,510,0,0,-0.5831425816831967,0.8048683989924237,0.43299411534785415,-1.430369919773029,-0.7120407558525527,1.7401996040656107,-0.898519491610618,1.5197141738355648,-0.19517773845422887,1.0883612382845183
1.145070977497275,408,0,1,1.1242242463211758,-0.552678157822886,-0.21343006461342384,0.760615048336148,1.1894885277335108,1.8228836405079798,1.788290081360914,-1.0062509953383447,-0.19517773845422887,0.32682984346253174
-2.518710533023617,415,0,1,1.643857628757289,0.06522686464060418,-0.26315500153352217,0.6201422810130304,0.48892510746496104,0.9330459149853388,0.4965547097399852,-0.6504812532011743,-1.0143095069274886,-1.1962329461814414
-2.4681756156371217,408,0,0,-0.5831425816831967,-0.7481943738859604,-0.06425525385312891,0.9732752099780891,0.38884461885516824,1.6791709105010044,-0.6918418321512693,-1.4687516601166664,-0.6047436226908586,1.8498926331065049
1.8020249035217104,408,0,0,-0.5831425816831967,1.9834991731839773,0.3832691784277559,-0.43730549522488027,1.2395287720384072,-0.9391569101740237,-0.12347826863806065,1.484137199621848,-1.0143095069274886,1.0883612382845183
1.0692686014175323,510,0,0,-0.5831425816831967,-1.2812527365484938,0.6318938630282475,-0.6207004970078391,-2.0631273520847553,-0.6733867930378367,-0.33015592809740923,-0.3658654594914384,-1.0143095069274886,-0.4347015513594548
0.36177975800660134,510,1,0,-0.5831425816831967,1.3231708208200084,-1.5560033614560782,1.0083934018088687,-0.21163831280358855,-1.6262218796594254,0.5998935394696595,-0.11682663999541872,-1.4238753911641184,1.0883612382845183
-1.230070139667993,408,0,0,-0.5831425816831967,0.2275422138250436,0.3832691784277559,1.3459182455158036,-0.21163831280358855,0.7066491485359944,-0.6918418321512693,-0.8639430984834767,0.21438814578240092,1.0883612382845183
0.48811705147283896,510,0,0,-0.5831425816831967,0.35481220352647896,-2.2024275414173564,0.5713670145813925,-1.3625639318162057,-1.5966918666442937,-1.0018583213402923,-0.11682663999541872,-0.6047436226908586,0.32682984346253174
-0.21937179193809184,415,1,0,-0.5831425816831967,-0.11922239579625857,1.9744671598709016,0.7703701016224757,0.23872388594047905,0.6357771172996773,0.8582406137938453,-0.43701940791887217,0.21438814578240092,-0.4347015513594548
-0.5983836723368048,415,0,1,1.8665576498013376,-0.6744146697112153,0.03519461998706771,0.22213610693086455,0.08860315302578986,-1.8900233292612703,1.0132488583883568,1.8043299675453015,-0.19517773845422887,2.6114240279284915
0.2859773819268588,415,0,0,-0.5831425816831967,-0.22066948903653308,-0.014530316933030606,-0.9035970423113393,-0.511879778632967,1.584674868852582,0.34154646514547377,2.5158694518196425,-0.6047436226908586,0.32682984346253174
0.6649892623255717,415,1,0,-0.5831425816831967,1.4190844362471768,-0.6609544968943086,0.415286162000151,0.03856290872089345,-0.8702535464720493,1.116587688118031,0.9860595606298093,-0.6047436226908586,-0.4347015513594548
0.3870472166998489,415,0,0,-0.5831425816831967,-2.137097304975537,0.03519461998706771,-0.09782964086068,-0.261678557108485,0.18101491686664625,-0.6918418321512693,-0.08124966578170181,0.6239540300190308,-0.4347015513594548
2.054699490454186,415,0,0,-0.5831425816831967,-2.037494704339631,0.6816187999483457,0.5752690358959238,0.43888486316006464,1.0984139878700772,-0.22681709836773498,-1.326443763261798,-0.19517773845422887,-1.1962329461814414
0.4628495927795915,510,0,0,-0.5831425816831967,-0.823818570665074,-1.50627842453598,0.20847903233000614,-1.3125236875113093,-0.24421727055125292,0.23820763541579942,0.3812509989966199,0.6239540300190308,-0.4347015513594548
-2.215501028704647,415,0,0,-0.5831425816831967,-0.6725701771068467,1.9247422229508033,0.7567130270216167,-0.6119602672427599,0.4093803508503328,1.1682571029828681,-1.112981917979496,0.21438814578240092,0.32682984346253174
0.08383771238087853,415,0,1,1.1242242463211758,1.8562291834825413,1.7755674121905083,0.3840699914839028,-0.4117992900231742,-1.2600497182717898,0.08319939082128797,1.0927904832709607,-0.6047436226908586,1.8498926331065049
-0.9268606353490226,415,0,1,2.6088910532815,-1.1281598503858976,-0.014530316933030606,-1.1065021506669532,0.38884461885516824,-0.8426922009912594,-0.4851641726919207,-0.6149042789874574,0.6239540300190308,-0.4347015513594548
-0.09303449847185417,510,1,0,-0.5831425816831967,1.057563885790926,0.33354424150765755,-0.8431157119361083,0.23872388594047905,0.7893331849783634,1.0132488583883568,-1.0418279695520618,-1.0143095069274886,-1.1962329461814414
-1.1290003048950028,415,0,0,-0.5831425816831967,-0.31842759706807006,-0.06425525385312891,-1.0089516178036773,-1.1123627102917237,1.074789977457972,0.754901784064171,1.6264450964767163,-1.4238753911641184,1.8498926331065049
1.0945360601107799,415,0,0,-0.5831425816831967,-0.038064721204038865,-0.36260487537371877,1.689296121194534,-1.262483443206413,-0.40171067329862303,0.9099100286586824,0.594712844278922,-0.6047436226908586,0.32682984346253174
1.145070977497275,415,1,0,-0.5831425816831967,-1.2628078105048075,1.2783180429895253,2.196558892083569,-0.261678557108485,0.2912602987898052,-0.9501889064754551,0.09663520528688338,0.6239540300190308,-0.4347015513594548
-0.7247209658030425,415,0,0,-0.5831425816831967,-0.0749545732914114,0.13464449382726434,-1.336721408224284,0.9893275505139251,0.8267378681308639,-0.22681709836773498,0.5591358700652052,-0.6047436226908586,-0.4347015513594548
-0.06776703977860665,415,1,0,-0.5831425816831967,-3.0814775184122745,-1.655453235296275,1.0883848387567554,-0.511879778632967,-0.6202327696105989,-0.6401724172864321,-0.8995200726971936,1.8526516827289201,-0.4347015513594548
-0.9268606353490226,415,0,0,-0.5831425816831967,0.2699655437255217,2.32254171831159,-0.5348560280881561,-0.6620005115476563,1.3346540919911323,0.7032323691993339,-1.6822135053989684,-1.0143095069274886,0.32682984346253174
0.7155241797120667,415,0,0,-0.5831425816831967,-0.7703282851383837,0.9799684214689356,0.4874735563189755,0.48892510746496104,-1.0966503129213938,-0.27848651323257206,-0.010095717354267989,0.6239540300190308,-0.4347015513594548
-0.4973138375638146,415,1,0,-0.5831425816831967,-0.556367143031623,-1.6057282983761765,-0.564121187947139,-0.11155782419379576,0.2676362883776999,-0.1751476835028978,2.7293312971019437,-0.6047436226908586,1.0883612382845183
0.3112448406201063,415,0,0,-0.5831425816831967,1.7068252825286832,0.5324439891880508,1.3205551069713515,0.8892470619041323,0.25385561563730524,0.23820763541579942,-0.6149042789874574,2.26221756696555,-0.4347015513594548
0.7913265557918093,415,0,1,1.2726909270172082,-1.2240734658130663,-0.21343006461342384,1.3478692561730683,0.33880437455027185,0.5550617483916502,-0.6918418321512693,-1.112981917979496,1.0335199142556606,0.32682984346253174
-0.04249958108535913,510,0,0,-0.5831425816831967,0.6941988427303061,0.5821689261081491,0.8952347836874683,-0.5619200229378634,0.49600172236138645,-0.588503002421595,1.9822148386138867,1.0335199142556606,1.0883612382845183
-0.04249958108535913,415,0,1,1.7180909691053052,1.1903673533054668,-1.4565534876158817,0.050447169091499273,-2.1131675963896517,0.6515264575744145,0.754901784064171,-0.8995200726971936,-0.19517773845422887,1.0883612382845183
0.33651229931335386,415,0,0,-0.5831425816831967,0.15191801704592997,0.43299411534785415,-0.9016460316540739,-0.16159806849869215,0.2558242831716473,0.08319939082128797,-0.045672691567984904,-0.6047436226908586,0.32682984346253174
-0.8257908005760325,510,0,0,-0.5831425816831967,-0.1266003662137332,-0.26315500153352217,-1.2040526835302292,-0.511879778632967,-0.5237680604278346,-0.07180885377322349,0.5235588958514875,-1.4238753911641184,0.32682984346253174
2.6105835817056313,415,0,0,-0.5831425816831967,-0.09708848454383473,-0.7604043707345053,1.0396095723251169,-0.261678557108485,-0.4824260422066501,-0.22681709836773498,-1.5399056085441003,-0.6047436226908586,3.372955422750478
0.5386519688593341,415,0,0,-0.5831425816831967,0.9764062111987063,-0.21343006461342384,0.09141839289407505,0.9893275505139251,0.2518869481029627,-0.4851641726919207,0.594712844278922,-1.0143095069274886,-1.1962329461814414
-0.5478487549503097,415,0,0,-0.5831425816831967,-2.5391966927278977,1.1788681691493288,0.19872397904367856,-0.261678557108485,0.7283044914137576,-2.3452631078260584,0.4168279732103368,0.21438814578240092,-0.4347015513594548
1.0440011427242848,510,0,1,1.0499909059731596,0.8270023102448475,0.6816187999483457,-1.0694329481789082,0.28876413024537545,0.797207855115732,-0.12347826863806065,-0.508173356346306,-1.0143095069274886,-0.4347015513594548
-0.4973138375638146,415,0,1,1.7180909691053052,0.5687733456332397,-0.014530316933030606,0.4816205243471787,-0.16159806849869215,-0.6340134423509941,1.0132488583883568,-0.1879805884228532,-0.19517773845422887,-1.1962329461814414
-1.2048026809747454,415,0,0,-0.5831425816831967,0.09658323891487115,-0.11398019077322721,0.3040785545360167,1.2395287720384072,-1.1773656818294207,0.8065711989290081,2.907216168170529,-0.6047436226908586,0.32682984346253174
0.4628495927795915,408,0,0,-0.5831425816831967,-0.7611058221165405,-0.5615046230541121,-0.5914353371488563,-1.1123627102917237,1.24015805034271,-0.12347826863806065,1.1639444316983945,0.6239540300190308,1.0883612382845183
0.43758213408634394,415,0,0,-0.5831425816831967,-0.4604535276044547,0.5821689261081491,-0.32414687710348056,0.23872388594047905,0.3247276468736217,0.08319939082128797,0.843751663774941,0.21438814578240092,0.32682984346253174
0.5639194275525815,415,0,0,-0.5831425816831967,-1.0396242053762035,0.18436943074736264,-0.2109882589820803,0.8392068175992359,-0.6025147618015196,-0.27848651323257206,0.9504825864160924,0.21438814578240092,1.8498926331065049
1.5493503165892353,510,0,1,2.8315910743255484,0.8362247732666906,-0.16370512769332554,-0.24610645081285984,-0.8121212444623455,1.0570719696488926,-2.0352466186370357,0.6658667927063558,-1.0143095069274886,-1.1962329461814414
-1.0531979288152602,510,1,1,1.7180909691053052,0.8380692658710592,-1.1084789291751935,-0.18562512043762833,-1.0623224659868273,0.5078137275674391,-1.1051971510699665,-0.4014424337051553,-0.6047436226908586,-0.4347015513594548
0.26070992323361125,510,0,0,-0.5831425816831967,0.323455829252212,0.8307936107086407,0.5264937694642858,1.3896495049530964,0.2577929507059893,0.031529975956450816,-0.3302884852777208,2.67178345120218,-1.1962329461814414
0.26070992323361125,415,0,0,-0.5831425816831967,0.7864234729487374,-0.21343006461342384,-0.7475161897300978,0.5389653517698575,-0.31508930178756933,1.0132488583883568,0.594712844278922,1.0335199142556606,1.8498926331065049
-2.518710533023617,408,0,1,1.3469242673652244,0.5245055231283925,0.731343736868444,-0.30853879184535615,0.6390458403796503,-0.45683336426020277,2.253314815144448,-0.7572121758423257,1.8526516827289201,-0.4347015513594548
0.08383771238087853,408,0,0,-0.5831425816831967,1.8230283166039059,0.2838193045875593,-2.337589875401495,0.6390458403796503,-0.7422901567398111,1.8916289110905884,-0.15240361420913565,0.21438814578240092,-0.4347015513594548
-0.74998842449629,510,1,0,-0.5831425816831967,0.120561642771663,0.6816187999483457,-0.04320134245724583,1.9901324366118534,0.11014288563032981,-1.0535277362051294,1.270675354339546,0.21438814578240092,1.8498926331065049
-1.6090820200667058,415,0,0,-0.5831425816831967,0.9985401224511296,0.6816187999483457,0.1382426486684476,0.43888486316006464,0.23220027275954142,0.031529975956450816,0.6302898184926389,-1.0143095069274886,0.32682984346253174
-0.34570908540432943,415,0,0,-0.5831425816831967,-0.20960253341032142,-0.41232981229381704,0.4660124390890544,-0.011477335584002954,-0.6182641020762569,-0.07180885377322349,0.9504825864160924,-0.6047436226908586,-0.4347015513594548
-0.8257908005760325,510,0,1,1.643857628757289,-1.0451576831893092,-0.36260487537371877,0.6377013769284202,-0.4618395343280706,-0.027663841773619018,2.253314815144448,-0.2235575626365701,-1.0143095069274886,0.32682984346253174
-0.5983836723368048,510,0,0,-0.5831425816831967,0.18327439132019643,0.5821689261081491,0.12068355275305782,-0.261678557108485,0.2597616182403313,-0.4851641726919207,-0.3658654594914384,1.0335199142556606,-1.1962329461814414
0.008035336301135934,408,0,1,0.6045908638850624,-1.1189373873640545,0.5821689261081491,0.5362488227506135,-0.16159806849869215,-0.4095853434359916,0.5482241246048224,-0.7216352016286087,0.21438814578240092,0.32682984346253174
0.5639194275525815,415,0,0,-0.5831425816831967,0.5798403012594514,-0.41232981229381704,0.31578461847960965,0.08860315302578986,0.2735422909807265,0.18653822055096225,-0.15240361420913565,1.0335199142556606,1.0883612382845183
-1.2048026809747454,415,0,0,-0.5831425816831967,-0.19853557778410924,-0.16370512769332554,0.380167970169372,-0.6620005115476563,-0.9175015672962599,0.6515629543344966,0.23894310214175163,-1.0143095069274886,-1.1962329461814414
0.7913265557918093,408,0,0,-0.5831425816831967,0.28656597716483945,-0.014530316933030606,-1.0148046497754735,-0.261678557108485,0.46450304181191254,0.8582406137938453,-1.255289814834364,-1.0143095069274886,-1.1962329461814414
1.7009550687487205,408,0,0,-0.5831425816831967,-0.9363326195315602,-0.21343006461342384,-1.8712983283150362,-1.4626444204259985,-1.1773656818294207,1.426604177307054,0.3456740247829024,-1.0143095069274886,-0.4347015513594548
1.19560589488377,415,0,1,1.3469242673652244,-0.38482933082534104,-0.46205474921391537,-0.7865364028754082,1.3396092606482,0.34244565468270094,-0.6401724172864321,-0.11682663999541872,-0.6047436226908586,-0.4347015513594548
-0.3962440027908245,510,0,0,-0.5831425816831967,0.6038187051162437,0.33354424150765755,0.5381998334078789,0.13864339733068626,-0.7403214892054686,0.8065711989290081,-0.8995200726971936,-0.6047436226908586,-1.1962329461814414
-1.230070139667993,415,0,1,1.7923243094533214,-0.9123542156747684,-1.6057282983761765,0.904989836973796,-1.1624029545966201,1.7421682715999522,-0.6918418321512693,1.1639444316983945,0.21438814578240092,0.32682984346253174
0.7913265557918093,408,0,0,-0.5831425816831967,0.6462420350167218,-1.1084789291751935,0.9927853165507443,-0.11155782419379576,0.7853958499096794,-0.6401724172864321,1.3062523285532628,-1.0143095069274886,-1.1962329461814414
-0.04249958108535913,415,0,0,-0.5831425816831967,-0.10077746975257229,0.08491955690716602,-1.9844569464364366,0.8892470619041323,0.21054492988177814,1.3232653475773797,-0.8995200726971936,-1.0143095069274886,0.32682984346253174
-0.21937179193809184,510,1,0,-0.5831425816831967,1.3416157468636947,0.9799684214689356,0.12068355275305782,0.5890055960747539,1.647672229951531,-0.27848651323257206,0.6302898184926389,0.21438814578240092,1.0883612382845183
0.3112448406201063,510,0,0,-0.5831425816831967,-1.6040389423130037,-0.7604043707345053,-0.4529135804830046,-0.4117992900231742,-0.809224852907443,-1.4668830551238266,1.484137199621848,-0.19517773845422887,1.0883612382845183
-1.3564074331342306,415,0,0,-0.5831425816831967,-0.44754207937387397,0.7810686737885423,-0.24610645081285984,-0.7620810001574491,0.907453237038891,-1.4152136402589894,0.7370207411337902,-0.19517773845422887,1.0883612382845183
-1.7859542309194385,415,0,0,-0.5831425816831967,1.251235609249632,0.33354424150765755,-0.48608076165651826,-1.2124431989015165,1.7027949209131097,-0.5368335875567578,0.3812509989966199,-1.0143095069274886,-1.1962329461814414
-0.85105825926928,415,0,0,-0.5831425816831967,-1.181650135912588,-1.50627842453598,1.0025403698370718,2.1402531695265425,0.15739090645454096,-0.4851641726919207,-0.9706740211246278,0.6239540300190308,-1.1962329461814414
0.36177975800660134,415,0,0,-0.5831425816831967,-0.8773088561917644,-0.5117796861340137,-0.06466245968716641,-1.262483443206413,-0.4942380474127027,0.7032323691993339,-3.6389470871534053,-1.833441275400748,1.0883612382845183
-0.7752558831895375,415,0,0,-0.5831425816831967,-0.03990921380840739,1.228593106069427,0.49527759894803713,0.18868364163558266,1.047228631977182,-1.4668830551238266,0.23894310214175163,-0.19517773845422887,-1.1962329461814414
-0.06776703977860665,408,0,0,-0.5831425816831967,-0.8016846594126507,-0.9095791814948001,-0.8684788504805597,0.8892470619041323,-0.8289115282508642,-0.898519491610618,-0.045672691567984904,0.21438814578240092,0.32682984346253174
-0.1688368745515968,510,0,0,-0.5831425816831967,0.20356380996825124,0.3832691784277559,-0.9465192767711804,-0.261678557108485,-1.1064936505931044,-0.1751476835028978,-0.9706740211246278,0.21438814578240092,-0.4347015513594548
1.0187336840310373,415,0,1,1.4953909480612568,0.5042161044803377,1.2783180429895253,1.2405636700234648,1.2895690163433036,-0.5729847487863878,1.2199265178477054,-0.3302884852777208,2.67178345120218,0.32682984346253174
-0.74998842449629,415,1,0,-0.5831425816831967,-0.025153272973458676,0.6318938630282475,-0.6441126248950251,-0.3117188014133814,-0.3702119927491491,0.5482241246048224,1.1995214059121113,-0.6047436226908586,1.0883612382845183
-0.37097654409757697,510,0,0,-0.5831425816831967,0.2017193173638827,0.731343736868444,-0.4138933673376943,1.4897299935628892,1.1338500034882357,-0.588503002421595,-0.045672691567984904,0.21438814578240092,1.0883612382845183
1.1703384361905225,415,0,1,2.0150243304973703,0.32714481446094956,1.6761175383503117,-1.1650324703849189,-0.06151757988889935,0.22038826755348878,-0.5368335875567578,-0.045672691567984904,-0.19517773845422887,0.32682984346253174
1.776757444828463,415,0,0,-0.5831425816831967,-0.7758617629514898,0.4827190522679525,-0.052956395743573415,0.43888486316006464,1.8071343002332425,1.5816124219015655,1.0927904832709607,0.21438814578240092,0.32682984346253174
-0.1941043332448443,408,0,0,-0.5831425816831967,-0.004863854325403358,-0.36260487537371877,-0.2344003868692663,-1.762885886255377,1.0295106241681027,-0.6401724172864321,0.6658667927063558,0.21438814578240092,-0.4347015513594548
-0.5225812962570623,415,0,0,-0.5831425816831967,0.34190075529589825,2.968965898272868,-0.8606748078514981,-0.6620005115476563,-0.3702119927491491,-1.260205395664478,-0.3302884852777208,-0.6047436226908586,1.0883612382845183
0.5639194275525815,415,0,1,1.9407909901493539,2.317352334574698,-1.009029055334997,-0.8645768291660288,0.43888486316006464,1.5571135233717928,-1.0018583213402923,1.0572135090572432,1.0335199142556606,-0.4347015513594548
0.48811705147283896,415,0,0,-0.5831425816831967,0.09104976110176506,0.13464449382726434,0.15970376589836818,-0.7120407558525527,-0.6143267670075729,-1.570221884853501,-0.010095717354267989,0.6239540300190308,0.32682984346253174
-0.7752558831895375,510,0,0,-0.5831425816831967,-0.9824449346407761,-0.06425525385312891,-1.155277417098591,0.28876413024537545,1.0826646475953405,-0.22681709836773498,-0.2235575626365701,-1.0143095069274886,-1.1962329461814414
1.726222527441968,408,0,0,-0.5831425816831967,-0.6836371327330584,-0.9095791814948001,0.5967301531258444,0.48892510746496104,-1.3722637677292915,-1.7252301294480124,-0.08124966578170181,-0.19517773845422887,0.32682984346253174
-1.5838145613734582,408,0,0,-0.5831425816831967,-0.8920647970267135,-0.11398019077322721,-0.7397121471010356,-0.16159806849869215,-0.8249741931821802,0.2898770502806366,-0.7216352016286087,0.6239540300190308,0.32682984346253174
0.33651229931335386,510,0,0,-0.5831425816831967,0.18880786913330252,0.03519461998706771,-1.0362657670053947,-1.012282221681931,-0.5552667409773091,1.0649182732531939,0.13221217950060027,0.21438814578240092,-0.4347015513594548
3.14120021426383,415,0,0,-0.5831425816831967,-0.2612483263326427,0.2838193045875593,1.4220076611491583,0.43888486316006464,0.17904624933230423,-0.3818253429622464,-0.5437503305600235,-0.6047436226908586,-1.1962329461814414
-0.1688368745515968,415,0,0,-0.5831425816831967,0.7606005764875771,0.5324439891880508,-0.8704298611378256,-1.662805397645584,-0.25602927575730555,-0.588503002421595,0.09663520528688338,-0.19517773845422887,0.32682984346253174
1.0187336840310373,415,0,1,1.7923243094533214,2.6346050625261017,-0.41232981229381704,1.6073536735893825,0.33880437455027185,0.16920291166059362,0.5482241246048224,-1.255289814834364,-0.6047436226908586,-0.4347015513594548
1.4735479405094927,510,0,0,-0.5831425816831967,-1.1945615841431683,-0.11398019077322721,-0.16026198189317692,0.03856290872089345,1.1436933411599461,0.3932158800103109,0.7014437669200727,0.21438814578240092,-1.1962329461814414
0.3870472166998489,408,0,0,-0.5831425816831967,0.3382117700871612,-0.8101293076546036,-0.6382595929232289,0.6390458403796503,0.7657091745662581,2.3049842300092855,0.6302898184926389,0.6239540300190308,-0.4347015513594548
0.2859773819268588,415,0,0,-0.5831425816831967,-1.2480518696698584,-0.41232981229381704,-1.6937563585038742,2.1402531695265425,-1.0651516323719192,-1.1051971510699665,1.3774062769806965,-0.6047436226908586,2.6114240279284915
-0.6236511310300523,415,0,0,-0.5831425816831967,-0.6615032214806351,-2.2521524783374547,-0.540709060059953,0.38884461885516824,0.7519285018258629,-0.27848651323257206,-1.5754825827578174,0.6239540300190308,-0.4347015513594548
-0.7752558831895375,408,0,0,-0.5831425816831967,-0.17271268132294887,-0.11398019077322721,-0.8899399677104809,0.08860315302578986,0.5452184107199396,-1.260205395664478,1.69759904490415,-1.0143095069274886,-0.4347015513594548
-1.0026630114287651,510,0,1,1.4211576077132406,0.14638453923282388,1.1788681691493288,-1.0577268842353154,0.13864339733068626,0.48812705222401787,1.478273592171891,-1.362020737475515,0.6239540300190308,1.8498926331065049
-1.5080121852937156,510,0,1,1.9407909901493539,0.27365452893425923,-1.854352982976668,1.0552176575832413,0.48892510746496104,-0.8013501827700749,0.754901784064171,2.480292477605925,1.8526516827289201,0.32682984346253174
-0.11830195716510171,415,1,0,-0.5831425816831967,0.38801307040511396,0.8307936107086407,1.7302673449971104,0.9893275505139251,-2.019955386527851,-0.27848651323257206,0.3456740247829024,0.21438814578240092,0.32682984346253174
0.6144543449390766,510,0,1,1.9407909901493539,1.638579056167043,0.5821689261081491,0.4172371726574164,0.38884461885516824,-1.6400025523998205,0.08319939082128797,0.025481256859449554,-0.6047436226908586,-1.1962329461814414
